1.000000,1929.000000,0.000000
2.000000,8096.128264,-24.966349
3.000000,8149.746695,-51.147306
4.000000,8248.552683,-79.425648
5.000000,8394.532062,-102.848916
6.000000,8585.749415,-126.287943
7.000000,8826.404280,-165.442333
8.000000,9139.735155,-196.178225
9.000000,9523.644928,-235.935744
10.000000,10008.251907,-274.115830
11.000000,10606.181251,-328.246466
12.000000,11350.865970,-385.215468
13.000000,12297.834902,-451.076467
14.000000,13528.552370,-543.640931
15.000000,15162.793301,-650.880613
16.000000,17428.529104,-802.262207
17.000000,20735.574301,-1018.809568
18.000000,25984.456651,-1357.643369
19.000000,35518.927273,-1964.223521
20.000000,58015.844245,-3389.240384
21.000000,174479.845834,-10723.131572
22.000000,-157193.591320,10142.751804
23.000000,-52516.177692,3551.288350
24.000000,-30951.458385,2186.207887
25.000000,-21663.711879,1596.957528
26.000000,-16502.485959,1266.103589
27.000000,-13223.582791,1054.374295
28.000000,-10963.773041,907.006215
29.000000,-9309.244478,803.109447
30.000000,-8054.490330,714.297311
31.000000,-7065.056513,651.659423
32.000000,-6267.968346,598.464392
33.000000,-5618.060773,548.725718
34.000000,-5078.703138,515.717438
35.000000,-4616.303016,480.830238
36.000000,-4224.929881,456.236760
37.000000,-3879.392507,422.479693
38.000000,-3580.736109,405.391395
39.000000,-3321.564618,390.058331
40.000000,-3090.163520,370.407857
41.000000,-2879.409578,353.019206
42.000000,-2698.757181,339.002577
43.000000,-2529.035952,325.317292
44.000000,-2384.026005,312.950433
45.000000,-2249.179631,299.480205
46.000000,-2122.294655,292.382852
47.000000,-2008.752677,288.561447
48.000000,-1912.072201,272.498391
49.000000,-1813.607327,266.839104
50.000000,-1728.553600,257.271642
51.000000,-1641.532152,253.819693
52.000000,-1564.680117,241.822658
53.000000,-1496.821332,236.347965
54.000000,-1433.230787,234.684069
55.000000,-1371.746586,223.156379
56.000000,-1316.740145,222.617436
57.000000,-1262.028661,216.997982
58.000000,-1213.888250,212.061818
59.000000,-1168.873392,206.754672
60.000000,-1127.115105,203.290015
61.000000,-1093.990349,197.759516
62.000000,-1099.159780,201.787890
63.000000,-950.064926,181.531320
64.000000,-945.658656,184.099388
65.000000,-919.866044,179.253764
66.000000,-892.394498,177.023367
67.000000,-864.908728,173.158574
68.000000,-837.342345,169.533175
69.000000,-814.002975,166.510220
70.000000,-786.299823,168.075812
71.000000,-765.848182,160.399810
72.000000,-740.730393,161.012957
73.000000,-716.256801,159.129901
74.000000,-698.277692,152.038974
75.000000,-682.927243,155.124069
76.000000,-662.607178,150.358871
77.000000,-647.029468,152.330894
78.000000,-626.324972,140.584886
79.000000,-607.624202,142.674492
80.000000,-593.210612,145.228581
81.000000,-578.166460,141.398892
82.000000,-558.746795,137.330483
83.000000,-548.131225,136.268341
84.000000,-530.665941,133.427763
85.000000,-522.356829,131.948051
86.000000,-511.503541,127.879445
87.000000,-496.138889,128.763447
88.000000,-483.206395,133.038825
89.000000,-480.100934,125.401656
90.000000,-466.334330,126.010335
91.000000,-459.431012,123.081691
92.000000,-443.571567,124.842942
93.000000,-432.994101,118.161866
94.000000,-425.726946,117.767867
95.000000,-417.976044,121.178190
96.000000,-409.609401,114.107166
97.000000,-402.806212,117.910058
98.000000,-393.739574,116.330876
99.000000,-388.328272,115.623665
100.000000,-383.982129,114.496627
101.000000,-381.380710,115.501459
102.000000,-389.467416,116.292596
103.000000,-470.847772,143.204507
104.000000,-258.654096,80.493311
105.000000,-301.954297,96.364397
106.000000,-307.847676,96.630205
107.000000,-307.497240,97.945895
108.000000,-304.986494,97.037977
109.000000,-300.554330,95.823932
110.000000,-298.903716,95.310590
111.000000,-290.989958,98.755721
112.000000,-290.313568,93.602194
113.000000,-283.054840,95.705129
114.000000,-275.416547,95.435498
115.000000,-273.966844,90.302419
116.000000,-273.396065,95.489539
117.000000,-268.170580,92.255044
118.000000,-266.112323,96.281990
119.000000,-260.067257,85.612180
120.000000,-253.409133,88.353810
121.000000,-250.327691,92.509804
122.000000,-247.058107,90.272497
123.000000,-238.748592,86.833424
124.000000,-238.301474,87.327172
125.000000,-230.795754,85.108459
126.000000,-231.742972,85.263926
127.000000,-230.482336,82.341169
128.000000,-223.610464,83.567544
129.000000,-217.915583,88.814877
130.000000,-223.485860,83.367424
131.000000,-217.365141,84.446139
132.000000,-218.173302,82.857560
133.000000,-209.121686,84.850449
134.000000,-205.702058,78.909692
135.000000,-204.638288,79.253431
136.000000,-202.459732,83.650631
137.000000,-200.747720,77.372867
138.000000,-199.025608,81.893540
139.000000,-195.372093,80.965304
140.000000,-194.881519,81.182980
141.000000,-195.247586,80.967968
142.000000,-196.532999,82.903037
143.000000,-207.449175,85.430864
144.000000,-287.012336,122.443293
145.000000,-110.886173,45.469879
146.000000,-145.044197,63.163194
147.000000,-152.642166,64.592285
148.000000,-155.039303,66.723498
149.000000,-155.866779,66.564674
150.000000,-154.834812,65.811392
151.000000,-156.579278,66.044299
152.000000,-151.439135,69.657023
153.000000,-154.512224,65.577220
154.000000,-150.215764,67.728440
155.000000,-145.348042,67.660079
156.000000,-147.128376,63.215139
157.000000,-148.744939,69.214344
158.000000,-146.756695,66.428250
159.000000,-146.921772,71.393375
160.000000,-144.983731,60.995107
161.000000,-140.494792,63.332152
162.000000,-139.187175,68.025208
163.000000,-138.584185,66.527885
164.000000,-132.885962,62.881921
165.000000,-134.411262,64.059033
166.000000,-129.165953,61.654896
167.000000,-131.899438,62.623028
168.000000,-133.173978,60.197589
169.000000,-128.206139,61.029796
170.000000,-123.324394,66.356767
171.000000,-131.237206,62.508251
172.000000,-126.955013,63.449293
173.000000,-129.818432,62.644326
174.000000,-122.296422,64.257261
175.000000,-120.918060,58.494939
176.000000,-121.166639,58.935569
177.000000,-119.769655,63.632829
178.000000,-120.113511,57.637205
179.000000,-119.049694,62.177581
180.000000,-116.461790,61.216807
181.000000,-116.551287,61.557585
182.000000,-117.195029,61.294187
183.000000,-117.495300,62.706573
184.000000,-124.455261,64.034438
185.000000,-173.636334,94.192655
186.000000,-75.045591,37.603448
187.000000,-90.660590,49.289171
188.000000,-95.086073,49.688677
189.000000,-96.498327,51.439398
190.000000,-97.407714,51.240694
191.000000,-96.844589,50.333314
192.000000,-99.223661,50.804610
193.000000,-94.300139,54.058740
194.000000,-98.573312,50.710278
195.000000,-94.962592,52.538958
196.000000,-90.648524,52.264459
197.000000,-93.479719,48.182358
198.000000,-95.157164,54.590665
199.000000,-94.382540,52.014709
200.000000,-94.748943,57.591651
201.000000,-95.074685,47.435927
202.000000,-91.149610,49.078842
203.000000,-89.887771,53.939309
204.000000,-90.221063,52.981956
205.000000,-85.619819,48.940530
206.000000,-87.549983,50.532439
207.000000,-83.146867,47.722749
208.000000,-86.162461,49.221491
209.000000,-88.553246,47.169917
210.000000,-84.276335,47.400374
211.000000,-78.929146,52.394322
212.000000,-87.705221,49.978042
213.000000,-84.071363,50.616566
214.000000,-87.731601,50.454419
215.000000,-80.664406,51.494393
216.000000,-80.226484,45.745128
217.000000,-80.751255,46.027085
218.000000,-79.048131,50.689379
219.000000,-80.382318,44.804929
220.000000,-78.985338,49.001113
221.000000,-76.446103,47.634858
222.000000,-76.055453,47.582851
223.000000,-75.846527,46.563844
224.000000,-73.829523,46.180229
225.000000,-74.523576,43.218701
226.000000,-73.007345,40.304357
227.000000,-73.969658,47.380884
228.000000,-71.065627,47.087253
229.000000,-71.337396,44.687839
230.000000,-70.900533,45.152436
231.000000,-71.086556,44.376218
232.000000,-70.280336,42.941184
233.000000,-72.593782,43.372617
234.000000,-67.280401,45.967621
235.000000,-72.033937,43.210906
236.000000,-68.578824,44.569948
237.000000,-64.285181,43.895024
238.000000,-67.595221,40.051767
239.000000,-68.759584,46.657004
240.000000,-68.647508,44.241393
241.000000,-68.618679,50.279679
242.000000,-70.694826,40.531560
243.000000,-67.051477,41.421437
244.000000,-65.409069,46.278738
245.000000,-66.182351,45.847645
246.000000,-62.357730,41.437650
247.000000,-64.299278,43.383375
248.000000,-60.459537,40.172104
249.000000,-63.375901,42.131412
250.000000,-66.536523,40.556686
251.000000,-62.805404,40.247088
252.000000,-56.807848,44.759587
253.000000,-66.015516,43.851156
254.000000,-62.875353,44.325959
255.000000,-67.114187,44.993323
256.000000,-60.490266,45.658940
257.000000,-60.989228,40.200856
258.000000,-61.918010,40.595078
259.000000,-60.080754,45.501910
260.000000,-62.703917,40.321005
261.000000,-61.573602,44.807237
262.000000,-59.995447,44.005107
263.000000,-60.597332,44.984007
264.000000,-62.108126,45.595955
265.000000,-62.920178,47.928613
266.000000,-70.973233,52.444809
267.000000,-133.821462,117.001717
268.000000,-30.096638,13.344390
269.000000,-41.588997,28.180817
270.000000,-46.143831,30.159021
271.000000,-47.622776,32.604161
272.000000,-49.122881,33.127755
273.000000,-49.342157,32.373872
274.000000,-52.383922,33.600847
275.000000,-47.277040,36.067519
276.000000,-52.771916,34.383857
277.000000,-49.776315,35.639613
278.000000,-45.709728,34.782500
279.000000,-49.576023,31.383817
280.000000,-50.244889,38.238749
281.000000,-50.758161,36.148472
282.000000,-50.211663,42.662135
283.000000,-53.907414,33.629457
284.000000,-50.640456,33.863807
285.000000,-48.559659,38.650246
286.000000,-49.587420,38.791370
287.000000,-46.490284,34.101683
288.000000,-48.304226,36.370152
289.000000,-44.966253,32.779455
290.000000,-47.599862,35.106430
291.000000,-51.319551,34.064428
292.000000,-48.096406,33.235917
293.000000,-41.373871,37.035476
294.000000,-50.616322,37.546435
295.000000,-47.782223,37.825788
296.000000,-52.284391,39.282821
297.000000,-45.921652,39.510893
298.000000,-47.090720,34.284732
299.000000,-48.179353,34.640789
300.000000,-45.862400,39.510122
301.000000,-49.307226,34.883460
302.000000,-47.971348,39.309623
303.000000,-46.690826,38.648853
304.000000,-47.338984,40.006706
305.000000,-49.102719,41.259918
306.000000,-50.126216,44.447942
307.000000,-58.960391,51.844110
308.000000,-137.919397,157.214807
309.000000,-18.607109,0.594583
310.000000,-29.216011,18.489368
311.000000,-33.892173,21.708148
312.000000,-35.323544,24.658425
313.000000,-36.940600,25.638629
314.000000,-37.403150,25.021730
315.000000,-40.570217,26.656298
316.000000,-35.280172,28.633318
317.000000,-41.037568,27.801082
318.000000,-38.240445,28.787804
319.000000,-34.186642,27.538648
320.000000,-38.357177,24.430416
321.000000,-38.303424,31.280961
322.000000,-39.196756,29.413119
323.000000,-37.857451,36.172393
324.000000,-42.873806,27.950478
325.000000,-39.962796,27.483981
326.000000,-37.325566,31.985281
327.000000,-38.361002,32.589225
328.000000,-35.885653,27.587970
329.000000,-37.405574,30.028445
330.000000,-34.484996,25.977315
331.000000,-36.655255,28.463914
332.000000,-40.706663,27.892593
333.000000,-37.946378,26.482504
334.000000,-30.468612,29.246421
335.000000,-39.376998,30.940356
336.000000,-36.673889,30.865340
337.000000,-41.138284,32.923610
338.000000,-34.869555,32.508099
339.000000,-36.459320,27.286726
340.000000,-37.491905,27.267082
341.000000,-34.395394,31.574121
342.000000,-38.213813,27.037399
343.000000,-36.231155,30.658461
344.000000,-34.608392,29.159845
345.000000,-34.370032,29.414125
346.000000,-34.889088,28.946749
347.000000,-33.346267,28.442590
348.000000,-35.460205,26.497891
349.000000,-38.011145,26.477022
350.000000,-33.826694,27.741136
351.000000,-31.520952,27.890381
352.000000,-32.682348,26.266856
353.000000,-32.317615,26.798421
354.000000,-32.981898,26.535594
355.000000,-32.999052,24.959032
356.000000,-35.767404,26.230305
357.000000,-29.988625,27.090714
358.000000,-35.600126,26.671026
359.000000,-32.801794,27.081698
360.000000,-28.623639,25.131310
361.000000,-32.922941,22.082156
362.000000,-32.012257,28.618360
363.000000,-33.118259,26.826665
364.000000,-30.805838,33.566124
365.000000,-36.890875,26.225982
366.000000,-34.382284,25.054916
367.000000,-31.176857,29.098086
368.000000,-32.069054,30.085386
369.000000,-30.197035,24.806643
370.000000,-31.367034,27.344774
371.000000,-28.890428,22.855040
372.000000,-30.556070,25.400690
373.000000,-34.836068,25.356279
374.000000,-32.627410,23.477780
375.000000,-24.561025,25.089602
376.000000,-32.971066,27.913654
377.000000,-30.430163,27.571540
378.000000,-34.791325,30.325495
379.000000,-28.718723,29.423943
380.000000,-30.799464,24.418404
381.000000,-31.954396,24.238999
382.000000,-28.284126,28.142605
383.000000,-32.640591,24.099698
384.000000,-30.389186,27.349156
385.000000,-28.912220,25.667287
386.000000,-28.519139,25.758190
387.000000,-28.989359,25.161383
388.000000,-27.252885,24.006749
389.000000,-28.964646,20.853980
390.000000,-21.570157,-4.695295
391.000000,-30.463054,28.842946
392.000000,-27.194356,26.683084
393.000000,-28.186342,24.575331
394.000000,-27.607819,24.713948
395.000000,-28.198236,24.384356
396.000000,-28.357986,22.631641
397.000000,-31.104502,24.086780
398.000000,-25.211482,24.187511
399.000000,-30.788645,24.470852
400.000000,-28.191013,24.590563
401.000000,-24.090046,22.112072
402.000000,-28.622600,19.278225
403.000000,-26.971275,25.509394
404.000000,-28.322114,23.903213
405.000000,-25.043395,30.560620
406.000000,-32.057949,24.326995
407.000000,-30.097257,22.623209
408.000000,-26.429864,26.176511
409.000000,-27.119638,27.557779
410.000000,-25.892361,22.123164
411.000000,-26.719703,24.749950
412.000000,-24.755450,19.899568
413.000000,-25.925922,22.431098
414.000000,-30.345491,22.964918
415.000000,-28.768717,20.740662
416.000000,-20.304554,21.085159
417.000000,-28.059093,24.909541
418.000000,-25.677412,24.304464
419.000000,-29.816296,27.723783
420.000000,-23.957111,26.352297
421.000000,-26.485087,21.584847
422.000000,-27.794963,21.229505
423.000000,-23.582948,24.573524
424.000000,-28.378083,20.989369
425.000000,-25.881201,23.722247
426.000000,-24.528386,21.679341
427.000000,-23.943748,21.287853
428.000000,-24.277628,20.062731
429.000000,-22.232362,17.245314
430.000000,-23.134561,9.928359
431.000000,13.233343,-142.980083
432.000000,-29.090233,37.415998
433.000000,-24.622746,29.607791
434.000000,-25.323988,25.939501
435.000000,-24.488443,25.143148
436.000000,-24.946499,24.431630
437.000000,-25.228517,22.324040
438.000000,-27.906766,23.840262
439.000000,-21.974368,23.063277
440.000000,-27.401464,23.958261
441.000000,-25.016594,23.793315
442.000000,-21.055435,20.750370
443.000000,-25.815572,18.117209
444.000000,-23.467910,23.918639
445.000000,-25.027658,22.489786
446.000000,-20.754110,28.901088
447.000000,-28.486888,23.894352
448.000000,-27.154071,21.794140
449.000000,-23.110446,24.804124
450.000000,-23.519429,26.552634
451.000000,-22.944789,21.074308
452.000000,-23.424679,23.782943
453.000000,-22.023799,18.672679
454.000000,-22.718492,21.144772
455.000000,-27.181235,22.330748
456.000000,-26.297494,19.951217
457.000000,-17.655604,19.017103
458.000000,-24.638553,23.778759
459.000000,-22.433486,23.017104
460.000000,-26.258702,27.186582
461.000000,-20.654491,25.525475
462.000000,-23.618351,21.220350
463.000000,-25.162274,20.943353
464.000000,-20.524993,23.912733
465.000000,-25.746941,21.177140
466.000000,-23.154258,23.846382
467.000000,-22.084298,22.102103
468.000000,-21.549695,22.170099
469.000000,-22.117863,21.911363
470.000000,-20.558136,20.567403
471.000000,-22.878952,18.071617
472.000000,-17.345508,-50.147204
473.000000,-23.106378,24.556630
474.000000,-20.307401,22.452789
475.000000,-21.593887,20.801653
476.000000,-20.950081,20.804892
477.000000,-21.508661,20.733769
478.000000,-22.080433,18.972182
479.000000,-24.774321,21.041802
480.000000,-18.980159,19.735738
481.000000,-24.221831,21.481195
482.000000,-22.108164,21.307751
483.000000,-18.394976,17.888332
484.000000,-23.414712,15.616459
485.000000,-20.462398,21.009140
486.000000,-22.225840,19.855077
487.000000,-16.976247,25.934372
488.000000,-25.215035,22.303941
489.000000,-24.573741,20.006239
490.000000,-20.256260,22.473165
491.000000,-20.319364,24.572885
492.000000,-20.393226,19.172554
493.000000,-20.521370,21.954801
494.000000,-19.720789,16.679056
495.000000,-19.965552,19.023430
496.000000,-24.359565,20.876924
497.000000,-24.188679,18.486977
498.000000,-15.583116,16.228987
499.000000,-21.683240,21.758729
500.000000,-19.644214,20.827798
501.000000,-23.031363,25.672433
502.000000,-17.668126,23.723428
503.000000,-20.987305,19.880059
504.000000,-22.758644,19.669844
505.000000,-17.727674,22.109060
506.000000,-23.232875,20.141498
507.000000,-20.519645,22.589040
508.000000,-19.646454,20.934562
509.000000,-19.040810,21.097530
510.000000,-19.605111,21.224995
511.000000,-18.122839,20.218109
512.000000,-20.642581,19.360691
513.000000,-23.949747,-46.660426
514.000000,-20.536587,20.137516
515.000000,-17.910841,19.281586
516.000000,-19.287086,18.277186
517.000000,-18.616725,18.408142
518.000000,-19.116264,18.575620
519.000000,-19.883295,16.926686
520.000000,-22.490296,19.380826
521.000000,-16.878786,17.420939
522.000000,-21.803354,19.868937
523.000000,-19.925507,19.668646
524.000000,-16.499701,15.836381
525.000000,-21.756175,13.899709
526.000000,-18.262115,18.757961
527.000000,-20.194063,17.841993
528.000000,-13.986677,23.388120
529.000000,-22.484775,21.148024
530.000000,-22.547972,18.777581
531.000000,-18.046021,20.652309
532.000000,-17.693045,23.019787
533.000000,-18.385111,17.769185
534.000000,-18.148113,20.578815
535.000000,-17.965022,15.208349
536.000000,-17.792266,17.340709
537.000000,-21.999617,19.843415
538.000000,-22.530238,17.585084
539.000000,-14.180155,13.998183
540.000000,-19.317728,20.125896
541.000000,-17.441411,19.026090
542.000000,-20.279826,24.480127
543.000000,-15.144943,22.278425
544.000000,-18.741422,18.940386
545.000000,-20.736371,18.862989
546.000000,-15.373308,20.724337
547.000000,-21.042365,19.562144
548.000000,-18.217932,21.817195
549.000000,-17.507070,20.307093
550.000000,-16.794626,20.602705
551.000000,-17.255175,21.203546
552.000000,-15.711627,20.732339
553.000000,-17.950355,22.206386
554.000000,-34.032565,-76.854663
555.000000,-19.186077,15.388917
556.000000,-16.354239,16.074501
557.000000,-17.663839,15.844159
558.000000,-16.912265,16.168164
559.000000,-17.290085,16.605257
560.000000,-18.216315,15.123673
561.000000,-20.672433,17.995609
562.000000,-15.318098,15.426124
563.000000,-19.825479,18.538174
564.000000,-18.153094,18.388425
565.000000,-15.061514,14.200345
566.000000,-20.538248,12.649684
567.000000,-16.585419,16.925636
568.000000,-18.662429,16.268500
569.000000,-11.550706,21.134360
570.000000,-20.062859,20.305541
571.000000,-20.815655,18.033676
572.000000,-16.220510,19.330915
573.000000,-15.391689,21.919106
574.000000,-16.656418,16.931086
575.000000,-16.038015,19.769546
576.000000,-16.471384,14.430263
577.000000,-15.917900,16.328943
578.000000,-19.813223,19.502508
579.000000,-20.993227,17.582086
580.000000,-13.102241,12.774839
581.000000,-17.211049,19.409775
582.000000,-15.478551,18.234479
583.000000,-17.643483,24.327073
584.000000,-12.687952,22.033141
585.000000,-16.437294,19.392137
586.000000,-18.588484,19.713029
587.000000,-12.897667,21.209603
588.000000,-18.523400,21.200203
589.000000,-15.473931,23.734166
590.000000,-14.716966,23.047034
591.000000,-13.601101,24.466891
592.000000,-13.408446,27.243194
593.000000,-10.730417,30.840748
594.000000,-9.180480,46.034308
595.000000,-108.309040,-324.925203
596.000000,-23.959929,-8.109159
597.000000,-18.299593,2.666986
598.000000,-18.598259,6.212122
599.000000,-17.314656,8.244515
600.000000,-17.275612,9.839278
601.000000,-18.169708,9.138701
602.000000,-20.302755,12.842898
603.000000,-15.203284,9.996854
604.000000,-19.150664,13.922874
605.000000,-17.603910,14.039919
606.000000,-14.859182,9.664949
607.000000,-20.516637,8.625899
608.000000,-16.187503,12.331395
609.000000,-18.387877,11.976092
610.000000,-10.459117,16.021083
611.000000,-18.754747,16.562446
612.000000,-20.167612,14.515456
613.000000,-15.587934,15.210153
614.000000,-14.260505,17.888691
615.000000,-16.070440,13.173445
616.000000,-15.091018,15.925088
617.000000,-16.168128,10.606327
618.000000,-15.329848,12.095461
619.000000,-18.850203,15.749441
620.000000,-20.665186,14.139758
621.000000,-13.506162,7.994105
622.000000,-16.641612,14.733628
623.000000,-15.148724,13.203810
624.000000,-16.659311,19.505491
625.000000,-11.987510,16.735958
626.000000,-15.951029,14.314896
627.000000,-18.413509,14.483972
628.000000,-12.704292,14.806655
629.000000,-18.469673,14.933432
630.000000,-15.602197,16.395647
631.000000,-15.332344,14.620525
632.000000,-14.651224,14.217493
633.000000,-15.178933,14.179917
634.000000,-14.240200,11.631137
635.000000,-18.022341,7.865972
636.000000,1.412814,67.720454
637.000000,-13.995857,21.617244
638.000000,-12.594828,17.365280
639.000000,-14.345174,15.859277
640.000000,-13.807659,15.114145
641.000000,-14.099436,15.140656
642.000000,-15.457403,13.437111
643.000000,-17.579243,16.689590
644.000000,-13.086250,12.665289
645.000000,-16.615037,16.597997
646.000000,-15.314868,16.455140
647.000000,-13.085889,11.491666
648.000000,-19.007747,10.636424
649.000000,-14.493664,13.440075
650.000000,-16.879694,13.150447
651.000000,-8.312977,16.029358
652.000000,-16.220985,17.698125
653.000000,-18.269624,15.878463
654.000000,-13.827995,15.894655
655.000000,-11.999116,18.502609
656.000000,-14.310863,14.076862
657.000000,-12.974343,16.680692
658.000000,-14.678119,11.469431
659.000000,-13.615874,12.526120
660.000000,-16.649334,16.640760
661.000000,-18.983890,15.543486
662.000000,-12.722561,8.279778
663.000000,-14.856182,15.098747
664.000000,-13.568539,13.390212
665.000000,-14.294300,20.014010
666.000000,-9.806188,17.057962
667.000000,-13.790793,15.207716
668.000000,-16.389602,15.727792
669.000000,-10.570745,15.430128
670.000000,-16.131391,16.430515
671.000000,-13.129173,17.868706
672.000000,-12.853384,16.502425
673.000000,-11.887251,16.526769
674.000000,-11.862514,17.503145
675.000000,-10.083109,16.738375
676.000000,-10.730420,19.637109
677.000000,-31.700940,-9.901518
678.000000,-16.676059,12.496797
679.000000,-13.465320,12.274484
680.000000,-14.486181,12.445194
681.000000,-13.604522,12.360914
682.000000,-13.546220,12.876412
683.000000,-14.905495,11.576712
684.000000,-16.643373,15.360678
685.000000,-12.591497,10.964255
686.000000,-15.461710,15.396538
687.000000,-14.207456,15.491659
688.000000,-12.399021,10.377511
689.000000,-18.450982,10.063653
690.000000,-13.770953,12.219374
691.000000,-16.259008,12.238587
692.000000,-7.135738,14.024253
693.000000,-14.398477,16.877941
694.000000,-16.943350,15.556075
695.000000,-12.675957,15.071748
696.000000,-10.288990,17.644360
697.000000,-12.992014,13.678455
698.000000,-11.253596,16.203521
699.000000,-13.509426,11.286339
700.000000,-12.253388,11.973929
701.000000,-14.668884,16.558514
702.000000,-17.356996,16.174980
703.000000,-12.116557,8.035726
704.000000,-13.230590,14.877354
705.000000,-12.110812,13.091526
706.000000,-11.936983,20.023677
707.000000,-7.537802,16.996527
708.000000,-11.362013,15.827752
709.000000,-13.928784,16.893873
710.000000,-7.940581,16.139618
711.000000,-12.999864,18.192490
712.000000,-9.602945,19.899571
713.000000,-8.913061,19.349610
714.000000,-7.074509,20.386582
715.000000,-5.435582,23.372284
716.000000,-0.591938,26.569151
717.000000,9.987480,44.168719
718.000000,-106.570109,-108.916851
719.000000,-29.028203,-5.755743
720.000000,-20.091663,1.519926
721.000000,-18.869149,4.718182
722.000000,-16.877504,6.019070
723.000000,-15.988186,7.440491
724.000000,-17.019861,6.851502
725.000000,-18.101690,11.354220
726.000000,-14.398903,6.807091
727.000000,-16.454730,11.757890
728.000000,-15.102286,12.196670
729.000000,-13.667055,7.054017
730.000000,-19.761533,7.366025
731.000000,-14.989222,8.907120
732.000000,-17.551490,9.270393
733.000000,-8.035712,9.864871
734.000000,-14.483628,13.747282
735.000000,-17.431081,13.000676
736.000000,-13.434881,12.039316
737.000000,-10.524238,14.445315
738.000000,-13.585003,10.931606
739.000000,-11.494103,13.274535
740.000000,-14.315047,8.656187
741.000000,-13.012501,8.864808
742.000000,-14.820716,13.714006
743.000000,-17.818308,14.005258
744.000000,-13.857701,5.022202
745.000000,-14.145540,11.576368
746.000000,-13.382033,9.515056
747.000000,-12.474362,16.384171
748.000000,-8.384833,12.980429
749.000000,-12.249617,12.092727
750.000000,-15.073414,13.283193
751.000000,-9.449747,11.485627
752.000000,-14.491609,13.767630
753.000000,-11.483812,14.701611
754.000000,-11.462373,13.477266
755.000000,-10.457952,13.210202
756.000000,-10.100815,14.194850
757.000000,-8.368473,12.898381
758.000000,-8.129904,15.478515
759.000000,-26.091841,2.873900
760.000000,-15.170495,11.855484
761.000000,-12.321683,10.547521
762.000000,-13.248317,10.743000
763.000000,-12.459043,10.297408
764.000000,-12.140796,10.681455
765.000000,-13.772555,9.525748
766.000000,-14.819363,13.800642
767.000000,-12.023308,8.499732
768.000000,-13.625264,13.349074
769.000000,-12.415126,13.730815
770.000000,-11.599192,8.294040
771.000000,-17.877461,9.007265
772.000000,-13.269039,9.743373
773.000000,-16.018982,10.304415
774.000000,-6.402788,9.497112
775.000000,-11.975139,14.123753
776.000000,-15.265488,13.939972
777.000000,-11.649245,12.501806
778.000000,-8.262797,14.607814
779.000000,-11.618100,11.553055
780.000000,-9.177608,13.665024
781.000000,-12.488366,9.431166
782.000000,-11.185617,9.186510
783.000000,-12.281954,14.241228
784.000000,-15.361250,15.340510
785.000000,-12.701218,5.815190
786.000000,-12.123854,12.091597
787.000000,-11.604113,9.932064
788.000000,-9.777802,16.814956
789.000000,-5.769455,13.275981
790.000000,-9.319607,12.939163
791.000000,-11.973156,14.680701
792.000000,-6.340401,12.366973
793.000000,-10.665672,15.491198
794.000000,-7.202164,16.581888
795.000000,-6.598364,16.017125
796.000000,-4.539041,16.490300
797.000000,-2.137081,18.998805
798.000000,3.609103,20.819318
799.000000,19.762850,35.978319
800.000000,-92.081310,-50.584649
801.000000,-29.191769,-0.540400
802.000000,-20.042478,3.165625
803.000000,-18.372560,5.500028
804.000000,-16.314399,6.019507
805.000000,-15.045944,6.997969
806.000000,-16.239218,6.397967
807.000000,-16.470467,11.206031
808.000000,-14.082003,5.835875
809.000000,-14.803108,10.947186
810.000000,-13.344566,11.632625
811.000000,-12.881416,6.254053
812.000000,-19.069699,7.640527
813.000000,-14.545291,7.806697
814.000000,-17.324335,8.759686
815.000000,-7.698776,6.647216
816.000000,-12.198735,11.936733
817.000000,-15.628261,12.456377
818.000000,-12.388017,10.689054
819.000000,-8.519334,12.468264
820.000000,-12.064446,9.936176
821.000000,-9.270290,11.803565
822.000000,-13.000649,8.036098
823.000000,-11.788807,7.351676
824.000000,-12.163774,12.484442
825.000000,-15.193093,14.399340
826.000000,-13.962239,4.515527
827.000000,-12.680989,10.364482
828.000000,-12.530740,8.060740
829.000000,-9.918228,14.741482
830.000000,-6.141743,10.931953
831.000000,-9.500476,10.929940
832.000000,-12.146302,13.030597
833.000000,-6.899655,9.952857
834.000000,-10.842951,13.475158
835.000000,-7.480328,14.209767
836.000000,-7.063283,13.556440
837.000000,-5.191557,13.593205
838.000000,-2.871421,15.537413
839.000000,2.282688,16.009062
840.000000,17.585769,27.098824
841.000000,-72.447511,-24.465594
842.000000,-25.958510,3.570127
843.000000,-18.370574,4.874165
844.000000,-17.105916,6.467729
845.000000,-15.381992,6.450302
846.000000,-14.150946,7.067104
847.000000,-15.555640,6.399686
848.000000,-15.403292,11.245010
849.000000,-13.814629,5.562966
850.000000,-13.940442,10.580762
851.000000,-12.395555,11.347873
852.000000,-12.453116,5.917325
853.000000,-18.630137,7.866890
854.000000,-14.397625,7.403103
855.000000,-17.286582,8.689642
856.000000,-7.956268,5.190759
857.000000,-11.396075,10.871343
858.000000,-14.897350,12.060994
859.000000,-12.131431,9.996681
860.000000,-7.881589,11.329458
861.000000,-11.585439,9.293294
862.000000,-8.493529,10.841480
863.000000,-12.600039,7.569409
864.000000,-11.586402,6.448441
865.000000,-11.252860,11.519862
866.000000,-14.076753,14.236692
867.000000,-14.326877,4.218863
868.000000,-12.452532,9.564059
869.000000,-12.712409,7.156298
870.000000,-9.351681,13.530222
871.000000,-5.816244,9.453764
872.000000,-8.925168,9.743893
873.000000,-11.470167,12.238064
874.000000,-6.670263,8.477152
875.000000,-10.136588,12.370983
876.000000,-6.820513,12.823657
877.000000,-6.475669,12.184815
878.000000,-4.661791,11.942629
879.000000,-2.162491,13.559853
880.000000,2.952016,13.243252
881.000000,19.697612,22.150356
882.000000,-63.949638,-11.914309
883.000000,-24.310193,5.686423
884.000000,-17.344010,5.713462
885.000000,-16.104656,6.967197
886.000000,-14.527149,6.644402
887.000000,-13.218964,7.011878
888.000000,-14.733930,6.373916
889.000000,-14.089664,11.271995
890.000000,-13.264893,5.431064
891.000000,-12.768244,10.308763
892.000000,-11.037160,11.167089
893.000000,-11.553630,5.768898
894.000000,-17.600664,8.328289
895.000000,-13.690542,7.327403
896.000000,-16.614087,9.013108
897.000000,-7.752282,4.190623
898.000000,-10.061191,10.079990
899.000000,-13.451851,11.964841
900.000000,-11.134682,9.716599
901.000000,-6.511266,10.562377
902.000000,-10.240211,9.049660
903.000000,-6.807465,10.265080
904.000000,-11.131216,7.563430
905.000000,-10.306045,6.079444
906.000000,-9.180379,11.004868
907.000000,-11.515415,14.532308
908.000000,-13.117515,4.665008
909.000000,-10.608744,9.511547
910.000000,-11.138655,7.114162
911.000000,-6.880487,13.156414
912.000000,-3.362652,8.897070
913.000000,-5.889125,9.520459
914.000000,-7.885447,12.536527
915.000000,-3.141695,8.317287
916.000000,-5.469124,12.719258
917.000000,-1.356569,13.187359
918.000000,0.166223,12.982726
919.000000,3.826977,13.118669
920.000000,9.917398,15.528177
921.000000,22.688421,16.990422
922.000000,74.537069,34.559688
923.000000,-138.464007,-29.536301
924.000000,-46.744555,-0.432583
925.000000,-30.825339,1.688641
926.000000,-25.680026,3.946123
927.000000,-22.135676,4.066457
928.000000,-19.444950,4.620799
929.000000,-20.165133,4.325321
930.000000,-18.355390,9.438350
931.000000,-17.824511,3.706724
932.000000,-16.376589,8.487886
933.000000,-14.127206,9.498047
934.000000,-14.853743,4.256199
935.000000,-20.510605,7.493443
936.000000,-16.841621,6.079260
937.000000,-19.647170,8.242612
938.000000,-11.382679,2.202130
939.000000,-12.514941,8.118092
940.000000,-15.626331,10.688552
941.000000,-13.749072,8.354363
942.000000,-8.824448,8.659234
943.000000,-12.525102,7.655748
944.000000,-8.815469,8.485701
945.000000,-13.317513,6.367049
946.000000,-12.817404,4.547628
947.000000,-11.023251,9.175548
948.000000,-12.813058,13.405838
949.000000,-15.860407,3.870917
950.000000,-12.988222,8.128285
951.000000,-14.015010,5.726900
952.000000,-9.173518,11.258905
953.000000,-6.001344,6.703133
954.000000,-8.297205,7.449283
955.000000,-10.135791,10.792378
956.000000,-6.121456,5.955021
957.000000,-8.072207,10.477879
958.000000,-4.250851,10.544115
959.000000,-3.086600,10.159753
960.000000,-0.024932,9.722966
961.000000,5.350509,11.186460
962.000000,16.148815,10.561622
963.000000,62.972935,19.939775
964.000000,-107.163649,-7.514426
965.000000,-40.368824,4.845166
966.000000,-27.972873,4.311141
967.000000,-24.003826,5.595399
968.000000,-21.262983,5.109920
969.000000,-18.945237,5.166297
970.000000,-20.054498,4.760290
971.000000,-17.924595,9.691578
972.000000,-18.343466,3.922701
973.000000,-16.515038,8.337873
974.000000,-14.131187,9.296045
975.000000,-15.388551,4.122393
976.000000,-20.863447,7.925327
977.000000,-17.732710,6.090563
978.000000,-20.585643,8.694621
979.000000,-13.312554,1.486289
980.000000,-13.494625,7.181300
981.000000,-16.365594,10.344028
982.000000,-15.071997,7.973785
983.000000,-10.067583,7.660652
984.000000,-13.807287,7.118560
985.000000,-9.985252,7.497801
986.000000,-14.695809,5.955801
987.000000,-14.700660,3.845700
988.000000,-12.416463,8.048050
989.000000,-13.630569,12.868674
990.000000,-18.170235,3.876186
991.000000,-15.171748,7.527058
992.000000,-16.858651,5.186702
993.000000,-11.676462,10.135203
994.000000,-9.066672,5.290643
995.000000,-11.340122,6.094858
996.000000,-13.203077,9.745213
997.000000,-10.298645,4.385637
998.000000,-12.264569,8.969398
999.000000,-9.289585,8.668283
1000.000000,-9.246283,8.144795
1001.000000,-8.022627,7.217990
1002.000000,-5.576568,7.826985
1003.000000,-1.918049,5.337179
1004.000000,14.392284,6.539571
1005.000000,-40.174827,8.052820
1006.000000,-20.149927,9.216302
1007.000000,-16.196783,6.673614
1008.000000,-15.526436,7.198716
1009.000000,-14.774218,6.244649
1010.000000,-13.598880,5.862756
1011.000000,-15.601399,5.399560
1012.000000,-13.503654,10.114255
1013.000000,-15.123843,4.437967
1014.000000,-13.180188,8.445595
1015.000000,-10.790932,9.314652
1016.000000,-12.667436,4.256659
1017.000000,-17.961941,8.618097
1018.000000,-15.463703,6.459435
1019.000000,-18.341252,9.548357
1020.000000,-12.264982,1.332631
1021.000000,-11.591722,6.642519
1022.000000,-14.108334,10.342929
1023.000000,-13.359554,8.037108
1024.000000,-8.329830,7.091392
1025.000000,-12.000000,7.000000
1026.000000,-8.043885,6.907781
1027.000000,-12.783883,5.959557
1028.000000,-13.235188,3.649479
1029.000000,-10.409001,7.343757
1030.000000,-10.755598,12.645449
1031.000000,-16.482178,4.419197
1032.000000,-13.224590,7.494893
1033.000000,-15.303099,5.319795
1034.000000,-9.536887,9.660883
1035.000000,-7.119989,4.577633
1036.000000,-8.876668,5.415098
1037.000000,-10.061221,9.382685
1038.000000,-7.502935,3.654645
1039.000000,-8.398958,8.300587
1040.000000,-4.784921,7.742472
1041.000000,-3.662513,7.222130
1042.000000,-0.836855,6.048745
1043.000000,4.902277,6.176070
1044.000000,15.934378,2.695775
1045.000000,73.081394,-0.991073
1046.000000,-91.772548,14.331639
1047.000000,-38.719291,11.174465
1048.000000,-28.022619,7.785705
1049.000000,-24.240920,8.006867
1050.000000,-21.970802,6.864038
1051.000000,-19.769116,6.202904
1052.000000,-21.173837,5.806415
1053.000000,-18.043645,10.320178
1054.000000,-20.047227,4.907017
1055.000000,-17.464162,8.515012
1056.000000,-14.600100,9.284875
1057.000000,-16.715332,4.411878
1058.000000,-21.476264,9.336434
1059.000000,-19.425397,6.975630
1060.000000,-22.105633,10.608835
1061.000000,-17.284857,1.600932
1062.000000,-15.820308,6.408000
1063.000000,-17.879772,10.598358
1064.000000,-17.672053,8.477606
1065.000000,-12.777483,6.926126
1066.000000,-16.432002,7.296936
1067.000000,-12.539438,6.747376
1068.000000,-17.404225,6.427688
1069.000000,-18.570369,4.051779
1070.000000,-15.583387,7.209743
1071.000000,-15.296317,12.900938
1072.000000,-22.475315,5.689827
1073.000000,-19.539449,8.292279
1074.000000,-22.599089,6.457292
1075.000000,-17.066161,10.261687
1076.000000,-15.765825,5.091615
1077.000000,-18.124884,6.056132
1078.000000,-19.951561,10.481383
1079.000000,-19.561723,4.727831
1080.000000,-21.764258,9.682166
1081.000000,-20.793751,9.311248
1082.000000,-23.359494,9.423006
1083.000000,-26.551201,9.031074
1084.000000,-31.421554,10.494287
1085.000000,-46.105278,10.403191
1086.000000,-126.022014,25.271935
1087.000000,78.195942,-8.678121
1088.000000,21.880612,2.515595
1089.000000,9.080310,2.277179
1090.000000,2.881348,3.901782
1091.000000,-0.600148,3.548585
1092.000000,-1.997737,3.211713
1093.000000,-5.950528,3.305461
1094.000000,-4.068990,7.843400
1095.000000,-8.111295,3.012675
1096.000000,-6.271489,6.356222
1097.000000,-3.952550,7.098009
1098.000000,-7.084422,2.533905
1099.000000,-11.871376,8.054130
1100.000000,-10.777741,5.637831
1101.000000,-13.571965,9.877315
1102.000000,-10.436213,0.321593
1103.000000,-8.547824,4.528124
1104.000000,-10.233137,9.129211
1105.000000,-10.613768,7.279684
1106.000000,-5.980931,5.127376
1107.000000,-9.547470,5.919756
1108.000000,-5.690088,4.874312
1109.000000,-10.442618,5.132247
1110.000000,-12.130192,2.745397
1111.000000,-8.808679,5.256525
1112.000000,-7.442208,11.105282
1113.000000,-15.443689,4.988174
1114.000000,-12.340158,7.063463
1115.000000,-15.667989,5.547106
1116.000000,-9.615695,8.664443
1117.000000,-8.424036,3.279941
1118.000000,-10.116616,4.117547
1119.000000,-10.883572,8.685693
1120.000000,-10.559264,2.684315
1121.000000,-11.258245,7.444418
1122.000000,-9.030100,6.666815
1123.000000,-9.545293,6.521979
1124.000000,-9.658085,5.534872
1125.000000,-8.546630,5.766786
1126.000000,-9.331355,2.977726
1127.000000,-10.461230,2.654138
1128.000000,-8.686991,7.196757
1129.000000,-7.671535,7.596087
1130.000000,-8.206784,5.089138
1131.000000,-8.831999,5.729128
1132.000000,-9.381828,4.860277
1133.000000,-8.886122,4.005564
1134.000000,-11.575463,4.016752
1135.000000,-8.184555,8.078426
1136.000000,-12.098521,3.594536
1137.000000,-9.432521,6.397671
1138.000000,-6.350603,6.844919
1139.000000,-9.397104,2.436413
1140.000000,-13.247422,8.349753
1141.000000,-12.358509,5.838920
1142.000000,-14.546414,10.583960
1143.000000,-12.653531,0.624454
1144.000000,-10.051576,4.066910
1145.000000,-10.929261,8.912922
1146.000000,-11.521388,7.353730
1147.000000,-6.976185,4.579921
1148.000000,-10.196189,5.725203
1149.000000,-6.260636,4.143430
1150.000000,-10.681191,4.920328
1151.000000,-12.796922,2.602473
1152.000000,-9.203889,4.416021
1153.000000,-6.689149,10.231334
1154.000000,-15.338836,5.330819
1155.000000,-12.193557,6.933045
1156.000000,-15.868238,5.841380
1157.000000,-9.566813,8.300291
1158.000000,-8.769995,2.788677
1159.000000,-10.185030,3.516097
1160.000000,-10.315760,8.238780
1161.000000,-10.703115,2.208581
1162.000000,-10.803481,6.866701
1163.000000,-8.577292,5.909484
1164.000000,-8.890559,5.823668
1165.000000,-8.934883,4.793763
1166.000000,-7.417183,4.763962
1167.000000,-7.701073,1.659877
1168.000000,-4.018999,-1.112137
1169.000000,-12.158020,8.026846
1170.000000,-8.648987,7.414640
1171.000000,-8.786647,4.767386
1172.000000,-8.994675,5.317163
1173.000000,-9.465792,4.453321
1174.000000,-8.911108,3.400829
1175.000000,-11.569829,3.553225
1176.000000,-7.592382,7.214978
1177.000000,-11.975721,3.265838
1178.000000,-9.078332,5.601296
1179.000000,-5.662081,5.753191
1180.000000,-8.922552,1.552949
1181.000000,-12.031825,7.813312
1182.000000,-11.537566,5.299117
1183.000000,-13.189728,10.542629
1184.000000,-12.725773,0.425961
1185.000000,-9.693232,3.045196
1186.000000,-9.820581,8.018848
1187.000000,-10.628015,6.798625
1188.000000,-6.312955,3.424527
1189.000000,-9.191641,4.866599
1190.000000,-5.267468,2.718826
1191.000000,-9.287251,3.932930
1192.000000,-11.810392,1.741080
1193.000000,-8.050133,2.792190
1194.000000,-4.330938,8.320627
1195.000000,-13.356260,4.652743
1196.000000,-10.130100,5.749280
1197.000000,-13.984589,5.069061
1198.000000,-7.377203,6.768485
1199.000000,-6.821069,1.044043
1200.000000,-7.776620,1.459214
1201.000000,-6.937427,6.045923
1202.000000,-7.637315,-0.178931
1203.000000,-6.641770,3.958737
1204.000000,-3.683527,2.325832
1205.000000,-2.673306,1.540315
1206.000000,-0.846541,-0.710802
1207.000000,4.442241,-3.256925
1208.000000,13.234673,-12.329324
1209.000000,85.077380,-59.370726
1210.000000,-54.389265,34.727989
1211.000000,-25.894647,18.040518
1212.000000,-19.882513,11.443050
1213.000000,-17.065133,10.143635
1214.000000,-15.962546,8.309113
1215.000000,-14.425006,6.431135
1216.000000,-16.393867,6.296471
1217.000000,-11.397598,9.165206
1218.000000,-15.813290,5.574187
1219.000000,-12.488687,7.257486
1220.000000,-8.559524,6.906165
1221.000000,-11.844950,2.796927
1222.000000,-14.025769,9.214787
1223.000000,-13.789347,6.675805
1224.000000,-14.718314,12.310313
1225.000000,-15.623121,2.227556
1226.000000,-12.287537,3.954783
1227.000000,-11.620801,8.907635
1228.000000,-12.550872,8.048011
1229.000000,-8.544763,4.107304
1230.000000,-11.065507,5.800803
1231.000000,-7.245751,3.091582
1232.000000,-10.834929,4.687705
1233.000000,-13.786937,2.728391
1234.000000,-10.056138,3.043778
1235.000000,-5.236866,8.112815
1236.000000,-14.519051,5.758810
1237.000000,-11.365075,6.443135
1238.000000,-15.473345,6.305645
1239.000000,-8.814925,7.342976
1240.000000,-8.736410,1.555365
1241.000000,-9.556908,1.751387
1242.000000,-8.064740,6.262658
1243.000000,-9.492554,0.135104
1244.000000,-8.018679,3.952037
1245.000000,-5.138629,1.993056
1246.000000,-3.962631,0.985369
1247.000000,-2.123030,-1.683909
1248.000000,3.473878,-5.325679
1249.000000,12.862523,-16.920352
1250.000000,100.568850,-91.424837
1251.000000,-55.183746,43.422307
1252.000000,-27.724803,22.536426
1253.000000,-21.896804,14.816497
1254.000000,-18.927180,12.915709
1255.000000,-17.876433,10.850420
1256.000000,-16.446592,8.637668
1257.000000,-18.473223,8.574059
1258.000000,-13.076720,10.846514
1259.000000,-17.878816,7.880106
1260.000000,-14.561610,9.107230
1261.000000,-10.468724,8.356180
1262.000000,-14.024954,4.478129
1263.000000,-15.469041,11.080001
1264.000000,-15.661833,8.685462
1265.000000,-15.956946,14.764187
1266.000000,-18.371625,5.072119
1267.000000,-15.078033,6.030830
1268.000000,-13.794048,10.967592
1269.000000,-14.932458,10.624935
1270.000000,-11.478166,6.311078
1271.000000,-13.794096,8.359670
1272.000000,-10.331927,5.257274
1273.000000,-13.628433,7.330950
1274.000000,-17.171356,5.875758
1275.000000,-13.824487,5.690719
1276.000000,-8.213113,10.332844
1277.000000,-17.809095,9.559359
1278.000000,-15.059823,10.174929
1279.000000,-19.692883,10.989701
1280.000000,-13.467698,11.810622
1281.000000,-14.371671,6.517612
1282.000000,-15.714389,7.089488
1283.000000,-14.304043,12.190850
1284.000000,-17.373481,7.228130
1285.000000,-16.719394,11.967452
1286.000000,-15.666193,11.473278
1287.000000,-16.878349,12.853929
1288.000000,-19.166610,14.048582
1289.000000,-21.151565,17.387908
1290.000000,-31.737690,24.362027
1291.000000,-115.523748,110.978719
1292.000000,21.522591,-28.396422
1293.000000,5.129627,-8.572695
1294.000000,-0.998212,-5.148085
1295.000000,-3.374618,-1.973335
1296.000000,-5.520029,-0.986113
1297.000000,-6.261783,-1.404687
1298.000000,-9.755967,0.085410
1299.000000,-5.056968,2.770141
1300.000000,-10.929029,1.274141
1301.000000,-8.288035,2.695748
1302.000000,-4.558539,1.987989
1303.000000,-8.747701,-1.274404
1304.000000,-9.727420,5.706026
1305.000000,-10.541040,3.731973
1306.000000,-10.285422,10.353595
1307.000000,-14.263283,1.421249
1308.000000,-11.270113,1.748668
1309.000000,-9.455033,6.621047
1310.000000,-10.740519,6.840924
1311.000000,-7.893049,2.222559
1312.000000,-9.948375,4.554491
1313.000000,-6.843129,1.018775
1314.000000,-9.700261,3.391393
1315.000000,-13.633512,2.384569
1316.000000,-10.612958,1.579303
1317.000000,-4.080709,5.388264
1318.000000,-13.499382,5.892291
1319.000000,-10.825095,6.145087
1320.000000,-15.467513,7.551538
1321.000000,-9.221138,7.698996
1322.000000,-10.476630,2.353800
1323.000000,-11.613020,2.540340
1324.000000,-9.292141,7.171706
1325.000000,-12.661069,2.210653
1326.000000,-11.143911,6.159968
1327.000000,-9.517573,4.798429
1328.000000,-9.539849,5.072529
1329.000000,-10.137637,4.501107
1330.000000,-8.722346,4.114988
1331.000000,-10.669417,1.816795
1332.000000,-11.607575,-0.411752
1333.000000,-9.882520,4.602484
1334.000000,-7.668982,4.640444
1335.000000,-8.834942,2.821783
1336.000000,-8.714571,3.432349
1337.000000,-9.512716,3.083595
1338.000000,-9.508813,1.624907
1339.000000,-12.405255,2.689224
1340.000000,-6.964096,4.262439
1341.000000,-12.648249,3.135483
1342.000000,-9.831091,3.902571
1343.000000,-5.794917,2.487418
1344.000000,-10.010447,-0.747410
1345.000000,-10.021948,6.006098
1346.000000,-10.995719,4.063723
1347.000000,-9.748298,10.765748
1348.000000,-14.865150,2.499887
1349.000000,-12.061044,1.999622
1350.000000,-9.535362,6.474802
1351.000000,-10.685531,7.058153
1352.000000,-8.326865,2.039995
1353.000000,-9.964321,4.465597
1354.000000,-7.161123,0.400052
1355.000000,-9.447635,2.871141
1356.000000,-13.613185,2.281597
1357.000000,-10.963884,0.848812
1358.000000,-3.592776,3.583549
1359.000000,-12.602128,5.239434
1360.000000,-9.992631,5.114548
1361.000000,-14.541174,7.107358
1362.000000,-8.344356,6.605805
1363.000000,-9.990014,1.270975
1364.000000,-11.057116,1.100747
1365.000000,-7.965834,5.205713
1366.000000,-11.747924,0.393137
1367.000000,-9.667208,3.627892
1368.000000,-7.848913,1.567510
1369.000000,-7.247492,0.957152
1370.000000,-7.077295,-0.966330
1371.000000,-4.066627,-4.340975
1372.000000,-1.921814,-14.230904
1373.000000,54.896268,-122.440321
1374.000000,-23.260389,28.406916
1375.000000,-13.955826,15.632464
1376.000000,-13.151027,10.241464
1377.000000,-11.920534,9.009160
1378.000000,-12.137056,7.744725
1379.000000,-11.909442,5.537728
1380.000000,-14.546760,6.387386
1381.000000,-8.706972,6.955510
1382.000000,-14.303576,6.329378
1383.000000,-11.522284,6.593678
1384.000000,-7.384176,4.540767
1385.000000,-11.740642,1.422246
1386.000000,-10.900205,7.914927
1387.000000,-12.086692,6.100411
1388.000000,-9.862943,12.834063
1389.000000,-16.043338,5.502441
1390.000000,-13.635679,4.352259
1391.000000,-10.535936,8.427249
1392.000000,-11.537966,9.456292
1393.000000,-9.779502,4.228539
1394.000000,-11.066495,6.826519
1395.000000,-8.710167,2.405361
1396.000000,-10.499336,5.028437
1397.000000,-14.906194,5.070690
1398.000000,-12.827939,3.288776
1399.000000,-4.895865,5.008137
1400.000000,-13.444668,7.952157
1401.000000,-11.047757,7.744498
1402.000000,-15.559243,10.650243
1403.000000,-9.644848,9.921797
1404.000000,-11.893896,5.116330
1405.000000,-13.230467,5.172176
1406.000000,-9.760042,9.358554
1407.000000,-14.342207,5.665294
1408.000000,-12.355045,9.363347
1409.000000,-11.203504,8.286232
1410.000000,-11.241692,9.250872
1411.000000,-12.350988,10.054329
1412.000000,-11.755786,11.570053
1413.000000,-16.456880,15.757016
1414.000000,-60.108260,118.926151
1415.000000,-4.273465,-11.226093
1416.000000,-5.248078,-2.873814
1417.000000,-7.609270,-1.726817
1418.000000,-7.747861,0.021348
1419.000000,-8.803999,0.668166
1420.000000,-9.306198,-0.417657
1421.000000,-12.325532,1.530360
1422.000000,-6.662121,2.016715
1423.000000,-12.440217,2.615159
1424.000000,-10.023500,3.001360
1425.000000,-6.088925,0.754652
1426.000000,-10.777001,-1.872838
1427.000000,-9.272868,4.545724
1428.000000,-10.764395,3.112642
1429.000000,-7.621216,9.932349
1430.000000,-14.767197,3.852928
1431.000000,-12.934642,2.297416
1432.000000,-9.392761,5.994862
1433.000000,-10.205983,7.517702
1434.000000,-9.100583,2.223489
1435.000000,-10.048675,4.990839
1436.000000,-8.204475,0.282503
1437.000000,-9.494724,2.958934
1438.000000,-14.034241,3.642006
1439.000000,-12.578075,1.573055
1440.000000,-4.235736,2.080913
1441.000000,-12.113984,6.079164
1442.000000,-9.858722,5.661548
1443.000000,-14.127792,9.285927
1444.000000,-8.403962,8.142461
1445.000000,-11.074386,3.633399
1446.000000,-12.536541,3.577399
1447.000000,-8.490698,7.277467
1448.000000,-13.472225,4.130645
1449.000000,-11.192413,7.422813
1450.000000,-10.106001,6.133768
1451.000000,-9.874012,6.834431
1452.000000,-10.731596,7.370010
1453.000000,-9.628927,7.947085
1454.000000,-13.058290,10.198369
1455.000000,-40.250118,104.566569
1456.000000,-8.144518,-5.189809
1457.000000,-6.865589,-0.847165
1458.000000,-8.628230,-0.647178
1459.000000,-8.354388,0.480713
1460.000000,-9.178790,0.934707
1461.000000,-9.730512,-0.381641
1462.000000,-12.623488,1.713814
1463.000000,-6.871469,1.384399
1464.000000,-12.455983,2.639634
1465.000000,-10.212374,2.774116
1466.000000,-6.380634,-0.013402
1467.000000,-11.261225,-2.423930
1468.000000,-9.027042,3.575112
1469.000000,-10.694719,2.324423
1470.000000,-6.524602,8.898565
1471.000000,-14.357105,4.042471
1472.000000,-13.120921,2.083144
1473.000000,-9.171321,5.226205
1474.000000,-9.672114,7.101589
1475.000000,-9.187391,1.745292
1476.000000,-9.755580,4.572299
1477.000000,-8.441621,-0.422169
1478.000000,-9.222071,2.164168
1479.000000,-13.769607,3.463851
1480.000000,-12.969890,1.198551
1481.000000,-4.411453,0.380351
1482.000000,-11.477499,5.260934
1483.000000,-9.355412,4.622818
1484.000000,-13.263781,8.922453
1485.000000,-7.743257,7.400734
1486.000000,-10.791811,3.247779
1487.000000,-12.422097,3.140760
1488.000000,-7.873805,6.305353
1489.000000,-13.188850,3.801764
1490.000000,-10.695803,6.758918
1491.000000,-9.736356,5.392653
1492.000000,-9.331739,5.996708
1493.000000,-10.069244,6.589304
1494.000000,-8.777005,6.877307
1495.000000,-11.748337,9.049047
1496.000000,-36.018948,176.275285
1497.000000,-9.630864,-3.980974
1498.000000,-7.555138,-0.831250
1499.000000,-9.120135,-0.746039
1500.000000,-8.646647,0.140315
1501.000000,-9.332500,0.614711
1502.000000,-10.009933,-0.769358
1503.000000,-12.796990,1.581915
1504.000000,-7.088048,0.497542
1505.000000,-12.409509,2.424612
1506.000000,-10.371711,2.404608
1507.000000,-6.731435,-0.881979
1508.000000,-11.821768,-3.036584
1509.000000,-8.938183,2.461288
1510.000000,-10.768807,1.402834
1511.000000,-5.585085,7.569983
1512.000000,-13.888612,4.021027
1513.000000,-13.311065,1.799471
1514.000000,-9.056445,4.338032
1515.000000,-9.181612,6.505524
1516.000000,-9.316810,1.169623
1517.000000,-9.505622,4.013377
1518.000000,-8.765087,-1.203439
1519.000000,-9.069318,1.197570
1520.000000,-13.522253,3.105647
1521.000000,-13.409774,0.768427
1522.000000,-4.862130,-1.438520
1523.000000,-11.019707,4.140724
1524.000000,-9.037688,3.257879
1525.000000,-12.481418,8.149290
1526.000000,-7.174351,6.245842
1527.000000,-10.549304,2.446892
1528.000000,-12.376035,2.280027
1529.000000,-7.400086,4.761583
1530.000000,-12.959950,2.835406
1531.000000,-10.301035,5.323422
1532.000000,-9.481821,3.708547
1533.000000,-8.929826,3.910283
1534.000000,-9.547457,4.075708
1535.000000,-8.118205,3.106004
1536.000000,-10.690663,2.285009
1537.000000,-14.050253,-104.660426
1538.000000,-10.689228,3.132473
1539.000000,-8.115339,2.310787
1540.000000,-9.543170,1.339925
1541.000000,-8.924130,1.503720
1542.000000,-9.474734,1.703340
1543.000000,-10.292579,0.085852
1544.000000,-12.950153,2.570737
1545.000000,-7.388981,0.640889
1546.000000,-12.363661,3.118210
1547.000000,-10.535707,2.946511
1548.000000,-7.159582,-0.857908
1549.000000,-12.465536,-2.767502
1550.000000,-9.020761,2.117030
1551.000000,-11.001813,1.226516
1552.000000,-4.843357,6.797229
1553.000000,-13.390222,4.580805
1554.000000,-13.502036,2.233065
1555.000000,-9.048566,4.129461
1556.000000,-8.743950,6.517492
1557.000000,-9.484271,1.286234
1558.000000,-9.295443,4.113883
1559.000000,-9.160459,-1.240028
1560.000000,-9.035774,0.907254
1561.000000,-13.291192,3.423035
1562.000000,-13.869914,1.175672
1563.000000,-5.568011,-2.402703
1564.000000,-10.753904,3.730667
1565.000000,-8.926122,2.633092
1566.000000,-11.813386,8.085190
1567.000000,-6.727798,5.876370
1568.000000,-10.374203,2.524620
1569.000000,-12.419971,2.424880
1570.000000,-7.109012,4.252196
1571.000000,-12.832072,3.039475
1572.000000,-10.064559,5.219477
1573.000000,-9.415370,3.595330
1574.000000,-8.773032,3.708822
1575.000000,-9.320761,3.991121
1576.000000,-7.907720,2.857185
1577.000000,-10.455882,2.250979
1578.000000,-13.603137,5.948734
1579.000000,-10.782186,3.367452
1580.000000,-8.229753,2.207424
1581.000000,-9.664212,1.353942
1582.000000,-8.997739,1.368737
1583.000000,-9.444603,1.623019
1584.000000,-10.431839,0.021630
1585.000000,-12.944405,2.809346
1586.000000,-7.643721,0.177389
1587.000000,-12.202953,3.240953
1588.000000,-10.581236,3.051973
1589.000000,-7.539549,-1.169157
1590.000000,-13.065691,-2.748806
1591.000000,-9.162005,1.500680
1592.000000,-11.288071,0.818421
1593.000000,-4.225472,5.659548
1594.000000,-12.786957,4.805576
1595.000000,-13.589430,2.507401
1596.000000,-9.044448,3.776473
1597.000000,-8.266424,6.333938
1598.000000,-9.582751,1.311893
1599.000000,-9.016935,4.112220
1600.000000,-9.504100,-1.270221
1601.000000,-9.005883,0.579204
1602.000000,-12.958262,3.696141
1603.000000,-14.197505,1.710153
1604.000000,-6.368434,-3.173548
1605.000000,-10.542466,3.371562
1606.000000,-8.879324,2.089840
1607.000000,-11.118843,8.055116
1608.000000,-6.244628,5.607130
1609.000000,-10.084112,2.777152
1610.000000,-12.337308,2.862309
1611.000000,-6.764932,4.058584
1612.000000,-12.532750,3.656235
1613.000000,-9.661087,5.657551
1614.000000,-9.139549,4.212781
1615.000000,-8.360971,4.477695
1616.000000,-8.712313,5.293391
1617.000000,-7.108272,4.865577
1618.000000,-8.891168,7.235549
1619.000000,-28.897304,-55.406126
1620.000000,-12.012334,-1.189822
1621.000000,-8.979473,-0.491890
1622.000000,-10.221336,-0.465750
1623.000000,-9.434924,-0.215904
1624.000000,-9.710315,0.307468
1625.000000,-10.826140,-1.104081
1626.000000,-13.127377,2.097003
1627.000000,-8.162329,-1.121307
1628.000000,-12.221414,2.520230
1629.000000,-10.770305,2.414627
1630.000000,-8.109405,-2.137710
1631.000000,-13.841699,-3.319888
1632.000000,-9.580366,0.269084
1633.000000,-11.842885,-0.181563
1634.000000,-3.971613,3.785315
1635.000000,-12.320810,4.262881
1636.000000,-13.783859,2.164227
1637.000000,-9.251381,2.817759
1638.000000,-7.968452,5.464412
1639.000000,-9.820385,0.725671
1640.000000,-8.880573,3.461592
1641.000000,-9.994955,-1.865498
1642.000000,-9.191586,-0.377457
1643.000000,-12.744398,3.282724
1644.000000,-14.589208,1.686833
1645.000000,-7.457112,-4.436876
1646.000000,-10.616196,2.333637
1647.000000,-9.143093,0.845172
1648.000000,-10.668835,7.200467
1649.000000,-6.006462,4.499523
1650.000000,-9.972103,2.165961
1651.000000,-12.427082,2.447258
1652.000000,-6.697215,2.915757
1653.000000,-12.423187,3.236081
1654.000000,-9.488087,4.963439
1655.000000,-9.105146,3.568601
1656.000000,-8.230403,3.749564
1657.000000,-8.400111,4.711446
1658.000000,-6.676689,4.240104
1659.000000,-7.792634,7.304804
1660.000000,-30.850117,-40.068750
1661.000000,-12.949530,-1.945966
1662.000000,-9.704483,-1.443759
1663.000000,-10.821274,-1.252550
1664.000000,-9.979500,-1.131846
1665.000000,-10.103598,-0.584107
1666.000000,-11.363741,-1.942477
1667.000000,-13.428404,1.552917
1668.000000,-8.904093,-2.293340
1669.000000,-12.419147,1.773470
1670.000000,-11.117859,1.733376
1671.000000,-8.897224,-3.150668
1672.000000,-14.834809,-3.944505
1673.000000,-10.342429,-1.093852
1674.000000,-12.755163,-1.348353
1675.000000,-4.219481,1.555595
1676.000000,-12.162393,3.240566
1677.000000,-14.249507,1.429143
1678.000000,-9.849749,1.446182
1679.000000,-8.066068,4.047919
1680.000000,-10.426362,-0.390986
1681.000000,-9.141851,2.192671
1682.000000,-10.901305,-3.046036
1683.000000,-9.898711,-2.024531
1684.000000,-12.996219,2.046497
1685.000000,-15.399791,0.896218
1686.000000,-9.213197,-6.431192
1687.000000,-11.428267,0.311619
1688.000000,-10.230116,-1.487889
1689.000000,-11.055199,5.026908
1690.000000,-6.678705,1.939396
1691.000000,-10.790697,-0.071058
1692.000000,-13.537711,0.250922
1693.000000,-7.895505,-0.296561
1694.000000,-13.673329,0.380345
1695.000000,-10.949161,1.384429
1696.000000,-11.049429,-0.594099
1697.000000,-10.633143,-1.497952
1698.000000,-11.514501,-2.097570
1699.000000,-11.576435,-6.139277
1700.000000,-18.336144,-14.286201
1701.000000,30.367617,82.985323
1702.000000,-5.150259,13.520213
1703.000000,-5.733367,6.470887
1704.000000,-8.182661,4.117777
1705.000000,-8.071203,2.707582
1706.000000,-8.508771,2.396830
1707.000000,-10.224312,0.525556
1708.000000,-12.238423,3.884356
1709.000000,-8.413228,-0.846178
1710.000000,-11.477860,3.311712
1711.000000,-10.396364,3.172993
1712.000000,-8.745962,-2.146917
1713.000000,-14.946023,-2.647022
1714.000000,-10.407652,-0.664202
1715.000000,-13.033595,-0.809203
1716.000000,-4.046599,0.817247
1717.000000,-11.445835,3.513650
1718.000000,-14.129079,2.033745
1719.000000,-10.003494,1.388148
1720.000000,-7.763337,3.793852
1721.000000,-10.619813,-0.347055
1722.000000,-9.043273,1.992290
1723.000000,-11.471423,-3.124238
1724.000000,-10.400496,-2.652959
1725.000000,-13.016690,1.694403
1726.000000,-15.924512,1.047950
1727.000000,-10.927064,-7.385858
1728.000000,-12.312805,-0.877961
1729.000000,-11.500533,-3.046485
1730.000000,-11.679432,3.440998
1731.000000,-7.691063,-0.110534
1732.000000,-12.002239,-1.908302
1733.000000,-15.158367,-1.611921
1734.000000,-9.901562,-3.331258
1735.000000,-15.897213,-2.525442
1736.000000,-13.747919,-2.493697
1737.000000,-14.811726,-5.415420
1738.000000,-15.632755,-7.996956
1739.000000,-18.530228,-11.212885
1740.000000,-23.228262,-21.106735
1741.000000,-45.966362,-49.322439
1742.000000,137.022662,209.924970
1743.000000,14.815259,38.197252
1744.000000,5.564733,20.483158
1745.000000,-0.052158,14.310436
1746.000000,-1.657747,10.702888
1747.000000,-2.994013,9.103860
1748.000000,-5.543381,6.468830
1749.000000,-7.730035,9.493853
1750.000000,-4.870333,3.829369
1751.000000,-7.592946,7.905564
1752.000000,-6.782941,7.640991
1753.000000,-5.799218,1.920254
1754.000000,-12.276755,1.748514
1755.000000,-7.834741,2.878619
1756.000000,-10.685838,2.888134
1757.000000,-1.425765,3.174620
1758.000000,-8.102572,6.786142
1759.000000,-11.256978,5.799066
1760.000000,-7.449629,4.622406
1761.000000,-4.712814,6.834075
1762.000000,-7.934898,3.143591
1763.000000,-5.994905,5.324466
1764.000000,-8.958127,0.556396
1765.000000,-7.790790,0.625557
1766.000000,-9.728545,5.343729
1767.000000,-12.851316,5.510712
1768.000000,-9.012796,-3.591448
1769.000000,-9.420924,2.847190
1770.000000,-8.777310,0.672263
1771.000000,-7.990736,7.427818
1772.000000,-4.025452,3.908369
1773.000000,-8.020143,2.900024
1774.000000,-10.982942,3.961154
1775.000000,-5.512372,2.020150
1776.000000,-10.729170,4.136288
1777.000000,-7.931060,4.868160
1778.000000,-8.177600,3.380336
1779.000000,-7.547788,2.736895
1780.000000,-7.789987,3.106461
1781.000000,-7.267797,0.545023
1782.000000,-11.267483,-1.363886
1783.000000,1.372645,18.644127
1784.000000,-6.551830,7.582158
1785.000000,-5.770492,4.098212
1786.000000,-7.520939,3.442497
1787.000000,-7.191237,2.533995
1788.000000,-7.176503,2.621709
1789.000000,-9.030510,1.256586
1790.000000,-10.251822,5.373276
1791.000000,-7.599821,-0.053052
1792.000000,-9.325228,4.693169
1793.000000,-8.223975,4.987652
1794.000000,-7.506285,-0.524696
1795.000000,-13.874834,0.121794
1796.000000,-9.350629,0.797983
1797.000000,-12.180131,1.304438
1798.000000,-2.639908,0.446749
1799.000000,-8.285493,5.026316
1800.000000,-11.647033,4.798056
1801.000000,-8.100529,3.317400
1802.000000,-4.782892,5.382383
1803.000000,-8.206561,2.287586
1804.000000,-5.834457,4.360058
1805.000000,-9.214099,0.086800
1806.000000,-7.981225,-0.197614
1807.000000,-9.148980,4.816497
1808.000000,-12.301863,5.873770
1809.000000,-9.718335,-3.695603
1810.000000,-9.221307,2.533925
1811.000000,-8.786894,0.323709
1812.000000,-7.052420,7.150841
1813.000000,-3.144457,3.549328
1814.000000,-6.806387,3.140828
1815.000000,-9.587215,4.798131
1816.000000,-4.103440,2.382477
1817.000000,-8.609243,5.378929
1818.000000,-5.374508,6.302184
1819.000000,-5.078511,5.504852
1820.000000,-3.469846,5.627518
1821.000000,-1.819006,7.537190
1822.000000,2.351598,8.077054
1823.000000,12.670507,18.432080
1824.000000,-63.634852,-38.707371
1825.000000,-20.802963,-5.232749
1826.000000,-14.155009,-3.572259
1827.000000,-13.488120,-2.043628
1828.000000,-11.985269,-1.959279
1829.000000,-11.079153,-1.256039
1830.000000,-12.534338,-2.047905
1831.000000,-12.968815,2.617132
1832.000000,-10.746526,-2.865097
1833.000000,-11.609111,2.154889
1834.000000,-10.274957,2.763482
1835.000000,-9.924065,-2.681542
1836.000000,-16.215877,-1.353916
1837.000000,-11.788713,-1.240979
1838.000000,-14.660542,-0.337089
1839.000000,-5.124733,-2.495660
1840.000000,-9.712566,2.749839
1841.000000,-13.229078,3.226785
1842.000000,-10.075814,1.417418
1843.000000,-6.294932,3.154626
1844.000000,-9.929482,0.579996
1845.000000,-7.227243,2.403710
1846.000000,-11.052904,-1.409183
1847.000000,-9.940769,-2.141467
1848.000000,-10.421024,2.940224
1849.000000,-13.562626,4.799911
1850.000000,-12.452783,-5.144370
1851.000000,-11.303457,0.637454
1852.000000,-11.298874,-1.741889
1853.000000,-8.849517,4.852389
1854.000000,-5.258784,0.942282
1855.000000,-8.833047,0.821011
1856.000000,-11.734626,2.777094
1857.000000,-6.799802,-0.480598
1858.000000,-11.136287,2.810319
1859.000000,-8.291276,3.234779
1860.000000,-8.596076,2.141890
1861.000000,-7.816929,1.504015
1862.000000,-7.375026,2.275187
1863.000000,-6.287504,0.185226
1864.000000,-6.892933,1.198463
1865.000000,-13.661286,2.495100
1866.000000,-10.128907,3.289452
1867.000000,-8.502181,0.830334
1868.000000,-9.633372,0.923604
1869.000000,-9.216295,0.097210
1870.000000,-8.817579,0.206413
1871.000000,-10.805701,-0.810406
1872.000000,-11.090254,3.778756
1873.000000,-9.845161,-2.099956
1874.000000,-10.251621,2.761380
1875.000000,-8.943124,3.400407
1876.000000,-9.204931,-2.137516
1877.000000,-15.562281,-0.279820
1878.000000,-11.491988,-0.823634
1879.000000,-14.529292,0.392058
1880.000000,-5.336642,-3.170490
1881.000000,-8.905906,2.452075
1882.000000,-12.530403,3.588139
1883.000000,-9.883101,1.473681
1884.000000,-5.748656,2.758927
1885.000000,-9.565909,0.677130
1886.000000,-6.586534,2.180938
1887.000000,-10.805794,-1.134861
1888.000000,-9.906214,-2.299491
1889.000000,-9.689187,2.727728
1890.000000,-12.633320,5.399171
1891.000000,-13.008870,-4.665961
1892.000000,-11.266891,0.629159
1893.000000,-11.668251,-1.832505
1894.000000,-8.460939,4.482342
1895.000000,-5.094611,0.339847
1896.000000,-8.393549,0.554512
1897.000000,-11.156982,2.960243
1898.000000,-6.615279,-0.907427
1899.000000,-10.397628,2.852826
1900.000000,-7.486133,3.130638
1901.000000,-7.691501,2.248796
1902.000000,-6.693073,1.639193
1903.000000,-5.575020,2.623158
1904.000000,-3.440765,0.921273
1905.000000,1.235955,4.166737
1906.000000,-27.842539,-4.201840
1907.000000,-13.995325,1.280425
1908.000000,-11.031144,-0.556820
1909.000000,-11.461221,-0.069243
1910.000000,-10.827405,-0.816157
1911.000000,-10.145093,-0.722682
1912.000000,-12.119680,-1.555813
1913.000000,-11.838177,3.193318
1914.000000,-11.315700,-2.767415
1915.000000,-11.081915,2.009782
1916.000000,-9.587394,2.780792
1917.000000,-10.322853,-2.695564
1918.000000,-16.577444,-0.207995
1919.000000,-12.868011,-1.276414
1920.000000,-15.988957,0.344474
1921.000000,-7.324227,-4.541381
1922.000000,-9.832488,1.284987
1923.000000,-13.427187,3.106249
1924.000000,-11.321097,0.792924
1925.000000,-6.918220,1.571228
1926.000000,-10.879760,-0.012286
1927.000000,-7.694544,1.128004
1928.000000,-12.284069,-1.654241
1929.000000,-11.746809,-3.225603
1930.000000,-10.935883,1.604101
1931.000000,-13.618265,5.025564
1932.000000,-15.607572,-4.960355
1933.000000,-13.535163,-0.248122
1934.000000,-14.562753,-2.799473
1935.000000,-10.879858,3.063848
1936.000000,-8.037243,-1.406670
1937.000000,-11.370477,-1.036974
1938.000000,-14.351325,1.667849
1939.000000,-10.840347,-2.943095
1940.000000,-14.761938,0.949943
1941.000000,-12.798806,0.728883
1942.000000,-14.343086,-0.462889
1943.000000,-15.431988,-1.860610
1944.000000,-17.715447,-2.162169
1945.000000,-23.738073,-6.796402
1946.000000,-53.201520,-15.636913
1947.000000,58.854208,25.894762
1948.000000,11.208364,9.726434
1949.000000,3.867390,4.300632
1950.000000,-0.588452,3.449366
1951.000000,-2.299578,1.873142
1952.000000,-2.933288,1.358558
1953.000000,-5.952418,0.327563
1954.000000,-5.832251,4.903289
1955.000000,-6.599601,-1.238257
1956.000000,-6.183864,3.219668
1957.000000,-4.777788,3.968217
1958.000000,-6.208902,-1.489897
1959.000000,-12.465643,1.565388
1960.000000,-9.315782,-0.004201
1961.000000,-12.577058,2.024680
1962.000000,-4.717832,-4.133511
1963.000000,-6.214761,1.678334
1964.000000,-9.657918,4.155808
1965.000000,-8.085664,1.737814
1966.000000,-3.444289,1.966492
1967.000000,-7.410614,0.893132
1968.000000,-3.952655,1.658444
1969.000000,-8.695541,-0.520548
1970.000000,-8.428339,-2.396835
1971.000000,-6.861916,2.176940
1972.000000,-8.877026,6.355089
1973.000000,-12.150137,-3.230679
1974.000000,-9.507361,0.976390
1975.000000,-10.770916,-1.475572
1976.000000,-6.178102,4.004610
1977.000000,-3.272380,-0.605434
1978.000000,-5.860403,0.082405
1979.000000,-8.028135,3.360937
1980.000000,-4.396808,-1.550509
1981.000000,-6.811235,2.883572
1982.000000,-3.579944,2.837583
1983.000000,-3.217557,2.301221
1984.000000,-1.350468,1.638118
1985.000000,1.974687,2.712634
1986.000000,8.217748,1.221529
1987.000000,34.554391,6.694719
1988.000000,-63.365915,-6.979727
1989.000000,-24.782546,0.002528
1990.000000,-17.548765,-1.511428
1991.000000,-15.793861,-0.644214
1992.000000,-14.311427,-1.363894
1993.000000,-12.823962,-1.459515
1994.000000,-14.535483,-1.973476
1995.000000,-12.872537,2.876234
1996.000000,-13.672024,-2.957164
1997.000000,-12.166271,1.405155
1998.000000,-10.064857,2.318799
1999.000000,-11.576130,-2.893248
2000.000000,-17.284552,0.875918
2001.000000,-14.372897,-0.989061
2002.000000,-17.435005,1.587537
2003.000000,-10.364800,-5.646106
2004.000000,-10.746501,0.025259
2005.000000,-13.816517,3.165611
2006.000000,-12.723861,0.773927
2007.000000,-7.924696,0.439993
2008.000000,-11.876423,-0.122536
2009.000000,-8.275824,0.236372
2010.000000,-13.220156,-1.326124
2011.000000,-13.474487,-3.457164
2012.000000,-11.459459,0.723495
2013.000000,-12.967265,5.521321
2014.000000,-17.831188,-3.495494
2015.000000,-15.195199,0.129002
2016.000000,-17.292857,-2.240447
2017.000000,-12.583070,2.675376
2018.000000,-10.525717,-2.206630
2019.000000,-13.457658,-1.446293
2020.000000,-16.123309,2.151334
2021.000000,-14.224138,-3.273514
2022.000000,-17.491974,1.226495
2023.000000,-16.277729,0.812930
2024.000000,-18.759606,0.129048
2025.000000,-21.478373,-1.047178
2026.000000,-26.080878,-0.882901
2027.000000,-38.710254,-4.398602
2028.000000,-101.238366,-8.157351
2029.000000,93.754115,9.055899
2030.000000,26.067340,4.700152
2031.000000,13.028364,1.087599
2032.000000,6.461980,1.156651
2033.000000,3.200969,-0.050613
2034.000000,1.822494,-0.593848
2035.000000,-1.949568,-1.169017
2036.000000,-1.151194,3.463303
2037.000000,-3.766512,-2.276212
2038.000000,-2.609651,1.681291
2039.000000,-0.858140,2.509585
2040.000000,-3.261954,-2.582250
2041.000000,-8.999551,1.750603
2042.000000,-6.878603,-0.432557
2043.000000,-10.080943,2.635102
2044.000000,-4.286802,-5.599289
2045.000000,-3.860423,-0.305949
2046.000000,-6.594346,3.379651
2047.000000,-6.037713,1.060460
2048.000000,-1.178415,0.102569
2049.000000,-5.000000,0.000000
2050.000000,-1.178415,-0.102569
2051.000000,-6.037713,-1.060460
2052.000000,-6.594346,-3.379651
2053.000000,-3.860423,0.305949
2054.000000,-4.286802,5.599289
2055.000000,-10.080943,-2.635102
2056.000000,-6.878603,0.432557
2057.000000,-8.999551,-1.750603
2058.000000,-3.261954,2.582250
2059.000000,-0.858140,-2.509585
2060.000000,-2.609651,-1.681291
2061.000000,-3.766512,2.276212
2062.000000,-1.151194,-3.463303
2063.000000,-1.949568,1.169017
2064.000000,1.822494,0.593848
2065.000000,3.200969,0.050613
2066.000000,6.461980,-1.156651
2067.000000,13.028364,-1.087599
2068.000000,26.067340,-4.700152
2069.000000,93.754115,-9.055899
2070.000000,-101.238366,8.157351
2071.000000,-38.710254,4.398602
2072.000000,-26.080878,0.882901
2073.000000,-21.478373,1.047178
2074.000000,-18.759606,-0.129048
2075.000000,-16.277729,-0.812930
2076.000000,-17.491974,-1.226495
2077.000000,-14.224138,3.273514
2078.000000,-16.123309,-2.151334
2079.000000,-13.457658,1.446293
2080.000000,-10.525717,2.206630
2081.000000,-12.583070,-2.675376
2082.000000,-17.292857,2.240447
2083.000000,-15.195199,-0.129002
2084.000000,-17.831188,3.495494
2085.000000,-12.967265,-5.521321
2086.000000,-11.459459,-0.723495
2087.000000,-13.474487,3.457164
2088.000000,-13.220156,1.326124
2089.000000,-8.275824,-0.236372
2090.000000,-11.876423,0.122536
2091.000000,-7.924696,-0.439993
2092.000000,-12.723861,-0.773927
2093.000000,-13.816517,-3.165611
2094.000000,-10.746501,-0.025259
2095.000000,-10.364800,5.646106
2096.000000,-17.435005,-1.587537
2097.000000,-14.372897,0.989061
2098.000000,-17.284552,-0.875918
2099.000000,-11.576130,2.893248
2100.000000,-10.064857,-2.318799
2101.000000,-12.166271,-1.405155
2102.000000,-13.672024,2.957164
2103.000000,-12.872537,-2.876234
2104.000000,-14.535483,1.973476
2105.000000,-12.823962,1.459515
2106.000000,-14.311427,1.363894
2107.000000,-15.793861,0.644214
2108.000000,-17.548765,1.511428
2109.000000,-24.782546,-0.002528
2110.000000,-63.365915,6.979727
2111.000000,34.554391,-6.694719
2112.000000,8.217748,-1.221529
2113.000000,1.974687,-2.712634
2114.000000,-1.350468,-1.638118
2115.000000,-3.217557,-2.301221
2116.000000,-3.579944,-2.837583
2117.000000,-6.811235,-2.883572
2118.000000,-4.396808,1.550509
2119.000000,-8.028135,-3.360937
2120.000000,-5.860403,-0.082405
2121.000000,-3.272380,0.605434
2122.000000,-6.178102,-4.004610
2123.000000,-10.770916,1.475572
2124.000000,-9.507361,-0.976390
2125.000000,-12.150137,3.230679
2126.000000,-8.877026,-6.355089
2127.000000,-6.861916,-2.176940
2128.000000,-8.428339,2.396835
2129.000000,-8.695541,0.520548
2130.000000,-3.952655,-1.658444
2131.000000,-7.410614,-0.893132
2132.000000,-3.444289,-1.966492
2133.000000,-8.085664,-1.737814
2134.000000,-9.657918,-4.155808
2135.000000,-6.214761,-1.678334
2136.000000,-4.717832,4.133511
2137.000000,-12.577058,-2.024680
2138.000000,-9.315782,0.004201
2139.000000,-12.465643,-1.565388
2140.000000,-6.208902,1.489897
2141.000000,-4.777788,-3.968217
2142.000000,-6.183864,-3.219668
2143.000000,-6.599601,1.238257
2144.000000,-5.832251,-4.903289
2145.000000,-5.952418,-0.327563
2146.000000,-2.933288,-1.358558
2147.000000,-2.299578,-1.873142
2148.000000,-0.588452,-3.449366
2149.000000,3.867390,-4.300632
2150.000000,11.208364,-9.726434
2151.000000,58.854208,-25.894762
2152.000000,-53.201520,15.636913
2153.000000,-23.738073,6.796402
2154.000000,-17.715447,2.162169
2155.000000,-15.431988,1.860610
2156.000000,-14.343086,0.462889
2157.000000,-12.798806,-0.728883
2158.000000,-14.761938,-0.949943
2159.000000,-10.840347,2.943095
2160.000000,-14.351325,-1.667849
2161.000000,-11.370477,1.036974
2162.000000,-8.037243,1.406670
2163.000000,-10.879858,-3.063848
2164.000000,-14.562753,2.799473
2165.000000,-13.535163,0.248122
2166.000000,-15.607572,4.960355
2167.000000,-13.618265,-5.025564
2168.000000,-10.935883,-1.604101
2169.000000,-11.746809,3.225603
2170.000000,-12.284069,1.654241
2171.000000,-7.694544,-1.128004
2172.000000,-10.879760,0.012286
2173.000000,-6.918220,-1.571228
2174.000000,-11.321097,-0.792924
2175.000000,-13.427187,-3.106249
2176.000000,-9.832488,-1.284987
2177.000000,-7.324227,4.541381
2178.000000,-15.988957,-0.344474
2179.000000,-12.868011,1.276414
2180.000000,-16.577444,0.207995
2181.000000,-10.322853,2.695564
2182.000000,-9.587394,-2.780792
2183.000000,-11.081915,-2.009782
2184.000000,-11.315700,2.767415
2185.000000,-11.838177,-3.193318
2186.000000,-12.119680,1.555813
2187.000000,-10.145093,0.722682
2188.000000,-10.827405,0.816157
2189.000000,-11.461221,0.069243
2190.000000,-11.031144,0.556820
2191.000000,-13.995325,-1.280425
2192.000000,-27.842539,4.201840
2193.000000,1.235955,-4.166737
2194.000000,-3.440765,-0.921273
2195.000000,-5.575020,-2.623158
2196.000000,-6.693073,-1.639193
2197.000000,-7.691501,-2.248796
2198.000000,-7.486133,-3.130638
2199.000000,-10.397628,-2.852826
2200.000000,-6.615279,0.907427
2201.000000,-11.156982,-2.960243
2202.000000,-8.393549,-0.554512
2203.000000,-5.094611,-0.339847
2204.000000,-8.460939,-4.482342
2205.000000,-11.668251,1.832505
2206.000000,-11.266891,-0.629159
2207.000000,-13.008870,4.665961
2208.000000,-12.633320,-5.399171
2209.000000,-9.689187,-2.727728
2210.000000,-9.906214,2.299491
2211.000000,-10.805794,1.134861
2212.000000,-6.586534,-2.180938
2213.000000,-9.565909,-0.677130
2214.000000,-5.748656,-2.758927
2215.000000,-9.883101,-1.473681
2216.000000,-12.530403,-3.588139
2217.000000,-8.905906,-2.452075
2218.000000,-5.336642,3.170490
2219.000000,-14.529292,-0.392058
2220.000000,-11.491988,0.823634
2221.000000,-15.562281,0.279820
2222.000000,-9.204931,2.137516
2223.000000,-8.943124,-3.400407
2224.000000,-10.251621,-2.761380
2225.000000,-9.845161,2.099956
2226.000000,-11.090254,-3.778756
2227.000000,-10.805701,0.810406
2228.000000,-8.817579,-0.206413
2229.000000,-9.216295,-0.097210
2230.000000,-9.633372,-0.923604
2231.000000,-8.502181,-0.830334
2232.000000,-10.128907,-3.289452
2233.000000,-13.661286,-2.495100
2234.000000,-6.892933,-1.198463
2235.000000,-6.287504,-0.185226
2236.000000,-7.375026,-2.275187
2237.000000,-7.816929,-1.504015
2238.000000,-8.596076,-2.141890
2239.000000,-8.291276,-3.234779
2240.000000,-11.136287,-2.810319
2241.000000,-6.799802,0.480598
2242.000000,-11.734626,-2.777094
2243.000000,-8.833047,-0.821011
2244.000000,-5.258784,-0.942282
2245.000000,-8.849517,-4.852389
2246.000000,-11.298874,1.741889
2247.000000,-11.303457,-0.637454
2248.000000,-12.452783,5.144370
2249.000000,-13.562626,-4.799911
2250.000000,-10.421024,-2.940224
2251.000000,-9.940769,2.141467
2252.000000,-11.052904,1.409183
2253.000000,-7.227243,-2.403710
2254.000000,-9.929482,-0.579996
2255.000000,-6.294932,-3.154626
2256.000000,-10.075814,-1.417418
2257.000000,-13.229078,-3.226785
2258.000000,-9.712566,-2.749839
2259.000000,-5.124733,2.495660
2260.000000,-14.660542,0.337089
2261.000000,-11.788713,1.240979
2262.000000,-16.215877,1.353916
2263.000000,-9.924065,2.681542
2264.000000,-10.274957,-2.763482
2265.000000,-11.609111,-2.154889
2266.000000,-10.746526,2.865097
2267.000000,-12.968815,-2.617132
2268.000000,-12.534338,2.047905
2269.000000,-11.079153,1.256039
2270.000000,-11.985269,1.959279
2271.000000,-13.488120,2.043628
2272.000000,-14.155009,3.572259
2273.000000,-20.802963,5.232749
2274.000000,-63.634852,38.707371
2275.000000,12.670507,-18.432080
2276.000000,2.351598,-8.077054
2277.000000,-1.819006,-7.537190
2278.000000,-3.469846,-5.627518
2279.000000,-5.078511,-5.504852
2280.000000,-5.374508,-6.302184
2281.000000,-8.609243,-5.378929
2282.000000,-4.103440,-2.382477
2283.000000,-9.587215,-4.798131
2284.000000,-6.806387,-3.140828
2285.000000,-3.144457,-3.549328
2286.000000,-7.052420,-7.150841
2287.000000,-8.786894,-0.323709
2288.000000,-9.221307,-2.533925
2289.000000,-9.718335,3.695603
2290.000000,-12.301863,-5.873770
2291.000000,-9.148980,-4.816497
2292.000000,-7.981225,0.197614
2293.000000,-9.214099,-0.086800
2294.000000,-5.834457,-4.360058
2295.000000,-8.206561,-2.287586
2296.000000,-4.782892,-5.382383
2297.000000,-8.100529,-3.317400
2298.000000,-11.647033,-4.798056
2299.000000,-8.285493,-5.026316
2300.000000,-2.639908,-0.446749
2301.000000,-12.180131,-1.304438
2302.000000,-9.350629,-0.797983
2303.000000,-13.874834,-0.121794
2304.000000,-7.506285,0.524696
2305.000000,-8.223975,-4.987652
2306.000000,-9.325228,-4.693169
2307.000000,-7.599821,0.053052
2308.000000,-10.251822,-5.373276
2309.000000,-9.030510,-1.256586
2310.000000,-7.176503,-2.621709
2311.000000,-7.191237,-2.533995
2312.000000,-7.520939,-3.442497
2313.000000,-5.770492,-4.098212
2314.000000,-6.551830,-7.582158
2315.000000,1.372645,-18.644127
2316.000000,-11.267483,1.363886
2317.000000,-7.267797,-0.545023
2318.000000,-7.789987,-3.106461
2319.000000,-7.547788,-2.736895
2320.000000,-8.177600,-3.380336
2321.000000,-7.931060,-4.868160
2322.000000,-10.729170,-4.136288
2323.000000,-5.512372,-2.020150
2324.000000,-10.982942,-3.961154
2325.000000,-8.020143,-2.900024
2326.000000,-4.025452,-3.908369
2327.000000,-7.990736,-7.427818
2328.000000,-8.777310,-0.672263
2329.000000,-9.420924,-2.847190
2330.000000,-9.012796,3.591448
2331.000000,-12.851316,-5.510712
2332.000000,-9.728545,-5.343729
2333.000000,-7.790790,-0.625557
2334.000000,-8.958127,-0.556396
2335.000000,-5.994905,-5.324466
2336.000000,-7.934898,-3.143591
2337.000000,-4.712814,-6.834075
2338.000000,-7.449629,-4.622406
2339.000000,-11.256978,-5.799066
2340.000000,-8.102572,-6.786142
2341.000000,-1.425765,-3.174620
2342.000000,-10.685838,-2.888134
2343.000000,-7.834741,-2.878619
2344.000000,-12.276755,-1.748514
2345.000000,-5.799218,-1.920254
2346.000000,-6.782941,-7.640991
2347.000000,-7.592946,-7.905564
2348.000000,-4.870333,-3.829369
2349.000000,-7.730035,-9.493853
2350.000000,-5.543381,-6.468830
2351.000000,-2.994013,-9.103860
2352.000000,-1.657747,-10.702888
2353.000000,-0.052158,-14.310436
2354.000000,5.564733,-20.483158
2355.000000,14.815259,-38.197252
2356.000000,137.022662,-209.924970
2357.000000,-45.966362,49.322439
2358.000000,-23.228262,21.106735
2359.000000,-18.530228,11.212885
2360.000000,-15.632755,7.996956
2361.000000,-14.811726,5.415420
2362.000000,-13.747919,2.493697
2363.000000,-15.897213,2.525442
2364.000000,-9.901562,3.331258
2365.000000,-15.158367,1.611921
2366.000000,-12.002239,1.908302
2367.000000,-7.691063,0.110534
2368.000000,-11.679432,-3.440998
2369.000000,-11.500533,3.046485
2370.000000,-12.312805,0.877961
2371.000000,-10.927064,7.385858
2372.000000,-15.924512,-1.047950
2373.000000,-13.016690,-1.694403
2374.000000,-10.400496,2.652959
2375.000000,-11.471423,3.124238
2376.000000,-9.043273,-1.992290
2377.000000,-10.619813,0.347055
2378.000000,-7.763337,-3.793852
2379.000000,-10.003494,-1.388148
2380.000000,-14.129079,-2.033745
2381.000000,-11.445835,-3.513650
2382.000000,-4.046599,-0.817247
2383.000000,-13.033595,0.809203
2384.000000,-10.407652,0.664202
2385.000000,-14.946023,2.647022
2386.000000,-8.745962,2.146917
2387.000000,-10.396364,-3.172993
2388.000000,-11.477860,-3.311712
2389.000000,-8.413228,0.846178
2390.000000,-12.238423,-3.884356
2391.000000,-10.224312,-0.525556
2392.000000,-8.508771,-2.396830
2393.000000,-8.071203,-2.707582
2394.000000,-8.182661,-4.117777
2395.000000,-5.733367,-6.470887
2396.000000,-5.150259,-13.520213
2397.000000,30.367617,-82.985323
2398.000000,-18.336144,14.286201
2399.000000,-11.576435,6.139277
2400.000000,-11.514501,2.097570
2401.000000,-10.633143,1.497952
2402.000000,-11.049429,0.594099
2403.000000,-10.949161,-1.384429
2404.000000,-13.673329,-0.380345
2405.000000,-7.895505,0.296561
2406.000000,-13.537711,-0.250922
2407.000000,-10.790697,0.071058
2408.000000,-6.678705,-1.939396
2409.000000,-11.055199,-5.026908
2410.000000,-10.230116,1.487889
2411.000000,-11.428267,-0.311619
2412.000000,-9.213197,6.431192
2413.000000,-15.399791,-0.896218
2414.000000,-12.996219,-2.046497
2415.000000,-9.898711,2.024531
2416.000000,-10.901305,3.046036
2417.000000,-9.141851,-2.192671
2418.000000,-10.426362,0.390986
2419.000000,-8.066068,-4.047919
2420.000000,-9.849749,-1.446182
2421.000000,-14.249507,-1.429143
2422.000000,-12.162393,-3.240566
2423.000000,-4.219481,-1.555595
2424.000000,-12.755163,1.348353
2425.000000,-10.342429,1.093852
2426.000000,-14.834809,3.944505
2427.000000,-8.897224,3.150668
2428.000000,-11.117859,-1.733376
2429.000000,-12.419147,-1.773470
2430.000000,-8.904093,2.293340
2431.000000,-13.428404,-1.552917
2432.000000,-11.363741,1.942477
2433.000000,-10.103598,0.584107
2434.000000,-9.979500,1.131846
2435.000000,-10.821274,1.252550
2436.000000,-9.704483,1.443759
2437.000000,-12.949530,1.945966
2438.000000,-30.850117,40.068750
2439.000000,-7.792634,-7.304804
2440.000000,-6.676689,-4.240104
2441.000000,-8.400111,-4.711446
2442.000000,-8.230403,-3.749564
2443.000000,-9.105146,-3.568601
2444.000000,-9.488087,-4.963439
2445.000000,-12.423187,-3.236081
2446.000000,-6.697215,-2.915757
2447.000000,-12.427082,-2.447258
2448.000000,-9.972103,-2.165961
2449.000000,-6.006462,-4.499523
2450.000000,-10.668835,-7.200467
2451.000000,-9.143093,-0.845172
2452.000000,-10.616196,-2.333637
2453.000000,-7.457112,4.436876
2454.000000,-14.589208,-1.686833
2455.000000,-12.744398,-3.282724
2456.000000,-9.191586,0.377457
2457.000000,-9.994955,1.865498
2458.000000,-8.880573,-3.461592
2459.000000,-9.820385,-0.725671
2460.000000,-7.968452,-5.464412
2461.000000,-9.251381,-2.817759
2462.000000,-13.783859,-2.164227
2463.000000,-12.320810,-4.262881
2464.000000,-3.971613,-3.785315
2465.000000,-11.842885,0.181563
2466.000000,-9.580366,-0.269084
2467.000000,-13.841699,3.319888
2468.000000,-8.109405,2.137710
2469.000000,-10.770305,-2.414627
2470.000000,-12.221414,-2.520230
2471.000000,-8.162329,1.121307
2472.000000,-13.127377,-2.097003
2473.000000,-10.826140,1.104081
2474.000000,-9.710315,-0.307468
2475.000000,-9.434924,0.215904
2476.000000,-10.221336,0.465750
2477.000000,-8.979473,0.491890
2478.000000,-12.012334,1.189822
2479.000000,-28.897304,55.406126
2480.000000,-8.891168,-7.235549
2481.000000,-7.108272,-4.865577
2482.000000,-8.712313,-5.293391
2483.000000,-8.360971,-4.477695
2484.000000,-9.139549,-4.212781
2485.000000,-9.661087,-5.657551
2486.000000,-12.532750,-3.656235
2487.000000,-6.764932,-4.058584
2488.000000,-12.337308,-2.862309
2489.000000,-10.084112,-2.777152
2490.000000,-6.244628,-5.607130
2491.000000,-11.118843,-8.055116
2492.000000,-8.879324,-2.089840
2493.000000,-10.542466,-3.371562
2494.000000,-6.368434,3.173548
2495.000000,-14.197505,-1.710153
2496.000000,-12.958262,-3.696141
2497.000000,-9.005883,-0.579204
2498.000000,-9.504100,1.270221
2499.000000,-9.016935,-4.112220
2500.000000,-9.582751,-1.311893
2501.000000,-8.266424,-6.333938
2502.000000,-9.044448,-3.776473
2503.000000,-13.589430,-2.507401
2504.000000,-12.786957,-4.805576
2505.000000,-4.225472,-5.659548
2506.000000,-11.288071,-0.818421
2507.000000,-9.162005,-1.500680
2508.000000,-13.065691,2.748806
2509.000000,-7.539549,1.169157
2510.000000,-10.581236,-3.051973
2511.000000,-12.202953,-3.240953
2512.000000,-7.643721,-0.177389
2513.000000,-12.944405,-2.809346
2514.000000,-10.431839,-0.021630
2515.000000,-9.444603,-1.623019
2516.000000,-8.997739,-1.368737
2517.000000,-9.664212,-1.353942
2518.000000,-8.229753,-2.207424
2519.000000,-10.782186,-3.367452
2520.000000,-13.603137,-5.948734
2521.000000,-10.455882,-2.250979
2522.000000,-7.907720,-2.857185
2523.000000,-9.320761,-3.991121
2524.000000,-8.773032,-3.708822
2525.000000,-9.415370,-3.595330
2526.000000,-10.064559,-5.219477
2527.000000,-12.832072,-3.039475
2528.000000,-7.109012,-4.252196
2529.000000,-12.419971,-2.424880
2530.000000,-10.374203,-2.524620
2531.000000,-6.727798,-5.876370
2532.000000,-11.813386,-8.085190
2533.000000,-8.926122,-2.633092
2534.000000,-10.753904,-3.730667
2535.000000,-5.568011,2.402703
2536.000000,-13.869914,-1.175672
2537.000000,-13.291192,-3.423035
2538.000000,-9.035774,-0.907254
2539.000000,-9.160459,1.240028
2540.000000,-9.295443,-4.113883
2541.000000,-9.484271,-1.286234
2542.000000,-8.743950,-6.517492
2543.000000,-9.048566,-4.129461
2544.000000,-13.502036,-2.233065
2545.000000,-13.390222,-4.580805
2546.000000,-4.843357,-6.797229
2547.000000,-11.001813,-1.226516
2548.000000,-9.020761,-2.117030
2549.000000,-12.465536,2.767502
2550.000000,-7.159582,0.857908
2551.000000,-10.535707,-2.946511
2552.000000,-12.363661,-3.118210
2553.000000,-7.388981,-0.640889
2554.000000,-12.950153,-2.570737
2555.000000,-10.292579,-0.085852
2556.000000,-9.474734,-1.703340
2557.000000,-8.924130,-1.503720
2558.000000,-9.543170,-1.339925
2559.000000,-8.115339,-2.310787
2560.000000,-10.689228,-3.132473
2561.000000,-14.050253,104.660426
2562.000000,-10.690663,-2.285009
2563.000000,-8.118205,-3.106004
2564.000000,-9.547457,-4.075708
2565.000000,-8.929826,-3.910283
2566.000000,-9.481821,-3.708547
2567.000000,-10.301035,-5.323422
2568.000000,-12.959950,-2.835406
2569.000000,-7.400086,-4.761583
2570.000000,-12.376035,-2.280027
2571.000000,-10.549304,-2.446892
2572.000000,-7.174351,-6.245842
2573.000000,-12.481418,-8.149290
2574.000000,-9.037688,-3.257879
2575.000000,-11.019707,-4.140724
2576.000000,-4.862130,1.438520
2577.000000,-13.409774,-0.768427
2578.000000,-13.522253,-3.105647
2579.000000,-9.069318,-1.197570
2580.000000,-8.765087,1.203439
2581.000000,-9.505622,-4.013377
2582.000000,-9.316810,-1.169623
2583.000000,-9.181612,-6.505524
2584.000000,-9.056445,-4.338032
2585.000000,-13.311065,-1.799471
2586.000000,-13.888612,-4.021027
2587.000000,-5.585085,-7.569983
2588.000000,-10.768807,-1.402834
2589.000000,-8.938183,-2.461288
2590.000000,-11.821768,3.036584
2591.000000,-6.731435,0.881979
2592.000000,-10.371711,-2.404608
2593.000000,-12.409509,-2.424612
2594.000000,-7.088048,-0.497542
2595.000000,-12.796990,-1.581915
2596.000000,-10.009933,0.769358
2597.000000,-9.332500,-0.614711
2598.000000,-8.646647,-0.140315
2599.000000,-9.120135,0.746039
2600.000000,-7.555138,0.831250
2601.000000,-9.630864,3.980974
2602.000000,-36.018948,-176.275285
2603.000000,-11.748337,-9.049047
2604.000000,-8.777005,-6.877307
2605.000000,-10.069244,-6.589304
2606.000000,-9.331739,-5.996708
2607.000000,-9.736356,-5.392653
2608.000000,-10.695803,-6.758918
2609.000000,-13.188850,-3.801764
2610.000000,-7.873805,-6.305353
2611.000000,-12.422097,-3.140760
2612.000000,-10.791811,-3.247779
2613.000000,-7.743257,-7.400734
2614.000000,-13.263781,-8.922453
2615.000000,-9.355412,-4.622818
2616.000000,-11.477499,-5.260934
2617.000000,-4.411453,-0.380351
2618.000000,-12.969890,-1.198551
2619.000000,-13.769607,-3.463851
2620.000000,-9.222071,-2.164168
2621.000000,-8.441621,0.422169
2622.000000,-9.755580,-4.572299
2623.000000,-9.187391,-1.745292
2624.000000,-9.672114,-7.101589
2625.000000,-9.171321,-5.226205
2626.000000,-13.120921,-2.083144
2627.000000,-14.357105,-4.042471
2628.000000,-6.524602,-8.898565
2629.000000,-10.694719,-2.324423
2630.000000,-9.027042,-3.575112
2631.000000,-11.261225,2.423930
2632.000000,-6.380634,0.013402
2633.000000,-10.212374,-2.774116
2634.000000,-12.455983,-2.639634
2635.000000,-6.871469,-1.384399
2636.000000,-12.623488,-1.713814
2637.000000,-9.730512,0.381641
2638.000000,-9.178790,-0.934707
2639.000000,-8.354388,-0.480713
2640.000000,-8.628230,0.647178
2641.000000,-6.865589,0.847165
2642.000000,-8.144518,5.189809
2643.000000,-40.250118,-104.566569
2644.000000,-13.058290,-10.198369
2645.000000,-9.628927,-7.947085
2646.000000,-10.731596,-7.370010
2647.000000,-9.874012,-6.834431
2648.000000,-10.106001,-6.133768
2649.000000,-11.192413,-7.422813
2650.000000,-13.472225,-4.130645
2651.000000,-8.490698,-7.277467
2652.000000,-12.536541,-3.577399
2653.000000,-11.074386,-3.633399
2654.000000,-8.403962,-8.142461
2655.000000,-14.127792,-9.285927
2656.000000,-9.858722,-5.661548
2657.000000,-12.113984,-6.079164
2658.000000,-4.235736,-2.080913
2659.000000,-12.578075,-1.573055
2660.000000,-14.034241,-3.642006
2661.000000,-9.494724,-2.958934
2662.000000,-8.204475,-0.282503
2663.000000,-10.048675,-4.990839
2664.000000,-9.100583,-2.223489
2665.000000,-10.205983,-7.517702
2666.000000,-9.392761,-5.994862
2667.000000,-12.934642,-2.297416
2668.000000,-14.767197,-3.852928
2669.000000,-7.621216,-9.932349
2670.000000,-10.764395,-3.112642
2671.000000,-9.272868,-4.545724
2672.000000,-10.777001,1.872838
2673.000000,-6.088925,-0.754652
2674.000000,-10.023500,-3.001360
2675.000000,-12.440217,-2.615159
2676.000000,-6.662121,-2.016715
2677.000000,-12.325532,-1.530360
2678.000000,-9.306198,0.417657
2679.000000,-8.803999,-0.668166
2680.000000,-7.747861,-0.021348
2681.000000,-7.609270,1.726817
2682.000000,-5.248078,2.873814
2683.000000,-4.273465,11.226093
2684.000000,-60.108260,-118.926151
2685.000000,-16.456880,-15.757016
2686.000000,-11.755786,-11.570053
2687.000000,-12.350988,-10.054329
2688.000000,-11.241692,-9.250872
2689.000000,-11.203504,-8.286232
2690.000000,-12.355045,-9.363347
2691.000000,-14.342207,-5.665294
2692.000000,-9.760042,-9.358554
2693.000000,-13.230467,-5.172176
2694.000000,-11.893896,-5.116330
2695.000000,-9.644848,-9.921797
2696.000000,-15.559243,-10.650243
2697.000000,-11.047757,-7.744498
2698.000000,-13.444668,-7.952157
2699.000000,-4.895865,-5.008137
2700.000000,-12.827939,-3.288776
2701.000000,-14.906194,-5.070690
2702.000000,-10.499336,-5.028437
2703.000000,-8.710167,-2.405361
2704.000000,-11.066495,-6.826519
2705.000000,-9.779502,-4.228539
2706.000000,-11.537966,-9.456292
2707.000000,-10.535936,-8.427249
2708.000000,-13.635679,-4.352259
2709.000000,-16.043338,-5.502441
2710.000000,-9.862943,-12.834063
2711.000000,-12.086692,-6.100411
2712.000000,-10.900205,-7.914927
2713.000000,-11.740642,-1.422246
2714.000000,-7.384176,-4.540767
2715.000000,-11.522284,-6.593678
2716.000000,-14.303576,-6.329378
2717.000000,-8.706972,-6.955510
2718.000000,-14.546760,-6.387386
2719.000000,-11.909442,-5.537728
2720.000000,-12.137056,-7.744725
2721.000000,-11.920534,-9.009160
2722.000000,-13.151027,-10.241464
2723.000000,-13.955826,-15.632464
2724.000000,-23.260389,-28.406916
2725.000000,54.896268,122.440321
2726.000000,-1.921814,14.230904
2727.000000,-4.066627,4.340975
2728.000000,-7.077295,0.966330
2729.000000,-7.247492,-0.957152
2730.000000,-7.848913,-1.567510
2731.000000,-9.667208,-3.627892
2732.000000,-11.747924,-0.393137
2733.000000,-7.965834,-5.205713
2734.000000,-11.057116,-1.100747
2735.000000,-9.990014,-1.270975
2736.000000,-8.344356,-6.605805
2737.000000,-14.541174,-7.107358
2738.000000,-9.992631,-5.114548
2739.000000,-12.602128,-5.239434
2740.000000,-3.592776,-3.583549
2741.000000,-10.963884,-0.848812
2742.000000,-13.613185,-2.281597
2743.000000,-9.447635,-2.871141
2744.000000,-7.161123,-0.400052
2745.000000,-9.964321,-4.465597
2746.000000,-8.326865,-2.039995
2747.000000,-10.685531,-7.058153
2748.000000,-9.535362,-6.474802
2749.000000,-12.061044,-1.999622
2750.000000,-14.865150,-2.499887
2751.000000,-9.748298,-10.765748
2752.000000,-10.995719,-4.063723
2753.000000,-10.021948,-6.006098
2754.000000,-10.010447,0.747410
2755.000000,-5.794917,-2.487418
2756.000000,-9.831091,-3.902571
2757.000000,-12.648249,-3.135483
2758.000000,-6.964096,-4.262439
2759.000000,-12.405255,-2.689224
2760.000000,-9.508813,-1.624907
2761.000000,-9.512716,-3.083595
2762.000000,-8.714571,-3.432349
2763.000000,-8.834942,-2.821783
2764.000000,-7.668982,-4.640444
2765.000000,-9.882520,-4.602484
2766.000000,-11.607575,0.411752
2767.000000,-10.669417,-1.816795
2768.000000,-8.722346,-4.114988
2769.000000,-10.137637,-4.501107
2770.000000,-9.539849,-5.072529
2771.000000,-9.517573,-4.798429
2772.000000,-11.143911,-6.159968
2773.000000,-12.661069,-2.210653
2774.000000,-9.292141,-7.171706
2775.000000,-11.613020,-2.540340
2776.000000,-10.476630,-2.353800
2777.000000,-9.221138,-7.698996
2778.000000,-15.467513,-7.551538
2779.000000,-10.825095,-6.145087
2780.000000,-13.499382,-5.892291
2781.000000,-4.080709,-5.388264
2782.000000,-10.612958,-1.579303
2783.000000,-13.633512,-2.384569
2784.000000,-9.700261,-3.391393
2785.000000,-6.843129,-1.018775
2786.000000,-9.948375,-4.554491
2787.000000,-7.893049,-2.222559
2788.000000,-10.740519,-6.840924
2789.000000,-9.455033,-6.621047
2790.000000,-11.270113,-1.748668
2791.000000,-14.263283,-1.421249
2792.000000,-10.285422,-10.353595
2793.000000,-10.541040,-3.731973
2794.000000,-9.727420,-5.706026
2795.000000,-8.747701,1.274404
2796.000000,-4.558539,-1.987989
2797.000000,-8.288035,-2.695748
2798.000000,-10.929029,-1.274141
2799.000000,-5.056968,-2.770141
2800.000000,-9.755967,-0.085410
2801.000000,-6.261783,1.404687
2802.000000,-5.520029,0.986113
2803.000000,-3.374618,1.973335
2804.000000,-0.998212,5.148085
2805.000000,5.129627,8.572695
2806.000000,21.522591,28.396422
2807.000000,-115.523748,-110.978719
2808.000000,-31.737690,-24.362027
2809.000000,-21.151565,-17.387908
2810.000000,-19.166610,-14.048582
2811.000000,-16.878349,-12.853929
2812.000000,-15.666193,-11.473278
2813.000000,-16.719394,-11.967452
2814.000000,-17.373481,-7.228130
2815.000000,-14.304043,-12.190850
2816.000000,-15.714389,-7.089488
2817.000000,-14.371671,-6.517612
2818.000000,-13.467698,-11.810622
2819.000000,-19.692883,-10.989701
2820.000000,-15.059823,-10.174929
2821.000000,-17.809095,-9.559359
2822.000000,-8.213113,-10.332844
2823.000000,-13.824487,-5.690719
2824.000000,-17.171356,-5.875758
2825.000000,-13.628433,-7.330950
2826.000000,-10.331927,-5.257274
2827.000000,-13.794096,-8.359670
2828.000000,-11.478166,-6.311078
2829.000000,-14.932458,-10.624935
2830.000000,-13.794048,-10.967592
2831.000000,-15.078033,-6.030830
2832.000000,-18.371625,-5.072119
2833.000000,-15.956946,-14.764187
2834.000000,-15.661833,-8.685462
2835.000000,-15.469041,-11.080001
2836.000000,-14.024954,-4.478129
2837.000000,-10.468724,-8.356180
2838.000000,-14.561610,-9.107230
2839.000000,-17.878816,-7.880106
2840.000000,-13.076720,-10.846514
2841.000000,-18.473223,-8.574059
2842.000000,-16.446592,-8.637668
2843.000000,-17.876433,-10.850420
2844.000000,-18.927180,-12.915709
2845.000000,-21.896804,-14.816497
2846.000000,-27.724803,-22.536426
2847.000000,-55.183746,-43.422307
2848.000000,100.568850,91.424837
2849.000000,12.862523,16.920352
2850.000000,3.473878,5.325679
2851.000000,-2.123030,1.683909
2852.000000,-3.962631,-0.985369
2853.000000,-5.138629,-1.993056
2854.000000,-8.018679,-3.952037
2855.000000,-9.492554,-0.135104
2856.000000,-8.064740,-6.262658
2857.000000,-9.556908,-1.751387
2858.000000,-8.736410,-1.555365
2859.000000,-8.814925,-7.342976
2860.000000,-15.473345,-6.305645
2861.000000,-11.365075,-6.443135
2862.000000,-14.519051,-5.758810
2863.000000,-5.236866,-8.112815
2864.000000,-10.056138,-3.043778
2865.000000,-13.786937,-2.728391
2866.000000,-10.834929,-4.687705
2867.000000,-7.245751,-3.091582
2868.000000,-11.065507,-5.800803
2869.000000,-8.544763,-4.107304
2870.000000,-12.550872,-8.048011
2871.000000,-11.620801,-8.907635
2872.000000,-12.287537,-3.954783
2873.000000,-15.623121,-2.227556
2874.000000,-14.718314,-12.310313
2875.000000,-13.789347,-6.675805
2876.000000,-14.025769,-9.214787
2877.000000,-11.844950,-2.796927
2878.000000,-8.559524,-6.906165
2879.000000,-12.488687,-7.257486
2880.000000,-15.813290,-5.574187
2881.000000,-11.397598,-9.165206
2882.000000,-16.393867,-6.296471
2883.000000,-14.425006,-6.431135
2884.000000,-15.962546,-8.309113
2885.000000,-17.065133,-10.143635
2886.000000,-19.882513,-11.443050
2887.000000,-25.894647,-18.040518
2888.000000,-54.389265,-34.727989
2889.000000,85.077380,59.370726
2890.000000,13.234673,12.329324
2891.000000,4.442241,3.256925
2892.000000,-0.846541,0.710802
2893.000000,-2.673306,-1.540315
2894.000000,-3.683527,-2.325832
2895.000000,-6.641770,-3.958737
2896.000000,-7.637315,0.178931
2897.000000,-6.937427,-6.045923
2898.000000,-7.776620,-1.459214
2899.000000,-6.821069,-1.044043
2900.000000,-7.377203,-6.768485
2901.000000,-13.984589,-5.069061
2902.000000,-10.130100,-5.749280
2903.000000,-13.356260,-4.652743
2904.000000,-4.330938,-8.320627
2905.000000,-8.050133,-2.792190
2906.000000,-11.810392,-1.741080
2907.000000,-9.287251,-3.932930
2908.000000,-5.267468,-2.718826
2909.000000,-9.191641,-4.866599
2910.000000,-6.312955,-3.424527
2911.000000,-10.628015,-6.798625
2912.000000,-9.820581,-8.018848
2913.000000,-9.693232,-3.045196
2914.000000,-12.725773,-0.425961
2915.000000,-13.189728,-10.542629
2916.000000,-11.537566,-5.299117
2917.000000,-12.031825,-7.813312
2918.000000,-8.922552,-1.552949
2919.000000,-5.662081,-5.753191
2920.000000,-9.078332,-5.601296
2921.000000,-11.975721,-3.265838
2922.000000,-7.592382,-7.214978
2923.000000,-11.569829,-3.553225
2924.000000,-8.911108,-3.400829
2925.000000,-9.465792,-4.453321
2926.000000,-8.994675,-5.317163
2927.000000,-8.786647,-4.767386
2928.000000,-8.648987,-7.414640
2929.000000,-12.158020,-8.026846
2930.000000,-4.018999,1.112137
2931.000000,-7.701073,-1.659877
2932.000000,-7.417183,-4.763962
2933.000000,-8.934883,-4.793763
2934.000000,-8.890559,-5.823668
2935.000000,-8.577292,-5.909484
2936.000000,-10.803481,-6.866701
2937.000000,-10.703115,-2.208581
2938.000000,-10.315760,-8.238780
2939.000000,-10.185030,-3.516097
2940.000000,-8.769995,-2.788677
2941.000000,-9.566813,-8.300291
2942.000000,-15.868238,-5.841380
2943.000000,-12.193557,-6.933045
2944.000000,-15.338836,-5.330819
2945.000000,-6.689149,-10.231334
2946.000000,-9.203889,-4.416021
2947.000000,-12.796922,-2.602473
2948.000000,-10.681191,-4.920328
2949.000000,-6.260636,-4.143430
2950.000000,-10.196189,-5.725203
2951.000000,-6.976185,-4.579921
2952.000000,-11.521388,-7.353730
2953.000000,-10.929261,-8.912922
2954.000000,-10.051576,-4.066910
2955.000000,-12.653531,-0.624454
2956.000000,-14.546414,-10.583960
2957.000000,-12.358509,-5.838920
2958.000000,-13.247422,-8.349753
2959.000000,-9.397104,-2.436413
2960.000000,-6.350603,-6.844919
2961.000000,-9.432521,-6.397671
2962.000000,-12.098521,-3.594536
2963.000000,-8.184555,-8.078426
2964.000000,-11.575463,-4.016752
2965.000000,-8.886122,-4.005564
2966.000000,-9.381828,-4.860277
2967.000000,-8.831999,-5.729128
2968.000000,-8.206784,-5.089138
2969.000000,-7.671535,-7.596087
2970.000000,-8.686991,-7.196757
2971.000000,-10.461230,-2.654138
2972.000000,-9.331355,-2.977726
2973.000000,-8.546630,-5.766786
2974.000000,-9.658085,-5.534872
2975.000000,-9.545293,-6.521979
2976.000000,-9.030100,-6.666815
2977.000000,-11.258245,-7.444418
2978.000000,-10.559264,-2.684315
2979.000000,-10.883572,-8.685693
2980.000000,-10.116616,-4.117547
2981.000000,-8.424036,-3.279941
2982.000000,-9.615695,-8.664443
2983.000000,-15.667989,-5.547106
2984.000000,-12.340158,-7.063463
2985.000000,-15.443689,-4.988174
2986.000000,-7.442208,-11.105282
2987.000000,-8.808679,-5.256525
2988.000000,-12.130192,-2.745397
2989.000000,-10.442618,-5.132247
2990.000000,-5.690088,-4.874312
2991.000000,-9.547470,-5.919756
2992.000000,-5.980931,-5.127376
2993.000000,-10.613768,-7.279684
2994.000000,-10.233137,-9.129211
2995.000000,-8.547824,-4.528124
2996.000000,-10.436213,-0.321593
2997.000000,-13.571965,-9.877315
2998.000000,-10.777741,-5.637831
2999.000000,-11.871376,-8.054130
3000.000000,-7.084422,-2.533905
3001.000000,-3.952550,-7.098009
3002.000000,-6.271489,-6.356222
3003.000000,-8.111295,-3.012675
3004.000000,-4.068990,-7.843400
3005.000000,-5.950528,-3.305461
3006.000000,-1.997737,-3.211713
3007.000000,-0.600148,-3.548585
3008.000000,2.881348,-3.901782
3009.000000,9.080310,-2.277179
3010.000000,21.880612,-2.515595
3011.000000,78.195942,8.678121
3012.000000,-126.022014,-25.271935
3013.000000,-46.105278,-10.403191
3014.000000,-31.421554,-10.494287
3015.000000,-26.551201,-9.031074
3016.000000,-23.359494,-9.423006
3017.000000,-20.793751,-9.311248
3018.000000,-21.764258,-9.682166
3019.000000,-19.561723,-4.727831
3020.000000,-19.951561,-10.481383
3021.000000,-18.124884,-6.056132
3022.000000,-15.765825,-5.091615
3023.000000,-17.066161,-10.261687
3024.000000,-22.599089,-6.457292
3025.000000,-19.539449,-8.292279
3026.000000,-22.475315,-5.689827
3027.000000,-15.296317,-12.900938
3028.000000,-15.583387,-7.209743
3029.000000,-18.570369,-4.051779
3030.000000,-17.404225,-6.427688
3031.000000,-12.539438,-6.747376
3032.000000,-16.432002,-7.296936
3033.000000,-12.777483,-6.926126
3034.000000,-17.672053,-8.477606
3035.000000,-17.879772,-10.598358
3036.000000,-15.820308,-6.408000
3037.000000,-17.284857,-1.600932
3038.000000,-22.105633,-10.608835
3039.000000,-19.425397,-6.975630
3040.000000,-21.476264,-9.336434
3041.000000,-16.715332,-4.411878
3042.000000,-14.600100,-9.284875
3043.000000,-17.464162,-8.515012
3044.000000,-20.047227,-4.907017
3045.000000,-18.043645,-10.320178
3046.000000,-21.173837,-5.806415
3047.000000,-19.769116,-6.202904
3048.000000,-21.970802,-6.864038
3049.000000,-24.240920,-8.006867
3050.000000,-28.022619,-7.785705
3051.000000,-38.719291,-11.174465
3052.000000,-91.772548,-14.331639
3053.000000,73.081394,0.991073
3054.000000,15.934378,-2.695775
3055.000000,4.902277,-6.176070
3056.000000,-0.836855,-6.048745
3057.000000,-3.662513,-7.222130
3058.000000,-4.784921,-7.742472
3059.000000,-8.398958,-8.300587
3060.000000,-7.502935,-3.654645
3061.000000,-10.061221,-9.382685
3062.000000,-8.876668,-5.415098
3063.000000,-7.119989,-4.577633
3064.000000,-9.536887,-9.660883
3065.000000,-15.303099,-5.319795
3066.000000,-13.224590,-7.494893
3067.000000,-16.482178,-4.419197
3068.000000,-10.755598,-12.645449
3069.000000,-10.409001,-7.343757
3070.000000,-13.235188,-3.649479
3071.000000,-12.783883,-5.959557
3072.000000,-8.043885,-6.907781
3073.000000,-12.000000,-7.000000
3074.000000,-8.329830,-7.091392
3075.000000,-13.359554,-8.037108
3076.000000,-14.108334,-10.342929
3077.000000,-11.591722,-6.642519
3078.000000,-12.264982,-1.332631
3079.000000,-18.341252,-9.548357
3080.000000,-15.463703,-6.459435
3081.000000,-17.961941,-8.618097
3082.000000,-12.667436,-4.256659
3083.000000,-10.790932,-9.314652
3084.000000,-13.180188,-8.445595
3085.000000,-15.123843,-4.437967
3086.000000,-13.503654,-10.114255
3087.000000,-15.601399,-5.399560
3088.000000,-13.598880,-5.862756
3089.000000,-14.774218,-6.244649
3090.000000,-15.526436,-7.198716
3091.000000,-16.196783,-6.673614
3092.000000,-20.149927,-9.216302
3093.000000,-40.174827,-8.052820
3094.000000,14.392284,-6.539571
3095.000000,-1.918049,-5.337179
3096.000000,-5.576568,-7.826985
3097.000000,-8.022627,-7.217990
3098.000000,-9.246283,-8.144795
3099.000000,-9.289585,-8.668283
3100.000000,-12.264569,-8.969398
3101.000000,-10.298645,-4.385637
3102.000000,-13.203077,-9.745213
3103.000000,-11.340122,-6.094858
3104.000000,-9.066672,-5.290643
3105.000000,-11.676462,-10.135203
3106.000000,-16.858651,-5.186702
3107.000000,-15.171748,-7.527058
3108.000000,-18.170235,-3.876186
3109.000000,-13.630569,-12.868674
3110.000000,-12.416463,-8.048050
3111.000000,-14.700660,-3.845700
3112.000000,-14.695809,-5.955801
3113.000000,-9.985252,-7.497801
3114.000000,-13.807287,-7.118560
3115.000000,-10.067583,-7.660652
3116.000000,-15.071997,-7.973785
3117.000000,-16.365594,-10.344028
3118.000000,-13.494625,-7.181300
3119.000000,-13.312554,-1.486289
3120.000000,-20.585643,-8.694621
3121.000000,-17.732710,-6.090563
3122.000000,-20.863447,-7.925327
3123.000000,-15.388551,-4.122393
3124.000000,-14.131187,-9.296045
3125.000000,-16.515038,-8.337873
3126.000000,-18.343466,-3.922701
3127.000000,-17.924595,-9.691578
3128.000000,-20.054498,-4.760290
3129.000000,-18.945237,-5.166297
3130.000000,-21.262983,-5.109920
3131.000000,-24.003826,-5.595399
3132.000000,-27.972873,-4.311141
3133.000000,-40.368824,-4.845166
3134.000000,-107.163649,7.514426
3135.000000,62.972935,-19.939775
3136.000000,16.148815,-10.561622
3137.000000,5.350509,-11.186460
3138.000000,-0.024932,-9.722966
3139.000000,-3.086600,-10.159753
3140.000000,-4.250851,-10.544115
3141.000000,-8.072207,-10.477879
3142.000000,-6.121456,-5.955021
3143.000000,-10.135791,-10.792378
3144.000000,-8.297205,-7.449283
3145.000000,-6.001344,-6.703133
3146.000000,-9.173518,-11.258905
3147.000000,-14.015010,-5.726900
3148.000000,-12.988222,-8.128285
3149.000000,-15.860407,-3.870917
3150.000000,-12.813058,-13.405838
3151.000000,-11.023251,-9.175548
3152.000000,-12.817404,-4.547628
3153.000000,-13.317513,-6.367049
3154.000000,-8.815469,-8.485701
3155.000000,-12.525102,-7.655748
3156.000000,-8.824448,-8.659234
3157.000000,-13.749072,-8.354363
3158.000000,-15.626331,-10.688552
3159.000000,-12.514941,-8.118092
3160.000000,-11.382679,-2.202130
3161.000000,-19.647170,-8.242612
3162.000000,-16.841621,-6.079260
3163.000000,-20.510605,-7.493443
3164.000000,-14.853743,-4.256199
3165.000000,-14.127206,-9.498047
3166.000000,-16.376589,-8.487886
3167.000000,-17.824511,-3.706724
3168.000000,-18.355390,-9.438350
3169.000000,-20.165133,-4.325321
3170.000000,-19.444950,-4.620799
3171.000000,-22.135676,-4.066457
3172.000000,-25.680026,-3.946123
3173.000000,-30.825339,-1.688641
3174.000000,-46.744555,0.432583
3175.000000,-138.464007,29.536301
3176.000000,74.537069,-34.559688
3177.000000,22.688421,-16.990422
3178.000000,9.917398,-15.528177
3179.000000,3.826977,-13.118669
3180.000000,0.166223,-12.982726
3181.000000,-1.356569,-13.187359
3182.000000,-5.469124,-12.719258
3183.000000,-3.141695,-8.317287
3184.000000,-7.885447,-12.536527
3185.000000,-5.889125,-9.520459
3186.000000,-3.362652,-8.897070
3187.000000,-6.880487,-13.156414
3188.000000,-11.138655,-7.114162
3189.000000,-10.608744,-9.511547
3190.000000,-13.117515,-4.665008
3191.000000,-11.515415,-14.532308
3192.000000,-9.180379,-11.004868
3193.000000,-10.306045,-6.079444
3194.000000,-11.131216,-7.563430
3195.000000,-6.807465,-10.265080
3196.000000,-10.240211,-9.049660
3197.000000,-6.511266,-10.562377
3198.000000,-11.134682,-9.716599
3199.000000,-13.451851,-11.964841
3200.000000,-10.061191,-10.079990
3201.000000,-7.752282,-4.190623
3202.000000,-16.614087,-9.013108
3203.000000,-13.690542,-7.327403
3204.000000,-17.600664,-8.328289
3205.000000,-11.553630,-5.768898
3206.000000,-11.037160,-11.167089
3207.000000,-12.768244,-10.308763
3208.000000,-13.264893,-5.431064
3209.000000,-14.089664,-11.271995
3210.000000,-14.733930,-6.373916
3211.000000,-13.218964,-7.011878
3212.000000,-14.527149,-6.644402
3213.000000,-16.104656,-6.967197
3214.000000,-17.344010,-5.713462
3215.000000,-24.310193,-5.686423
3216.000000,-63.949638,11.914309
3217.000000,19.697612,-22.150356
3218.000000,2.952016,-13.243252
3219.000000,-2.162491,-13.559853
3220.000000,-4.661791,-11.942629
3221.000000,-6.475669,-12.184815
3222.000000,-6.820513,-12.823657
3223.000000,-10.136588,-12.370983
3224.000000,-6.670263,-8.477152
3225.000000,-11.470167,-12.238064
3226.000000,-8.925168,-9.743893
3227.000000,-5.816244,-9.453764
3228.000000,-9.351681,-13.530222
3229.000000,-12.712409,-7.156298
3230.000000,-12.452532,-9.564059
3231.000000,-14.326877,-4.218863
3232.000000,-14.076753,-14.236692
3233.000000,-11.252860,-11.519862
3234.000000,-11.586402,-6.448441
3235.000000,-12.600039,-7.569409
3236.000000,-8.493529,-10.841480
3237.000000,-11.585439,-9.293294
3238.000000,-7.881589,-11.329458
3239.000000,-12.131431,-9.996681
3240.000000,-14.897350,-12.060994
3241.000000,-11.396075,-10.871343
3242.000000,-7.956268,-5.190759
3243.000000,-17.286582,-8.689642
3244.000000,-14.397625,-7.403103
3245.000000,-18.630137,-7.866890
3246.000000,-12.453116,-5.917325
3247.000000,-12.395555,-11.347873
3248.000000,-13.940442,-10.580762
3249.000000,-13.814629,-5.562966
3250.000000,-15.403292,-11.245010
3251.000000,-15.555640,-6.399686
3252.000000,-14.150946,-7.067104
3253.000000,-15.381992,-6.450302
3254.000000,-17.105916,-6.467729
3255.000000,-18.370574,-4.874165
3256.000000,-25.958510,-3.570127
3257.000000,-72.447511,24.465594
3258.000000,17.585769,-27.098824
3259.000000,2.282688,-16.009062
3260.000000,-2.871421,-15.537413
3261.000000,-5.191557,-13.593205
3262.000000,-7.063283,-13.556440
3263.000000,-7.480328,-14.209767
3264.000000,-10.842951,-13.475158
3265.000000,-6.899655,-9.952857
3266.000000,-12.146302,-13.030597
3267.000000,-9.500476,-10.929940
3268.000000,-6.141743,-10.931953
3269.000000,-9.918228,-14.741482
3270.000000,-12.530740,-8.060740
3271.000000,-12.680989,-10.364482
3272.000000,-13.962239,-4.515527
3273.000000,-15.193093,-14.399340
3274.000000,-12.163774,-12.484442
3275.000000,-11.788807,-7.351676
3276.000000,-13.000649,-8.036098
3277.000000,-9.270290,-11.803565
3278.000000,-12.064446,-9.936176
3279.000000,-8.519334,-12.468264
3280.000000,-12.388017,-10.689054
3281.000000,-15.628261,-12.456377
3282.000000,-12.198735,-11.936733
3283.000000,-7.698776,-6.647216
3284.000000,-17.324335,-8.759686
3285.000000,-14.545291,-7.806697
3286.000000,-19.069699,-7.640527
3287.000000,-12.881416,-6.254053
3288.000000,-13.344566,-11.632625
3289.000000,-14.803108,-10.947186
3290.000000,-14.082003,-5.835875
3291.000000,-16.470467,-11.206031
3292.000000,-16.239218,-6.397967
3293.000000,-15.045944,-6.997969
3294.000000,-16.314399,-6.019507
3295.000000,-18.372560,-5.500028
3296.000000,-20.042478,-3.165625
3297.000000,-29.191769,0.540400
3298.000000,-92.081310,50.584649
3299.000000,19.762850,-35.978319
3300.000000,3.609103,-20.819318
3301.000000,-2.137081,-18.998805
3302.000000,-4.539041,-16.490300
3303.000000,-6.598364,-16.017125
3304.000000,-7.202164,-16.581888
3305.000000,-10.665672,-15.491198
3306.000000,-6.340401,-12.366973
3307.000000,-11.973156,-14.680701
3308.000000,-9.319607,-12.939163
3309.000000,-5.769455,-13.275981
3310.000000,-9.777802,-16.814956
3311.000000,-11.604113,-9.932064
3312.000000,-12.123854,-12.091597
3313.000000,-12.701218,-5.815190
3314.000000,-15.361250,-15.340510
3315.000000,-12.281954,-14.241228
3316.000000,-11.185617,-9.186510
3317.000000,-12.488366,-9.431166
3318.000000,-9.177608,-13.665024
3319.000000,-11.618100,-11.553055
3320.000000,-8.262797,-14.607814
3321.000000,-11.649245,-12.501806
3322.000000,-15.265488,-13.939972
3323.000000,-11.975139,-14.123753
3324.000000,-6.402788,-9.497112
3325.000000,-16.018982,-10.304415
3326.000000,-13.269039,-9.743373
3327.000000,-17.877461,-9.007265
3328.000000,-11.599192,-8.294040
3329.000000,-12.415126,-13.730815
3330.000000,-13.625264,-13.349074
3331.000000,-12.023308,-8.499732
3332.000000,-14.819363,-13.800642
3333.000000,-13.772555,-9.525748
3334.000000,-12.140796,-10.681455
3335.000000,-12.459043,-10.297408
3336.000000,-13.248317,-10.743000
3337.000000,-12.321683,-10.547521
3338.000000,-15.170495,-11.855484
3339.000000,-26.091841,-2.873900
3340.000000,-8.129904,-15.478515
3341.000000,-8.368473,-12.898381
3342.000000,-10.100815,-14.194850
3343.000000,-10.457952,-13.210202
3344.000000,-11.462373,-13.477266
3345.000000,-11.483812,-14.701611
3346.000000,-14.491609,-13.767630
3347.000000,-9.449747,-11.485627
3348.000000,-15.073414,-13.283193
3349.000000,-12.249617,-12.092727
3350.000000,-8.384833,-12.980429
3351.000000,-12.474362,-16.384171
3352.000000,-13.382033,-9.515056
3353.000000,-14.145540,-11.576368
3354.000000,-13.857701,-5.022202
3355.000000,-17.818308,-14.005258
3356.000000,-14.820716,-13.714006
3357.000000,-13.012501,-8.864808
3358.000000,-14.315047,-8.656187
3359.000000,-11.494103,-13.274535
3360.000000,-13.585003,-10.931606
3361.000000,-10.524238,-14.445315
3362.000000,-13.434881,-12.039316
3363.000000,-17.431081,-13.000676
3364.000000,-14.483628,-13.747282
3365.000000,-8.035712,-9.864871
3366.000000,-17.551490,-9.270393
3367.000000,-14.989222,-8.907120
3368.000000,-19.761533,-7.366025
3369.000000,-13.667055,-7.054017
3370.000000,-15.102286,-12.196670
3371.000000,-16.454730,-11.757890
3372.000000,-14.398903,-6.807091
3373.000000,-18.101690,-11.354220
3374.000000,-17.019861,-6.851502
3375.000000,-15.988186,-7.440491
3376.000000,-16.877504,-6.019070
3377.000000,-18.869149,-4.718182
3378.000000,-20.091663,-1.519926
3379.000000,-29.028203,5.755743
3380.000000,-106.570109,108.916851
3381.000000,9.987480,-44.168719
3382.000000,-0.591938,-26.569151
3383.000000,-5.435582,-23.372284
3384.000000,-7.074509,-20.386582
3385.000000,-8.913061,-19.349610
3386.000000,-9.602945,-19.899571
3387.000000,-12.999864,-18.192490
3388.000000,-7.940581,-16.139618
3389.000000,-13.928784,-16.893873
3390.000000,-11.362013,-15.827752
3391.000000,-7.537802,-16.996527
3392.000000,-11.936983,-20.023677
3393.000000,-12.110812,-13.091526
3394.000000,-13.230590,-14.877354
3395.000000,-12.116557,-8.035726
3396.000000,-17.356996,-16.174980
3397.000000,-14.668884,-16.558514
3398.000000,-12.253388,-11.973929
3399.000000,-13.509426,-11.286339
3400.000000,-11.253596,-16.203521
3401.000000,-12.992014,-13.678455
3402.000000,-10.288990,-17.644360
3403.000000,-12.675957,-15.071748
3404.000000,-16.943350,-15.556075
3405.000000,-14.398477,-16.877941
3406.000000,-7.135738,-14.024253
3407.000000,-16.259008,-12.238587
3408.000000,-13.770953,-12.219374
3409.000000,-18.450982,-10.063653
3410.000000,-12.399021,-10.377511
3411.000000,-14.207456,-15.491659
3412.000000,-15.461710,-15.396538
3413.000000,-12.591497,-10.964255
3414.000000,-16.643373,-15.360678
3415.000000,-14.905495,-11.576712
3416.000000,-13.546220,-12.876412
3417.000000,-13.604522,-12.360914
3418.000000,-14.486181,-12.445194
3419.000000,-13.465320,-12.274484
3420.000000,-16.676059,-12.496797
3421.000000,-31.700940,9.901518
3422.000000,-10.730420,-19.637109
3423.000000,-10.083109,-16.738375
3424.000000,-11.862514,-17.503145
3425.000000,-11.887251,-16.526769
3426.000000,-12.853384,-16.502425
3427.000000,-13.129173,-17.868706
3428.000000,-16.131391,-16.430515
3429.000000,-10.570745,-15.430128
3430.000000,-16.389602,-15.727792
3431.000000,-13.790793,-15.207716
3432.000000,-9.806188,-17.057962
3433.000000,-14.294300,-20.014010
3434.000000,-13.568539,-13.390212
3435.000000,-14.856182,-15.098747
3436.000000,-12.722561,-8.279778
3437.000000,-18.983890,-15.543486
3438.000000,-16.649334,-16.640760
3439.000000,-13.615874,-12.526120
3440.000000,-14.678119,-11.469431
3441.000000,-12.974343,-16.680692
3442.000000,-14.310863,-14.076862
3443.000000,-11.999116,-18.502609
3444.000000,-13.827995,-15.894655
3445.000000,-18.269624,-15.878463
3446.000000,-16.220985,-17.698125
3447.000000,-8.312977,-16.029358
3448.000000,-16.879694,-13.150447
3449.000000,-14.493664,-13.440075
3450.000000,-19.007747,-10.636424
3451.000000,-13.085889,-11.491666
3452.000000,-15.314868,-16.455140
3453.000000,-16.615037,-16.597997
3454.000000,-13.086250,-12.665289
3455.000000,-17.579243,-16.689590
3456.000000,-15.457403,-13.437111
3457.000000,-14.099436,-15.140656
3458.000000,-13.807659,-15.114145
3459.000000,-14.345174,-15.859277
3460.000000,-12.594828,-17.365280
3461.000000,-13.995857,-21.617244
3462.000000,1.412814,-67.720454
3463.000000,-18.022341,-7.865972
3464.000000,-14.240200,-11.631137
3465.000000,-15.178933,-14.179917
3466.000000,-14.651224,-14.217493
3467.000000,-15.332344,-14.620525
3468.000000,-15.602197,-16.395647
3469.000000,-18.469673,-14.933432
3470.000000,-12.704292,-14.806655
3471.000000,-18.413509,-14.483972
3472.000000,-15.951029,-14.314896
3473.000000,-11.987510,-16.735958
3474.000000,-16.659311,-19.505491
3475.000000,-15.148724,-13.203810
3476.000000,-16.641612,-14.733628
3477.000000,-13.506162,-7.994105
3478.000000,-20.665186,-14.139758
3479.000000,-18.850203,-15.749441
3480.000000,-15.329848,-12.095461
3481.000000,-16.168128,-10.606327
3482.000000,-15.091018,-15.925088
3483.000000,-16.070440,-13.173445
3484.000000,-14.260505,-17.888691
3485.000000,-15.587934,-15.210153
3486.000000,-20.167612,-14.515456
3487.000000,-18.754747,-16.562446
3488.000000,-10.459117,-16.021083
3489.000000,-18.387877,-11.976092
3490.000000,-16.187503,-12.331395
3491.000000,-20.516637,-8.625899
3492.000000,-14.859182,-9.664949
3493.000000,-17.603910,-14.039919
3494.000000,-19.150664,-13.922874
3495.000000,-15.203284,-9.996854
3496.000000,-20.302755,-12.842898
3497.000000,-18.169708,-9.138701
3498.000000,-17.275612,-9.839278
3499.000000,-17.314656,-8.244515
3500.000000,-18.598259,-6.212122
3501.000000,-18.299593,-2.666986
3502.000000,-23.959929,8.109159
3503.000000,-108.309040,324.925203
3504.000000,-9.180480,-46.034308
3505.000000,-10.730417,-30.840748
3506.000000,-13.408446,-27.243194
3507.000000,-13.601101,-24.466891
3508.000000,-14.716966,-23.047034
3509.000000,-15.473931,-23.734166
3510.000000,-18.523400,-21.200203
3511.000000,-12.897667,-21.209603
3512.000000,-18.588484,-19.713029
3513.000000,-16.437294,-19.392137
3514.000000,-12.687952,-22.033141
3515.000000,-17.643483,-24.327073
3516.000000,-15.478551,-18.234479
3517.000000,-17.211049,-19.409775
3518.000000,-13.102241,-12.774839
3519.000000,-20.993227,-17.582086
3520.000000,-19.813223,-19.502508
3521.000000,-15.917900,-16.328943
3522.000000,-16.471384,-14.430263
3523.000000,-16.038015,-19.769546
3524.000000,-16.656418,-16.931086
3525.000000,-15.391689,-21.919106
3526.000000,-16.220510,-19.330915
3527.000000,-20.815655,-18.033676
3528.000000,-20.062859,-20.305541
3529.000000,-11.550706,-21.134360
3530.000000,-18.662429,-16.268500
3531.000000,-16.585419,-16.925636
3532.000000,-20.538248,-12.649684
3533.000000,-15.061514,-14.200345
3534.000000,-18.153094,-18.388425
3535.000000,-19.825479,-18.538174
3536.000000,-15.318098,-15.426124
3537.000000,-20.672433,-17.995609
3538.000000,-18.216315,-15.123673
3539.000000,-17.290085,-16.605257
3540.000000,-16.912265,-16.168164
3541.000000,-17.663839,-15.844159
3542.000000,-16.354239,-16.074501
3543.000000,-19.186077,-15.388917
3544.000000,-34.032565,76.854663
3545.000000,-17.950355,-22.206386
3546.000000,-15.711627,-20.732339
3547.000000,-17.255175,-21.203546
3548.000000,-16.794626,-20.602705
3549.000000,-17.507070,-20.307093
3550.000000,-18.217932,-21.817195
3551.000000,-21.042365,-19.562144
3552.000000,-15.373308,-20.724337
3553.000000,-20.736371,-18.862989
3554.000000,-18.741422,-18.940386
3555.000000,-15.144943,-22.278425
3556.000000,-20.279826,-24.480127
3557.000000,-17.441411,-19.026090
3558.000000,-19.317728,-20.125896
3559.000000,-14.180155,-13.998183
3560.000000,-22.530238,-17.585084
3561.000000,-21.999617,-19.843415
3562.000000,-17.792266,-17.340709
3563.000000,-17.965022,-15.208349
3564.000000,-18.148113,-20.578815
3565.000000,-18.385111,-17.769185
3566.000000,-17.693045,-23.019787
3567.000000,-18.046021,-20.652309
3568.000000,-22.547972,-18.777581
3569.000000,-22.484775,-21.148024
3570.000000,-13.986677,-23.388120
3571.000000,-20.194063,-17.841993
3572.000000,-18.262115,-18.757961
3573.000000,-21.756175,-13.899709
3574.000000,-16.499701,-15.836381
3575.000000,-19.925507,-19.668646
3576.000000,-21.803354,-19.868937
3577.000000,-16.878786,-17.420939
3578.000000,-22.490296,-19.380826
3579.000000,-19.883295,-16.926686
3580.000000,-19.116264,-18.575620
3581.000000,-18.616725,-18.408142
3582.000000,-19.287086,-18.277186
3583.000000,-17.910841,-19.281586
3584.000000,-20.536587,-20.137516
3585.000000,-23.949747,46.660426
3586.000000,-20.642581,-19.360691
3587.000000,-18.122839,-20.218109
3588.000000,-19.605111,-21.224995
3589.000000,-19.040810,-21.097530
3590.000000,-19.646454,-20.934562
3591.000000,-20.519645,-22.589040
3592.000000,-23.232875,-20.141498
3593.000000,-17.727674,-22.109060
3594.000000,-22.758644,-19.669844
3595.000000,-20.987305,-19.880059
3596.000000,-17.668126,-23.723428
3597.000000,-23.031363,-25.672433
3598.000000,-19.644214,-20.827798
3599.000000,-21.683240,-21.758729
3600.000000,-15.583116,-16.228987
3601.000000,-24.188679,-18.486977
3602.000000,-24.359565,-20.876924
3603.000000,-19.965552,-19.023430
3604.000000,-19.720789,-16.679056
3605.000000,-20.521370,-21.954801
3606.000000,-20.393226,-19.172554
3607.000000,-20.319364,-24.572885
3608.000000,-20.256260,-22.473165
3609.000000,-24.573741,-20.006239
3610.000000,-25.215035,-22.303941
3611.000000,-16.976247,-25.934372
3612.000000,-22.225840,-19.855077
3613.000000,-20.462398,-21.009140
3614.000000,-23.414712,-15.616459
3615.000000,-18.394976,-17.888332
3616.000000,-22.108164,-21.307751
3617.000000,-24.221831,-21.481195
3618.000000,-18.980159,-19.735738
3619.000000,-24.774321,-21.041802
3620.000000,-22.080433,-18.972182
3621.000000,-21.508661,-20.733769
3622.000000,-20.950081,-20.804892
3623.000000,-21.593887,-20.801653
3624.000000,-20.307401,-22.452789
3625.000000,-23.106378,-24.556630
3626.000000,-17.345508,50.147204
3627.000000,-22.878952,-18.071617
3628.000000,-20.558136,-20.567403
3629.000000,-22.117863,-21.911363
3630.000000,-21.549695,-22.170099
3631.000000,-22.084298,-22.102103
3632.000000,-23.154258,-23.846382
3633.000000,-25.746941,-21.177140
3634.000000,-20.524993,-23.912733
3635.000000,-25.162274,-20.943353
3636.000000,-23.618351,-21.220350
3637.000000,-20.654491,-25.525475
3638.000000,-26.258702,-27.186582
3639.000000,-22.433486,-23.017104
3640.000000,-24.638553,-23.778759
3641.000000,-17.655604,-19.017103
3642.000000,-26.297494,-19.951217
3643.000000,-27.181235,-22.330748
3644.000000,-22.718492,-21.144772
3645.000000,-22.023799,-18.672679
3646.000000,-23.424679,-23.782943
3647.000000,-22.944789,-21.074308
3648.000000,-23.519429,-26.552634
3649.000000,-23.110446,-24.804124
3650.000000,-27.154071,-21.794140
3651.000000,-28.486888,-23.894352
3652.000000,-20.754110,-28.901088
3653.000000,-25.027658,-22.489786
3654.000000,-23.467910,-23.918639
3655.000000,-25.815572,-18.117209
3656.000000,-21.055435,-20.750370
3657.000000,-25.016594,-23.793315
3658.000000,-27.401464,-23.958261
3659.000000,-21.974368,-23.063277
3660.000000,-27.906766,-23.840262
3661.000000,-25.228517,-22.324040
3662.000000,-24.946499,-24.431630
3663.000000,-24.488443,-25.143148
3664.000000,-25.323988,-25.939501
3665.000000,-24.622746,-29.607791
3666.000000,-29.090233,-37.415998
3667.000000,13.233343,142.980083
3668.000000,-23.134561,-9.928359
3669.000000,-22.232362,-17.245314
3670.000000,-24.277628,-20.062731
3671.000000,-23.943748,-21.287853
3672.000000,-24.528386,-21.679341
3673.000000,-25.881201,-23.722247
3674.000000,-28.378083,-20.989369
3675.000000,-23.582948,-24.573524
3676.000000,-27.794963,-21.229505
3677.000000,-26.485087,-21.584847
3678.000000,-23.957111,-26.352297
3679.000000,-29.816296,-27.723783
3680.000000,-25.677412,-24.304464
3681.000000,-28.059093,-24.909541
3682.000000,-20.304554,-21.085159
3683.000000,-28.768717,-20.740662
3684.000000,-30.345491,-22.964918
3685.000000,-25.925922,-22.431098
3686.000000,-24.755450,-19.899568
3687.000000,-26.719703,-24.749950
3688.000000,-25.892361,-22.123164
3689.000000,-27.119638,-27.557779
3690.000000,-26.429864,-26.176511
3691.000000,-30.097257,-22.623209
3692.000000,-32.057949,-24.326995
3693.000000,-25.043395,-30.560620
3694.000000,-28.322114,-23.903213
3695.000000,-26.971275,-25.509394
3696.000000,-28.622600,-19.278225
3697.000000,-24.090046,-22.112072
3698.000000,-28.191013,-24.590563
3699.000000,-30.788645,-24.470852
3700.000000,-25.211482,-24.187511
3701.000000,-31.104502,-24.086780
3702.000000,-28.357986,-22.631641
3703.000000,-28.198236,-24.384356
3704.000000,-27.607819,-24.713948
3705.000000,-28.186342,-24.575331
3706.000000,-27.194356,-26.683084
3707.000000,-30.463054,-28.842946
3708.000000,-21.570157,4.695295
3709.000000,-28.964646,-20.853980
3710.000000,-27.252885,-24.006749
3711.000000,-28.989359,-25.161383
3712.000000,-28.519139,-25.758190
3713.000000,-28.912220,-25.667287
3714.000000,-30.389186,-27.349156
3715.000000,-32.640591,-24.099698
3716.000000,-28.284126,-28.142605
3717.000000,-31.954396,-24.238999
3718.000000,-30.799464,-24.418404
3719.000000,-28.718723,-29.423943
3720.000000,-34.791325,-30.325495
3721.000000,-30.430163,-27.571540
3722.000000,-32.971066,-27.913654
3723.000000,-24.561025,-25.089602
3724.000000,-32.627410,-23.477780
3725.000000,-34.836068,-25.356279
3726.000000,-30.556070,-25.400690
3727.000000,-28.890428,-22.855040
3728.000000,-31.367034,-27.344774
3729.000000,-30.197035,-24.806643
3730.000000,-32.069054,-30.085386
3731.000000,-31.176857,-29.098086
3732.000000,-34.382284,-25.054916
3733.000000,-36.890875,-26.225982
3734.000000,-30.805838,-33.566124
3735.000000,-33.118259,-26.826665
3736.000000,-32.012257,-28.618360
3737.000000,-32.922941,-22.082156
3738.000000,-28.623639,-25.131310
3739.000000,-32.801794,-27.081698
3740.000000,-35.600126,-26.671026
3741.000000,-29.988625,-27.090714
3742.000000,-35.767404,-26.230305
3743.000000,-32.999052,-24.959032
3744.000000,-32.981898,-26.535594
3745.000000,-32.317615,-26.798421
3746.000000,-32.682348,-26.266856
3747.000000,-31.520952,-27.890381
3748.000000,-33.826694,-27.741136
3749.000000,-38.011145,-26.477022
3750.000000,-35.460205,-26.497891
3751.000000,-33.346267,-28.442590
3752.000000,-34.889088,-28.946749
3753.000000,-34.370032,-29.414125
3754.000000,-34.608392,-29.159845
3755.000000,-36.231155,-30.658461
3756.000000,-38.213813,-27.037399
3757.000000,-34.395394,-31.574121
3758.000000,-37.491905,-27.267082
3759.000000,-36.459320,-27.286726
3760.000000,-34.869555,-32.508099
3761.000000,-41.138284,-32.923610
3762.000000,-36.673889,-30.865340
3763.000000,-39.376998,-30.940356
3764.000000,-30.468612,-29.246421
3765.000000,-37.946378,-26.482504
3766.000000,-40.706663,-27.892593
3767.000000,-36.655255,-28.463914
3768.000000,-34.484996,-25.977315
3769.000000,-37.405574,-30.028445
3770.000000,-35.885653,-27.587970
3771.000000,-38.361002,-32.589225
3772.000000,-37.325566,-31.985281
3773.000000,-39.962796,-27.483981
3774.000000,-42.873806,-27.950478
3775.000000,-37.857451,-36.172393
3776.000000,-39.196756,-29.413119
3777.000000,-38.303424,-31.280961
3778.000000,-38.357177,-24.430416
3779.000000,-34.186642,-27.538648
3780.000000,-38.240445,-28.787804
3781.000000,-41.037568,-27.801082
3782.000000,-35.280172,-28.633318
3783.000000,-40.570217,-26.656298
3784.000000,-37.403150,-25.021730
3785.000000,-36.940600,-25.638629
3786.000000,-35.323544,-24.658425
3787.000000,-33.892173,-21.708148
3788.000000,-29.216011,-18.489368
3789.000000,-18.607109,-0.594583
3790.000000,-137.919397,-157.214807
3791.000000,-58.960391,-51.844110
3792.000000,-50.126216,-44.447942
3793.000000,-49.102719,-41.259918
3794.000000,-47.338984,-40.006706
3795.000000,-46.690826,-38.648853
3796.000000,-47.971348,-39.309623
3797.000000,-49.307226,-34.883460
3798.000000,-45.862400,-39.510122
3799.000000,-48.179353,-34.640789
3800.000000,-47.090720,-34.284732
3801.000000,-45.921652,-39.510893
3802.000000,-52.284391,-39.282821
3803.000000,-47.782223,-37.825788
3804.000000,-50.616322,-37.546435
3805.000000,-41.373871,-37.035476
3806.000000,-48.096406,-33.235917
3807.000000,-51.319551,-34.064428
3808.000000,-47.599862,-35.106430
3809.000000,-44.966253,-32.779455
3810.000000,-48.304226,-36.370152
3811.000000,-46.490284,-34.101683
3812.000000,-49.587420,-38.791370
3813.000000,-48.559659,-38.650246
3814.000000,-50.640456,-33.863807
3815.000000,-53.907414,-33.629457
3816.000000,-50.211663,-42.662135
3817.000000,-50.758161,-36.148472
3818.000000,-50.244889,-38.238749
3819.000000,-49.576023,-31.383817
3820.000000,-45.709728,-34.782500
3821.000000,-49.776315,-35.639613
3822.000000,-52.771916,-34.383857
3823.000000,-47.277040,-36.067519
3824.000000,-52.383922,-33.600847
3825.000000,-49.342157,-32.373872
3826.000000,-49.122881,-33.127755
3827.000000,-47.622776,-32.604161
3828.000000,-46.143831,-30.159021
3829.000000,-41.588997,-28.180817
3830.000000,-30.096638,-13.344390
3831.000000,-133.821462,-117.001717
3832.000000,-70.973233,-52.444809
3833.000000,-62.920178,-47.928613
3834.000000,-62.108126,-45.595955
3835.000000,-60.597332,-44.984007
3836.000000,-59.995447,-44.005107
3837.000000,-61.573602,-44.807237
3838.000000,-62.703917,-40.321005
3839.000000,-60.080754,-45.501910
3840.000000,-61.918010,-40.595078
3841.000000,-60.989228,-40.200856
3842.000000,-60.490266,-45.658940
3843.000000,-67.114187,-44.993323
3844.000000,-62.875353,-44.325959
3845.000000,-66.015516,-43.851156
3846.000000,-56.807848,-44.759587
3847.000000,-62.805404,-40.247088
3848.000000,-66.536523,-40.556686
3849.000000,-63.375901,-42.131412
3850.000000,-60.459537,-40.172104
3851.000000,-64.299278,-43.383375
3852.000000,-62.357730,-41.437650
3853.000000,-66.182351,-45.847645
3854.000000,-65.409069,-46.278738
3855.000000,-67.051477,-41.421437
3856.000000,-70.694826,-40.531560
3857.000000,-68.618679,-50.279679
3858.000000,-68.647508,-44.241393
3859.000000,-68.759584,-46.657004
3860.000000,-67.595221,-40.051767
3861.000000,-64.285181,-43.895024
3862.000000,-68.578824,-44.569948
3863.000000,-72.033937,-43.210906
3864.000000,-67.280401,-45.967621
3865.000000,-72.593782,-43.372617
3866.000000,-70.280336,-42.941184
3867.000000,-71.086556,-44.376218
3868.000000,-70.900533,-45.152436
3869.000000,-71.337396,-44.687839
3870.000000,-71.065627,-47.087253
3871.000000,-73.969658,-47.380884
3872.000000,-73.007345,-40.304357
3873.000000,-74.523576,-43.218701
3874.000000,-73.829523,-46.180229
3875.000000,-75.846527,-46.563844
3876.000000,-76.055453,-47.582851
3877.000000,-76.446103,-47.634858
3878.000000,-78.985338,-49.001113
3879.000000,-80.382318,-44.804929
3880.000000,-79.048131,-50.689379
3881.000000,-80.751255,-46.027085
3882.000000,-80.226484,-45.745128
3883.000000,-80.664406,-51.494393
3884.000000,-87.731601,-50.454419
3885.000000,-84.071363,-50.616566
3886.000000,-87.705221,-49.978042
3887.000000,-78.929146,-52.394322
3888.000000,-84.276335,-47.400374
3889.000000,-88.553246,-47.169917
3890.000000,-86.162461,-49.221491
3891.000000,-83.146867,-47.722749
3892.000000,-87.549983,-50.532439
3893.000000,-85.619819,-48.940530
3894.000000,-90.221063,-52.981956
3895.000000,-89.887771,-53.939309
3896.000000,-91.149610,-49.078842
3897.000000,-95.074685,-47.435927
3898.000000,-94.748943,-57.591651
3899.000000,-94.382540,-52.014709
3900.000000,-95.157164,-54.590665
3901.000000,-93.479719,-48.182358
3902.000000,-90.648524,-52.264459
3903.000000,-94.962592,-52.538958
3904.000000,-98.573312,-50.710278
3905.000000,-94.300139,-54.058740
3906.000000,-99.223661,-50.804610
3907.000000,-96.844589,-50.333314
3908.000000,-97.407714,-51.240694
3909.000000,-96.498327,-51.439398
3910.000000,-95.086073,-49.688677
3911.000000,-90.660590,-49.289171
3912.000000,-75.045591,-37.603448
3913.000000,-173.636334,-94.192655
3914.000000,-124.455261,-64.034438
3915.000000,-117.495300,-62.706573
3916.000000,-117.195029,-61.294187
3917.000000,-116.551287,-61.557585
3918.000000,-116.461790,-61.216807
3919.000000,-119.049694,-62.177581
3920.000000,-120.113511,-57.637205
3921.000000,-119.769655,-63.632829
3922.000000,-121.166639,-58.935569
3923.000000,-120.918060,-58.494939
3924.000000,-122.296422,-64.257261
3925.000000,-129.818432,-62.644326
3926.000000,-126.955013,-63.449293
3927.000000,-131.237206,-62.508251
3928.000000,-123.324394,-66.356767
3929.000000,-128.206139,-61.029796
3930.000000,-133.173978,-60.197589
3931.000000,-131.899438,-62.623028
3932.000000,-129.165953,-61.654896
3933.000000,-134.411262,-64.059033
3934.000000,-132.885962,-62.881921
3935.000000,-138.584185,-66.527885
3936.000000,-139.187175,-68.025208
3937.000000,-140.494792,-63.332152
3938.000000,-144.983731,-60.995107
3939.000000,-146.921772,-71.393375
3940.000000,-146.756695,-66.428250
3941.000000,-148.744939,-69.214344
3942.000000,-147.128376,-63.215139
3943.000000,-145.348042,-67.660079
3944.000000,-150.215764,-67.728440
3945.000000,-154.512224,-65.577220
3946.000000,-151.439135,-69.657023
3947.000000,-156.579278,-66.044299
3948.000000,-154.834812,-65.811392
3949.000000,-155.866779,-66.564674
3950.000000,-155.039303,-66.723498
3951.000000,-152.642166,-64.592285
3952.000000,-145.044197,-63.163194
3953.000000,-110.886173,-45.469879
3954.000000,-287.012336,-122.443293
3955.000000,-207.449175,-85.430864
3956.000000,-196.532999,-82.903037
3957.000000,-195.247586,-80.967968
3958.000000,-194.881519,-81.182980
3959.000000,-195.372093,-80.965304
3960.000000,-199.025608,-81.893540
3961.000000,-200.747720,-77.372867
3962.000000,-202.459732,-83.650631
3963.000000,-204.638288,-79.253431
3964.000000,-205.702058,-78.909692
3965.000000,-209.121686,-84.850449
3966.000000,-218.173302,-82.857560
3967.000000,-217.365141,-84.446139
3968.000000,-223.485860,-83.367424
3969.000000,-217.915583,-88.814877
3970.000000,-223.610464,-83.567544
3971.000000,-230.482336,-82.341169
3972.000000,-231.742972,-85.263926
3973.000000,-230.795754,-85.108459
3974.000000,-238.301474,-87.327172
3975.000000,-238.748592,-86.833424
3976.000000,-247.058107,-90.272497
3977.000000,-250.327691,-92.509804
3978.000000,-253.409133,-88.353810
3979.000000,-260.067257,-85.612180
3980.000000,-266.112323,-96.281990
3981.000000,-268.170580,-92.255044
3982.000000,-273.396065,-95.489539
3983.000000,-273.966844,-90.302419
3984.000000,-275.416547,-95.435498
3985.000000,-283.054840,-95.705129
3986.000000,-290.313568,-93.602194
3987.000000,-290.989958,-98.755721
3988.000000,-298.903716,-95.310590
3989.000000,-300.554330,-95.823932
3990.000000,-304.986494,-97.037977
3991.000000,-307.497240,-97.945895
3992.000000,-307.847676,-96.630205
3993.000000,-301.954297,-96.364397
3994.000000,-258.654096,-80.493311
3995.000000,-470.847772,-143.204507
3996.000000,-389.467416,-116.292596
3997.000000,-381.380710,-115.501459
3998.000000,-383.982129,-114.496627
3999.000000,-388.328272,-115.623665
4000.000000,-393.739574,-116.330876
4001.000000,-402.806212,-117.910058
4002.000000,-409.609401,-114.107166
4003.000000,-417.976044,-121.178190
4004.000000,-425.726946,-117.767867
4005.000000,-432.994101,-118.161866
4006.000000,-443.571567,-124.842942
4007.000000,-459.431012,-123.081691
4008.000000,-466.334330,-126.010335
4009.000000,-480.100934,-125.401656
4010.000000,-483.206395,-133.038825
4011.000000,-496.138889,-128.763447
4012.000000,-511.503541,-127.879445
4013.000000,-522.356829,-131.948051
4014.000000,-530.665941,-133.427763
4015.000000,-548.131225,-136.268341
4016.000000,-558.746795,-137.330483
4017.000000,-578.166460,-141.398892
4018.000000,-593.210612,-145.228581
4019.000000,-607.624202,-142.674492
4020.000000,-626.324972,-140.584886
4021.000000,-647.029468,-152.330894
4022.000000,-662.607178,-150.358871
4023.000000,-682.927243,-155.124069
4024.000000,-698.277692,-152.038974
4025.000000,-716.256801,-159.129901
4026.000000,-740.730393,-161.012957
4027.000000,-765.848182,-160.399810
4028.000000,-786.299823,-168.075812
4029.000000,-814.002975,-166.510220
4030.000000,-837.342345,-169.533175
4031.000000,-864.908728,-173.158574
4032.000000,-892.394498,-177.023367
4033.000000,-919.866044,-179.253764
4034.000000,-945.658656,-184.099388
4035.000000,-950.064926,-181.531320
4036.000000,-1099.159780,-201.787890
4037.000000,-1093.990349,-197.759516
4038.000000,-1127.115105,-203.290015
4039.000000,-1168.873392,-206.754672
4040.000000,-1213.888250,-212.061818
4041.000000,-1262.028661,-216.997982
4042.000000,-1316.740145,-222.617436
4043.000000,-1371.746586,-223.156379
4044.000000,-1433.230787,-234.684069
4045.000000,-1496.821332,-236.347965
4046.000000,-1564.680117,-241.822658
4047.000000,-1641.532152,-253.819693
4048.000000,-1728.553600,-257.271642
4049.000000,-1813.607327,-266.839104
4050.000000,-1912.072201,-272.498391
4051.000000,-2008.752677,-288.561447
4052.000000,-2122.294655,-292.382852
4053.000000,-2249.179631,-299.480205
4054.000000,-2384.026005,-312.950433
4055.000000,-2529.035952,-325.317292
4056.000000,-2698.757181,-339.002577
4057.000000,-2879.409578,-353.019206
4058.000000,-3090.163520,-370.407857
4059.000000,-3321.564618,-390.058331
4060.000000,-3580.736109,-405.391395
4061.000000,-3879.392507,-422.479693
4062.000000,-4224.929881,-456.236760
4063.000000,-4616.303016,-480.830238
4064.000000,-5078.703138,-515.717438
4065.000000,-5618.060773,-548.725718
4066.000000,-6267.968346,-598.464392
4067.000000,-7065.056513,-651.659423
4068.000000,-8054.490330,-714.297311
4069.000000,-9309.244478,-803.109447
4070.000000,-10963.773041,-907.006215
4071.000000,-13223.582791,-1054.374295
4072.000000,-16502.485959,-1266.103589
4073.000000,-21663.711879,-1596.957528
4074.000000,-30951.458385,-2186.207887
4075.000000,-52516.177692,-3551.288350
4076.000000,-157193.591320,-10142.751804
4077.000000,174479.845834,10723.131572
4078.000000,58015.844245,3389.240384
4079.000000,35518.927273,1964.223521
4080.000000,25984.456651,1357.643369
4081.000000,20735.574301,1018.809568
4082.000000,17428.529104,802.262207
4083.000000,15162.793301,650.880613
4084.000000,13528.552370,543.640931
4085.000000,12297.834902,451.076467
4086.000000,11350.865970,385.215468
4087.000000,10606.181251,328.246466
4088.000000,10008.251907,274.115830
4089.000000,9523.644928,235.935744
4090.000000,9139.735155,196.178225
4091.000000,8826.404280,165.442333
4092.000000,8585.749415,126.287943
4093.000000,8394.532062,102.848916
4094.000000,8248.552683,79.425648
4095.000000,8149.746695,51.147306
4096.000000,8096.128264,24.966349
