#-----------------------------------------------------------
# Vivado v2020.2 (64-bit)
# SW Build 3064766 on Wed Nov 18 09:12:45 MST 2020
# IP Build 3064653 on Wed Nov 18 14:17:31 MST 2020
# Start of session at: Tue May 20 22:59:15 2025
# Process ID: 2400
# Current directory: C:/Users/sb/Desktop/git/jnu2023h
# Command line: vivado.exe -gui_launcher_event rodinguilauncherevent23212 C:\Users\sb\Desktop\git\jnu2023h\jnu2023h.xpr
# Log file: C:/Users/sb/Desktop/git/jnu2023h/vivado.log
# Journal file: C:/Users/sb/Desktop/git/jnu2023h\vivado.jou
#-----------------------------------------------------------
start_gui
open_project C:/Users/sb/Desktop/git/jnu2023h/jnu2023h.xpr
INFO: [Project 1-313] Project file moved from 'C:/Users/sb/Desktop/git/jnu2023h-1' since last save.
CRITICAL WARNING: [Project 1-19] Could not find the file 'C:/Users/sb/git²Ö¿â/jnu2023h-2/code/data_modulus.v'.
CRITICAL WARNING: [Project 1-19] Could not find the file 'C:/Users/sb/git²Ö¿â/jnu2023h-2/code/da_wave_send.v'.
CRITICAL WARNING: [Project 1-19] Could not find the file 'C:/Users/sb/git²Ö¿â/jnu2023h-2/code/key_debounce.v'.
CRITICAL WARNING: [Project 1-19] Could not find the file 'C:/Users/sb/git²Ö¿â/jnu2023h-2/code/ftt_clk.v'.
CRITICAL WARNING: [Project 1-19] Could not find the file 'C:/Users/sb/git²Ö¿â/jnu2023h-2/code/dds.v'.
CRITICAL WARNING: [Project 1-19] Could not find the file 'C:/Users/sb/git²Ö¿â/jnu2023h-2/code/wave_freq.v'.
Scanning sources...
Finished scanning sources
INFO: [IP_Flow 19-234] Refreshing IP repositories
INFO: [IP_Flow 19-1704] No user IP repositories specified
INFO: [IP_Flow 19-2313] Loaded Vivado IP repository 'E:/Xilinx/Vivado/2020.2/data/ip'.
WARNING: [IP_Flow 19-2162] IP 'cordic_0' is locked:
* IP definition 'CORDIC (6.0)' for IP 'cordic_0' (customized with software release 2021.2) has a different revision in the IP Catalog.
open_project: Time (s): cpu = 00:00:16 ; elapsed = 00:00:07 . Memory (MB): peak = 1139.824 ; gain = 0.000
update_compile_order -fileset sources_1
add_files -norecurse {C:/Users/sb/Desktop/git/jnu2023h/code/clk_div.v C:/Users/sb/Desktop/git/jnu2023h/code/lcd_display.v C:/Users/sb/Desktop/git/jnu2023h/code/rd_id.v C:/Users/sb/Desktop/git/jnu2023h/code/lcd_rgb_top.v C:/Users/sb/Desktop/git/jnu2023h/code/top.v C:/Users/sb/Desktop/git/jnu2023h/code/key_debounce.v C:/Users/sb/Desktop/git/jnu2023h/code/da_wave_send.v C:/Users/sb/Desktop/git/jnu2023h/code/data_modulus.v C:/Users/sb/Desktop/git/jnu2023h/code/lcd_driver.v C:/Users/sb/Desktop/git/jnu2023h/code/wave_freq.v {C:/Users/sb/Desktop/git/jnu2023h/code/data_modulus - ÏîÄ¿¸±±¾.v} C:/Users/sb/Desktop/git/jnu2023h/code/ftt_clk.v C:/Users/sb/Desktop/git/jnu2023h/code/ram_wr_ctrl.v C:/Users/sb/Desktop/git/jnu2023h/code/dds.v}
WARNING: [filemgmt 56-12] File 'C:/Users/sb/Desktop/git/jnu2023h/code/clk_div.v' cannot be added to the project because it already exists in the project, skipping this file
WARNING: [filemgmt 56-12] File 'C:/Users/sb/Desktop/git/jnu2023h/code/lcd_display.v' cannot be added to the project because it already exists in the project, skipping this file
WARNING: [filemgmt 56-12] File 'C:/Users/sb/Desktop/git/jnu2023h/code/rd_id.v' cannot be added to the project because it already exists in the project, skipping this file
WARNING: [filemgmt 56-12] File 'C:/Users/sb/Desktop/git/jnu2023h/code/lcd_rgb_top.v' cannot be added to the project because it already exists in the project, skipping this file
WARNING: [filemgmt 56-12] File 'C:/Users/sb/Desktop/git/jnu2023h/code/top.v' cannot be added to the project because it already exists in the project, skipping this file
WARNING: [filemgmt 56-12] File 'C:/Users/sb/Desktop/git/jnu2023h/code/key_debounce.v' cannot be added to the project because it already exists in the project, skipping this file
WARNING: [filemgmt 56-12] File 'C:/Users/sb/Desktop/git/jnu2023h/code/da_wave_send.v' cannot be added to the project because it already exists in the project, skipping this file
WARNING: [filemgmt 56-12] File 'C:/Users/sb/Desktop/git/jnu2023h/code/data_modulus.v' cannot be added to the project because it already exists in the project, skipping this file
WARNING: [filemgmt 56-12] File 'C:/Users/sb/Desktop/git/jnu2023h/code/lcd_driver.v' cannot be added to the project because it already exists in the project, skipping this file
WARNING: [filemgmt 56-12] File 'C:/Users/sb/Desktop/git/jnu2023h/code/wave_freq.v' cannot be added to the project because it already exists in the project, skipping this file
WARNING: [filemgmt 56-12] File 'C:/Users/sb/Desktop/git/jnu2023h/code/ftt_clk.v' cannot be added to the project because it already exists in the project, skipping this file
WARNING: [filemgmt 56-12] File 'C:/Users/sb/Desktop/git/jnu2023h/code/dds.v' cannot be added to the project because it already exists in the project, skipping this file
update_compile_order -fileset sources_1
export_ip_user_files -of_objects  [get_files C:/Users/sb/Desktop/git/jnu2023h/code/lcd_rgb_top.v] -no_script -reset -force -quiet
remove_files  C:/Users/sb/Desktop/git/jnu2023h/code/lcd_rgb_top.v
remove_files  C:/Users/sb/Desktop/git/jnu2023h/code/lcd_rgb_top.v
WARNING: [Vivado 12-818] No files matched 'C:/Users/sb/Desktop/git/jnu2023h/code/lcd_rgb_top.v'
update_compile_order -fileset sources_1
update_compile_order -fileset sources_1
export_ip_user_files -of_objects  [get_files C:/Users/sb/git²Ö¿â/jnu2023h-2/code/da_wave_send.v] -no_script -reset -force -quiet
export_ip_user_files -of_objects  [get_files C:/Users/sb/git²Ö¿â/jnu2023h-2/code/data_modulus.v] -no_script -reset -force -quiet
export_ip_user_files -of_objects  [get_files C:/Users/sb/git²Ö¿â/jnu2023h-2/code/dds.v] -no_script -reset -force -quiet
export_ip_user_files -of_objects  [get_files C:/Users/sb/git²Ö¿â/jnu2023h-2/code/ftt_clk.v] -no_script -reset -force -quiet
export_ip_user_files -of_objects  [get_files C:/Users/sb/git²Ö¿â/jnu2023h-2/code/key_debounce.v] -no_script -reset -force -quiet
export_ip_user_files -of_objects  [get_files C:/Users/sb/git²Ö¿â/jnu2023h-2/code/wave_freq.v] -no_script -reset -force -quiet
remove_files  {C:/Users/sb/git²Ö¿â/jnu2023h-2/code/da_wave_send.v C:/Users/sb/git²Ö¿â/jnu2023h-2/code/data_modulus.v C:/Users/sb/git²Ö¿â/jnu2023h-2/code/dds.v C:/Users/sb/git²Ö¿â/jnu2023h-2/code/ftt_clk.v C:/Users/sb/git²Ö¿â/jnu2023h-2/code/key_debounce.v C:/Users/sb/git²Ö¿â/jnu2023h-2/code/wave_freq.v}
set_property SOURCE_SET sources_1 [get_filesets sim_1]
add_files -fileset sim_1 -norecurse C:/Users/sb/Desktop/git/jnu2023h/code/sim/top_tb.v
generate_target Simulation [get_files C:/Users/sb/Desktop/git/jnu2023h/jnu2023h.srcs/sources_1/ip/rom_1000x8b/rom_1000x8b.xci]
INFO: [IP_Flow 19-1686] Generating 'Simulation' target for IP 'rom_1000x8b'...
export_ip_user_files -of_objects [get_files C:/Users/sb/Desktop/git/jnu2023h/jnu2023h.srcs/sources_1/ip/rom_1000x8b/rom_1000x8b.xci] -no_script -sync -force -quiet
export_simulation -of_objects [get_files C:/Users/sb/Desktop/git/jnu2023h/jnu2023h.srcs/sources_1/ip/rom_1000x8b/rom_1000x8b.xci] -directory C:/Users/sb/Desktop/git/jnu2023h/jnu2023h.ip_user_files/sim_scripts -ip_user_files_dir C:/Users/sb/Desktop/git/jnu2023h/jnu2023h.ip_user_files -ipstatic_source_dir C:/Users/sb/Desktop/git/jnu2023h/jnu2023h.ip_user_files/ipstatic -lib_map_path [list {modelsim=C:/Users/sb/Desktop/git/jnu2023h/jnu2023h.cache/compile_simlib/modelsim} {questa=C:/Users/sb/Desktop/git/jnu2023h/jnu2023h.cache/compile_simlib/questa} {riviera=C:/Users/sb/Desktop/git/jnu2023h/jnu2023h.cache/compile_simlib/riviera} {activehdl=C:/Users/sb/Desktop/git/jnu2023h/jnu2023h.cache/compile_simlib/activehdl}] -use_ip_compiled_libs -force -quiet
launch_simulation
Command: launch_simulation 
INFO: [Vivado 12-5698] Checking validity of IPs in the design for the 'XSim' simulator...
INFO: [Vivado 12-5682] Launching behavioral simulation in 'C:/Users/sb/Desktop/git/jnu2023h/jnu2023h.sim/sim_1/behav/xsim'
INFO: [Vivado 12-4795] Using compiled simulation libraries for IPs
INFO: [SIM-utils-51] Simulation object is 'sim_1'
INFO: [USF-XSim-7] Finding pre-compiled libraries...
INFO: [USF-XSim-11] File 'E:/Xilinx/Vivado/2020.2/data/xsim/xsim.ini' copied to run dir:'C:/Users/sb/Desktop/git/jnu2023h/jnu2023h.sim/sim_1/behav/xsim'
INFO: [SIM-utils-20] The project contains locked or custom IPs. The pre-compiled version of these IPs will not be referenced and the sources from these IP libraries will be compiled locally.
INFO: [SIM-utils-54] Inspecting design source files for 'top' in fileset 'sim_1'...
INFO: [SIM-utils-43] Exported 'C:/Users/sb/Desktop/git/jnu2023h/jnu2023h.sim/sim_1/behav/xsim/rom_1000x8b.mif'
INFO: [SIM-utils-43] Exported 'C:/Users/sb/Desktop/git/jnu2023h/jnu2023h.sim/sim_1/behav/xsim/rom_1000x8.coe'
INFO: [USF-XSim-97] Finding global include files...
INFO: [USF-XSim-98] Fetching design files from 'sim_1'...
INFO: [USF-XSim-2] XSim::Compile design
INFO: [USF-XSim-61] Executing 'COMPILE and ANALYZE' step in 'C:/Users/sb/Desktop/git/jnu2023h/jnu2023h.sim/sim_1/behav/xsim'
"xvlog --incr --relax -prj top_vlog.prj"
INFO: [VRFC 10-2263] Analyzing Verilog file "C:/Users/sb/Desktop/git/jnu2023h/jnu2023h.gen/sources_1/ip/rom_1000x8b/sim/rom_1000x8b.v" into library xil_defaultlib
INFO: [VRFC 10-311] analyzing module rom_1000x8b
INFO: [VRFC 10-2263] Analyzing Verilog file "C:/Users/sb/Desktop/git/jnu2023h/jnu2023h.gen/sources_1/ip/clk_wiz_0/clk_wiz_0_clk_wiz.v" into library xil_defaultlib
INFO: [VRFC 10-311] analyzing module clk_wiz_0_clk_wiz
INFO: [VRFC 10-2263] Analyzing Verilog file "C:/Users/sb/Desktop/git/jnu2023h/jnu2023h.gen/sources_1/ip/clk_wiz_0/clk_wiz_0.v" into library xil_defaultlib
INFO: [VRFC 10-311] analyzing module clk_wiz_0
INFO: [VRFC 10-2263] Analyzing Verilog file "C:/Users/sb/Desktop/git/jnu2023h/code/da_wave_send.v" into library xil_defaultlib
INFO: [VRFC 10-311] analyzing module da_wave_send
INFO: [VRFC 10-2263] Analyzing Verilog file "C:/Users/sb/Desktop/git/jnu2023h/code/data_modulus.v" into library xil_defaultlib
INFO: [VRFC 10-311] analyzing module data_modulus
INFO: [VRFC 10-2263] Analyzing Verilog file "C:/Users/sb/Desktop/git/jnu2023h/code/dds.v" into library xil_defaultlib
INFO: [VRFC 10-311] analyzing module dds
WARNING: [VRFC 10-986] literal value truncated to fit in 20 bits [C:/Users/sb/Desktop/git/jnu2023h/code/dds.v:42]
INFO: [VRFC 10-2263] Analyzing Verilog file "C:/Users/sb/Desktop/git/jnu2023h/code/ftt_clk.v" into library xil_defaultlib
INFO: [VRFC 10-311] analyzing module fft_clk
INFO: [VRFC 10-2263] Analyzing Verilog file "C:/Users/sb/Desktop/git/jnu2023h/code/ram_wr_ctrl.v" into library xil_defaultlib
INFO: [VRFC 10-311] analyzing module ram_wr_ctrl
INFO: [VRFC 10-2263] Analyzing Verilog file "C:/Users/sb/Desktop/git/jnu2023h/code/wave_freq.v" into library xil_defaultlib
INFO: [VRFC 10-311] analyzing module wave_freq
INFO: [VRFC 10-2263] Analyzing Verilog file "C:/Users/sb/Desktop/git/jnu2023h/code/top.v" into library xil_defaultlib
INFO: [VRFC 10-311] analyzing module top
INFO: [VRFC 10-2458] undeclared symbol data_valid, assumed default net type wire [C:/Users/sb/Desktop/git/jnu2023h/code/top.v:159]
INFO: [VRFC 10-2263] Analyzing Verilog file "C:/Users/sb/Desktop/git/jnu2023h/jnu2023h.sim/sim_1/behav/xsim/glbl.v" into library xil_defaultlib
INFO: [VRFC 10-311] analyzing module glbl
"xvhdl --incr --relax -prj top_vhdl.prj"
INFO: [VRFC 10-163] Analyzing VHDL file "C:/Users/sb/Desktop/git/jnu2023h/jnu2023h.ip_user_files/ipstatic/hdl/xbip_utils_v3_0_vh_rfs.vhd" into library xbip_utils_v3_0_10
ERROR: [VRFC 10-4982] syntax error near 'ERROR' [C:/Users/sb/Desktop/git/jnu2023h/jnu2023h.ip_user_files/ipstatic/hdl/xbip_utils_v3_0_vh_rfs.vhd:1]
INFO: [VRFC 10-3070] VHDL file 'C:/Users/sb/Desktop/git/jnu2023h/jnu2023h.ip_user_files/ipstatic/hdl/xbip_utils_v3_0_vh_rfs.vhd' ignored due to errors
INFO: [USF-XSim-69] 'compile' step finished in '4' seconds
INFO: [USF-XSim-99] Step results log file:'C:/Users/sb/Desktop/git/jnu2023h/jnu2023h.sim/sim_1/behav/xsim/xvhdl.log'
ERROR: [USF-XSim-62] 'compile' step failed with error(s). Please check the Tcl console output or 'C:/Users/sb/Desktop/git/jnu2023h/jnu2023h.sim/sim_1/behav/xsim/xvhdl.log' file for more information.
ERROR: [Vivado 12-4473] Detected error while running simulation. Please correct the issue and retry this operation.
launch_simulation: Time (s): cpu = 00:00:01 ; elapsed = 00:00:05 . Memory (MB): peak = 1139.824 ; gain = 0.000
ERROR: [Common 17-39] 'launch_simulation' failed due to earlier errors.
update_compile_order -fileset sim_1
update_compile_order -fileset sim_1
launch_simulation
Command: launch_simulation 
INFO: [Vivado 12-5698] Checking validity of IPs in the design for the 'XSim' simulator...
INFO: [Vivado 12-5682] Launching behavioral simulation in 'C:/Users/sb/Desktop/git/jnu2023h/jnu2023h.sim/sim_1/behav/xsim'
INFO: [Vivado 12-4795] Using compiled simulation libraries for IPs
INFO: [SIM-utils-51] Simulation object is 'sim_1'
INFO: [USF-XSim-7] Finding pre-compiled libraries...
INFO: [USF-XSim-11] File 'E:/Xilinx/Vivado/2020.2/data/xsim/xsim.ini' copied to run dir:'C:/Users/sb/Desktop/git/jnu2023h/jnu2023h.sim/sim_1/behav/xsim'
INFO: [SIM-utils-20] The project contains locked or custom IPs. The pre-compiled version of these IPs will not be referenced and the sources from these IP libraries will be compiled locally.
INFO: [SIM-utils-54] Inspecting design source files for 'top_tb' in fileset 'sim_1'...
INFO: [SIM-utils-43] Exported 'C:/Users/sb/Desktop/git/jnu2023h/jnu2023h.sim/sim_1/behav/xsim/rom_1000x8b.mif'
INFO: [SIM-utils-43] Exported 'C:/Users/sb/Desktop/git/jnu2023h/jnu2023h.sim/sim_1/behav/xsim/rom_1000x8.coe'
INFO: [USF-XSim-97] Finding global include files...
INFO: [USF-XSim-98] Fetching design files from 'sim_1'...
INFO: [USF-XSim-2] XSim::Compile design
INFO: [USF-XSim-61] Executing 'COMPILE and ANALYZE' step in 'C:/Users/sb/Desktop/git/jnu2023h/jnu2023h.sim/sim_1/behav/xsim'
"xvlog --incr --relax -prj top_tb_vlog.prj"
INFO: [VRFC 10-2263] Analyzing Verilog file "C:/Users/sb/Desktop/git/jnu2023h/code/sim/top_tb.v" into library xil_defaultlib
INFO: [VRFC 10-311] analyzing module top_tb
"xvhdl --incr --relax -prj top_tb_vhdl.prj"
INFO: [VRFC 10-163] Analyzing VHDL file "C:/Users/sb/Desktop/git/jnu2023h/jnu2023h.ip_user_files/ipstatic/hdl/xbip_utils_v3_0_vh_rfs.vhd" into library xbip_utils_v3_0_10
ERROR: [VRFC 10-4982] syntax error near 'ERROR' [C:/Users/sb/Desktop/git/jnu2023h/jnu2023h.ip_user_files/ipstatic/hdl/xbip_utils_v3_0_vh_rfs.vhd:1]
INFO: [VRFC 10-3070] VHDL file 'C:/Users/sb/Desktop/git/jnu2023h/jnu2023h.ip_user_files/ipstatic/hdl/xbip_utils_v3_0_vh_rfs.vhd' ignored due to errors
INFO: [USF-XSim-69] 'compile' step finished in '3' seconds
INFO: [USF-XSim-99] Step results log file:'C:/Users/sb/Desktop/git/jnu2023h/jnu2023h.sim/sim_1/behav/xsim/xvhdl.log'
ERROR: [USF-XSim-62] 'compile' step failed with error(s). Please check the Tcl console output or 'C:/Users/sb/Desktop/git/jnu2023h/jnu2023h.sim/sim_1/behav/xsim/xvhdl.log' file for more information.
ERROR: [Vivado 12-4473] Detected error while running simulation. Please correct the issue and retry this operation.
ERROR: [Common 17-39] 'launch_simulation' failed due to earlier errors.
reset_run rom_1000x8b_synth_1
launch_runs synth_1 -jobs 6
INFO: [IP_Flow 19-1686] Generating 'Synthesis' target for IP 'rom_1000x8b'...
ERROR: [Runs 36-378] The checkpoint 'c:/Users/sb/Desktop/git/jnu2023h/jnu2023h.gen/sources_1/ip/cordic_0/cordic_0.dcp' was created with 'Vivado v2021.2 (64-bit)', and cannot be opened in this version.
export_ip_user_files -of_objects  [get_files C:/Users/sb/Desktop/git/jnu2023h/jnu2023h.srcs/sources_1/ip/cordic_0/cordic_0.xci] -no_script -reset -force -quiet
remove_files  -fileset cordic_0 C:/Users/sb/Desktop/git/jnu2023h/jnu2023h.srcs/sources_1/ip/cordic_0/cordic_0.xci
INFO: [Project 1-386] Moving file 'C:/Users/sb/Desktop/git/jnu2023h/jnu2023h.srcs/sources_1/ip/cordic_0/cordic_0.xci' from fileset 'cordic_0' to fileset 'sources_1'.
create_ip -name cordic -vendor xilinx.com -library ip -version 6.0 -module_name cordic_0
set_property -dict [list CONFIG.Functional_Selection {Square_Root} CONFIG.Pipelining_Mode {Optimal} CONFIG.Data_Format {UnsignedInteger} CONFIG.Input_Width {31} CONFIG.Round_Mode {Nearest_Even} CONFIG.Output_Width {16} CONFIG.Coarse_Rotation {false}] [get_ips cordic_0]
generate_target {instantiation_template} [get_files c:/Users/sb/Desktop/git/jnu2023h/jnu2023h.srcs/sources_1/ip/cordic_0_1/cordic_0.xci]
INFO: [IP_Flow 19-1686] Generating 'Instantiation Template' target for IP 'cordic_0'...
generate_target all [get_files  c:/Users/sb/Desktop/git/jnu2023h/jnu2023h.srcs/sources_1/ip/cordic_0_1/cordic_0.xci]
INFO: [IP_Flow 19-1686] Generating 'Synthesis' target for IP 'cordic_0'...
INFO: [IP_Flow 19-1686] Generating 'Simulation' target for IP 'cordic_0'...
INFO: [IP_Flow 19-1686] Generating 'C Simulation' target for IP 'cordic_0'...
INFO: [IP_Flow 19-1686] Generating 'Test Bench' target for IP 'cordic_0'...
INFO: [IP_Flow 19-1686] Generating 'Change Log' target for IP 'cordic_0'...
catch { config_ip_cache -export [get_ips -all cordic_0] }
export_ip_user_files -of_objects [get_files c:/Users/sb/Desktop/git/jnu2023h/jnu2023h.srcs/sources_1/ip/cordic_0_1/cordic_0.xci] -no_script -sync -force -quiet
create_ip_run [get_files -of_objects [get_fileset sources_1] c:/Users/sb/Desktop/git/jnu2023h/jnu2023h.srcs/sources_1/ip/cordic_0_1/cordic_0.xci]
launch_runs cordic_0_synth_1 -jobs 6
[Tue May 20 23:09:08 2025] Launched cordic_0_synth_1...
Run output will be captured here: C:/Users/sb/Desktop/git/jnu2023h/jnu2023h.runs/cordic_0_synth_1/runme.log
export_simulation -of_objects [get_files c:/Users/sb/Desktop/git/jnu2023h/jnu2023h.srcs/sources_1/ip/cordic_0_1/cordic_0.xci] -directory C:/Users/sb/Desktop/git/jnu2023h/jnu2023h.ip_user_files/sim_scripts -ip_user_files_dir C:/Users/sb/Desktop/git/jnu2023h/jnu2023h.ip_user_files -ipstatic_source_dir C:/Users/sb/Desktop/git/jnu2023h/jnu2023h.ip_user_files/ipstatic -lib_map_path [list {modelsim=C:/Users/sb/Desktop/git/jnu2023h/jnu2023h.cache/compile_simlib/modelsim} {questa=C:/Users/sb/Desktop/git/jnu2023h/jnu2023h.cache/compile_simlib/questa} {riviera=C:/Users/sb/Desktop/git/jnu2023h/jnu2023h.cache/compile_simlib/riviera} {activehdl=C:/Users/sb/Desktop/git/jnu2023h/jnu2023h.cache/compile_simlib/activehdl}] -use_ip_compiled_libs -force -quiet
launch_simulation
Command: launch_simulation 
INFO: [Vivado 12-5698] Checking validity of IPs in the design for the 'XSim' simulator...
INFO: [Vivado 12-5682] Launching behavioral simulation in 'C:/Users/sb/Desktop/git/jnu2023h/jnu2023h.sim/sim_1/behav/xsim'
INFO: [Vivado 12-4795] Using compiled simulation libraries for IPs
INFO: [SIM-utils-51] Simulation object is 'sim_1'
INFO: [USF-XSim-7] Finding pre-compiled libraries...
INFO: [USF-XSim-11] File 'E:/Xilinx/Vivado/2020.2/data/xsim/xsim.ini' copied to run dir:'C:/Users/sb/Desktop/git/jnu2023h/jnu2023h.sim/sim_1/behav/xsim'
INFO: [SIM-utils-54] Inspecting design source files for 'top_tb' in fileset 'sim_1'...
INFO: [SIM-utils-43] Exported 'C:/Users/sb/Desktop/git/jnu2023h/jnu2023h.sim/sim_1/behav/xsim/rom_1000x8b.mif'
INFO: [SIM-utils-43] Exported 'C:/Users/sb/Desktop/git/jnu2023h/jnu2023h.sim/sim_1/behav/xsim/rom_1000x8.coe'
INFO: [USF-XSim-97] Finding global include files...
INFO: [USF-XSim-98] Fetching design files from 'sim_1'...
INFO: [USF-XSim-2] XSim::Compile design
INFO: [USF-XSim-61] Executing 'COMPILE and ANALYZE' step in 'C:/Users/sb/Desktop/git/jnu2023h/jnu2023h.sim/sim_1/behav/xsim'
"xvlog --incr --relax -prj top_tb_vlog.prj"
"xvhdl --incr --relax -prj top_tb_vhdl.prj"
INFO: [VRFC 10-163] Analyzing VHDL file "C:/Users/sb/Desktop/git/jnu2023h/jnu2023h.gen/sources_1/ip/cordic_0_1/sim/cordic_0.vhd" into library xil_defaultlib
INFO: [VRFC 10-3107] analyzing entity 'cordic_0'
INFO: [USF-XSim-69] 'compile' step finished in '3' seconds
INFO: [USF-XSim-3] XSim::Elaborate design
INFO: [USF-XSim-61] Executing 'ELABORATE' step in 'C:/Users/sb/Desktop/git/jnu2023h/jnu2023h.sim/sim_1/behav/xsim'
"xelab -wto 733bc6238e3a4b91923eb927ee1788cd --incr --debug typical --relax --mt 2 -L xil_defaultlib -L blk_mem_gen_v8_4_4 -L xbip_utils_v3_0_10 -L c_reg_fd_v12_0_6 -L xbip_dsp48_wrapper_v3_0_4 -L xbip_pipe_v3_0_6 -L xbip_dsp48_addsub_v3_0_6 -L xbip_addsub_v3_0_6 -L c_addsub_v12_0_14 -L xbip_bram18k_v3_0_6 -L mult_gen_v12_0_16 -L axi_utils_v2_0_6 -L cordic_v6_0_16 -L unisims_ver -L unimacro_ver -L secureip -L xpm --snapshot top_tb_behav xil_defaultlib.top_tb xil_defaultlib.glbl -log elaborate.log"
Vivado Simulator 2020.2
Copyright 1986-1999, 2001-2020 Xilinx, Inc. All Rights Reserved.
Running: E:/Xilinx/Vivado/2020.2/bin/unwrapped/win64.o/xelab.exe -wto 733bc6238e3a4b91923eb927ee1788cd --incr --debug typical --relax --mt 2 -L xil_defaultlib -L blk_mem_gen_v8_4_4 -L xbip_utils_v3_0_10 -L c_reg_fd_v12_0_6 -L xbip_dsp48_wrapper_v3_0_4 -L xbip_pipe_v3_0_6 -L xbip_dsp48_addsub_v3_0_6 -L xbip_addsub_v3_0_6 -L c_addsub_v12_0_14 -L xbip_bram18k_v3_0_6 -L mult_gen_v12_0_16 -L axi_utils_v2_0_6 -L cordic_v6_0_16 -L unisims_ver -L unimacro_ver -L secureip -L xpm --snapshot top_tb_behav xil_defaultlib.top_tb xil_defaultlib.glbl -log elaborate.log 
Using 2 slave threads.
Starting static elaboration
Pass Through NonSizing Optimizer
ERROR: [VRFC 10-2063] Module <xfft_0> not found while processing module instance <u_fft> [C:/Users/sb/Desktop/git/jnu2023h/code/top.v:108]
ERROR: [VRFC 10-2063] Module <ram_4096x16> not found while processing module instance <u_ram_4096x16> [C:/Users/sb/Desktop/git/jnu2023h/code/top.v:184]
ERROR: [XSIM 43-3322] Static elaboration of top level Verilog design unit(s) in library work failed.
INFO: [USF-XSim-69] 'elaborate' step finished in '3' seconds
INFO: [USF-XSim-99] Step results log file:'C:/Users/sb/Desktop/git/jnu2023h/jnu2023h.sim/sim_1/behav/xsim/elaborate.log'
ERROR: [USF-XSim-62] 'elaborate' step failed with error(s). Please check the Tcl console output or 'C:/Users/sb/Desktop/git/jnu2023h/jnu2023h.sim/sim_1/behav/xsim/elaborate.log' file for more information.
ERROR: [Vivado 12-4473] Detected error while running simulation. Please correct the issue and retry this operation.
launch_simulation: Time (s): cpu = 00:00:01 ; elapsed = 00:00:07 . Memory (MB): peak = 1210.094 ; gain = 0.000
ERROR: [Common 17-39] 'launch_simulation' failed due to earlier errors.
create_ip -name xfft -vendor xilinx.com -library ip -version 9.1 -module_name xfft_0
set_property -dict [list CONFIG.transform_length {128} CONFIG.implementation_options {pipelined_streaming_io} CONFIG.scaling_options {block_floating_point} CONFIG.rounding_modes {convergent_rounding} CONFIG.aresetn {true} CONFIG.xk_index {false} CONFIG.output_ordering {natural_order} CONFIG.number_of_stages_using_block_ram_for_data_and_phase_factors {0}] [get_ips xfft_0]
generate_target {instantiation_template} [get_files c:/Users/sb/Desktop/git/jnu2023h/jnu2023h.srcs/sources_1/ip/xfft_0/xfft_0.xci]
INFO: [IP_Flow 19-1686] Generating 'Instantiation Template' target for IP 'xfft_0'...
update_compile_order -fileset sources_1
generate_target all [get_files  c:/Users/sb/Desktop/git/jnu2023h/jnu2023h.srcs/sources_1/ip/xfft_0/xfft_0.xci]
INFO: [IP_Flow 19-1686] Generating 'Synthesis' target for IP 'xfft_0'...
INFO: [IP_Flow 19-1686] Generating 'Simulation' target for IP 'xfft_0'...
INFO: [IP_Flow 19-1686] Generating 'C Simulation' target for IP 'xfft_0'...
INFO: [IP_Flow 19-1686] Generating 'Test Bench' target for IP 'xfft_0'...
INFO: [IP_Flow 19-1686] Generating 'Change Log' target for IP 'xfft_0'...
catch { config_ip_cache -export [get_ips -all xfft_0] }
export_ip_user_files -of_objects [get_files c:/Users/sb/Desktop/git/jnu2023h/jnu2023h.srcs/sources_1/ip/xfft_0/xfft_0.xci] -no_script -sync -force -quiet
create_ip_run [get_files -of_objects [get_fileset sources_1] c:/Users/sb/Desktop/git/jnu2023h/jnu2023h.srcs/sources_1/ip/xfft_0/xfft_0.xci]
launch_runs xfft_0_synth_1 -jobs 6
[Tue May 20 23:13:16 2025] Launched xfft_0_synth_1...
Run output will be captured here: C:/Users/sb/Desktop/git/jnu2023h/jnu2023h.runs/xfft_0_synth_1/runme.log
export_simulation -of_objects [get_files c:/Users/sb/Desktop/git/jnu2023h/jnu2023h.srcs/sources_1/ip/xfft_0/xfft_0.xci] -directory C:/Users/sb/Desktop/git/jnu2023h/jnu2023h.ip_user_files/sim_scripts -ip_user_files_dir C:/Users/sb/Desktop/git/jnu2023h/jnu2023h.ip_user_files -ipstatic_source_dir C:/Users/sb/Desktop/git/jnu2023h/jnu2023h.ip_user_files/ipstatic -lib_map_path [list {modelsim=C:/Users/sb/Desktop/git/jnu2023h/jnu2023h.cache/compile_simlib/modelsim} {questa=C:/Users/sb/Desktop/git/jnu2023h/jnu2023h.cache/compile_simlib/questa} {riviera=C:/Users/sb/Desktop/git/jnu2023h/jnu2023h.cache/compile_simlib/riviera} {activehdl=C:/Users/sb/Desktop/git/jnu2023h/jnu2023h.cache/compile_simlib/activehdl}] -use_ip_compiled_libs -force -quiet
launch_simulation
Command: launch_simulation 
INFO: [Vivado 12-5698] Checking validity of IPs in the design for the 'XSim' simulator...
INFO: [Vivado 12-5682] Launching behavioral simulation in 'C:/Users/sb/Desktop/git/jnu2023h/jnu2023h.sim/sim_1/behav/xsim'
INFO: [Vivado 12-4795] Using compiled simulation libraries for IPs
INFO: [SIM-utils-51] Simulation object is 'sim_1'
INFO: [USF-XSim-7] Finding pre-compiled libraries...
INFO: [USF-XSim-11] File 'E:/Xilinx/Vivado/2020.2/data/xsim/xsim.ini' copied to run dir:'C:/Users/sb/Desktop/git/jnu2023h/jnu2023h.sim/sim_1/behav/xsim'
INFO: [SIM-utils-54] Inspecting design source files for 'top_tb' in fileset 'sim_1'...
INFO: [SIM-utils-43] Exported 'C:/Users/sb/Desktop/git/jnu2023h/jnu2023h.sim/sim_1/behav/xsim/rom_1000x8b.mif'
INFO: [SIM-utils-43] Exported 'C:/Users/sb/Desktop/git/jnu2023h/jnu2023h.sim/sim_1/behav/xsim/rom_1000x8.coe'
INFO: [USF-XSim-97] Finding global include files...
INFO: [USF-XSim-98] Fetching design files from 'sim_1'...
INFO: [USF-XSim-2] XSim::Compile design
INFO: [USF-XSim-61] Executing 'COMPILE and ANALYZE' step in 'C:/Users/sb/Desktop/git/jnu2023h/jnu2023h.sim/sim_1/behav/xsim'
"xvlog --incr --relax -prj top_tb_vlog.prj"
"xvhdl --incr --relax -prj top_tb_vhdl.prj"
INFO: [VRFC 10-163] Analyzing VHDL file "C:/Users/sb/Desktop/git/jnu2023h/jnu2023h.gen/sources_1/ip/xfft_0/sim/xfft_0.vhd" into library xil_defaultlib
INFO: [VRFC 10-3107] analyzing entity 'xfft_0'
INFO: [USF-XSim-69] 'compile' step finished in '3' seconds
INFO: [USF-XSim-3] XSim::Elaborate design
INFO: [USF-XSim-61] Executing 'ELABORATE' step in 'C:/Users/sb/Desktop/git/jnu2023h/jnu2023h.sim/sim_1/behav/xsim'
"xelab -wto 733bc6238e3a4b91923eb927ee1788cd --incr --debug typical --relax --mt 2 -L xil_defaultlib -L blk_mem_gen_v8_4_4 -L xbip_utils_v3_0_10 -L c_reg_fd_v12_0_6 -L xbip_dsp48_wrapper_v3_0_4 -L xbip_pipe_v3_0_6 -L xbip_dsp48_addsub_v3_0_6 -L xbip_addsub_v3_0_6 -L c_addsub_v12_0_14 -L xbip_bram18k_v3_0_6 -L mult_gen_v12_0_16 -L axi_utils_v2_0_6 -L cordic_v6_0_16 -L c_mux_bit_v12_0_6 -L c_shift_ram_v12_0_14 -L cmpy_v6_0_19 -L floating_point_v7_0_18 -L xfft_v9_1_5 -L unisims_ver -L unimacro_ver -L secureip -L xpm --snapshot top_tb_behav xil_defaultlib.top_tb xil_defaultlib.glbl -log elaborate.log"
Vivado Simulator 2020.2
Copyright 1986-1999, 2001-2020 Xilinx, Inc. All Rights Reserved.
Running: E:/Xilinx/Vivado/2020.2/bin/unwrapped/win64.o/xelab.exe -wto 733bc6238e3a4b91923eb927ee1788cd --incr --debug typical --relax --mt 2 -L xil_defaultlib -L blk_mem_gen_v8_4_4 -L xbip_utils_v3_0_10 -L c_reg_fd_v12_0_6 -L xbip_dsp48_wrapper_v3_0_4 -L xbip_pipe_v3_0_6 -L xbip_dsp48_addsub_v3_0_6 -L xbip_addsub_v3_0_6 -L c_addsub_v12_0_14 -L xbip_bram18k_v3_0_6 -L mult_gen_v12_0_16 -L axi_utils_v2_0_6 -L cordic_v6_0_16 -L c_mux_bit_v12_0_6 -L c_shift_ram_v12_0_14 -L cmpy_v6_0_19 -L floating_point_v7_0_18 -L xfft_v9_1_5 -L unisims_ver -L unimacro_ver -L secureip -L xpm --snapshot top_tb_behav xil_defaultlib.top_tb xil_defaultlib.glbl -log elaborate.log 
Using 2 slave threads.
Starting static elaboration
Pass Through NonSizing Optimizer
ERROR: [VRFC 10-2063] Module <ram_4096x16> not found while processing module instance <u_ram_4096x16> [C:/Users/sb/Desktop/git/jnu2023h/code/top.v:184]
ERROR: [XSIM 43-3322] Static elaboration of top level Verilog design unit(s) in library work failed.
INFO: [USF-XSim-69] 'elaborate' step finished in '2' seconds
INFO: [USF-XSim-99] Step results log file:'C:/Users/sb/Desktop/git/jnu2023h/jnu2023h.sim/sim_1/behav/xsim/elaborate.log'
ERROR: [USF-XSim-62] 'elaborate' step failed with error(s). Please check the Tcl console output or 'C:/Users/sb/Desktop/git/jnu2023h/jnu2023h.sim/sim_1/behav/xsim/elaborate.log' file for more information.
ERROR: [Vivado 12-4473] Detected error while running simulation. Please correct the issue and retry this operation.
launch_simulation: Time (s): cpu = 00:00:01 ; elapsed = 00:00:06 . Memory (MB): peak = 1311.586 ; gain = 0.000
ERROR: [Common 17-39] 'launch_simulation' failed due to earlier errors.
add_files -norecurse C:/Users/sb/Desktop/git/jnu2023h/code/ram_wr_ctrl.v
WARNING: [filemgmt 56-12] File 'C:/Users/sb/Desktop/git/jnu2023h/code/ram_wr_ctrl.v' cannot be added to the project because it already exists in the project, skipping this file
WARNING: [IP_Flow 19-4067] Ignoring invalid widget type specified checkbox.Providing a default widget
WARNING: [IP_Flow 19-4067] Ignoring invalid widget type specified checkbox.Providing a default widget
WARNING: [IP_Flow 19-4067] Ignoring invalid widget type specified checkbox.Providing a default widget
WARNING: [IP_Flow 19-4067] Ignoring invalid widget type specified checkbox.Providing a default widget
WARNING: [IP_Flow 19-4067] Ignoring invalid widget type specified checkbox.Providing a default widget
WARNING: [IP_Flow 19-4067] Ignoring invalid widget type specified checkbox.Providing a default widget
WARNING: [IP_Flow 19-4067] Ignoring invalid widget type specified checkbox.Providing a default widget
WARNING: [IP_Flow 19-4067] Ignoring invalid widget type specified checkbox.Providing a default widget
create_ip -name blk_mem_gen -vendor xilinx.com -library ip -version 8.4 -module_name ram_4096x16
set_property -dict [list CONFIG.Component_Name {ram_4096x16} CONFIG.Memory_Type {Simple_Dual_Port_RAM} CONFIG.Write_Depth_A {4096} CONFIG.Operating_Mode_A {NO_CHANGE} CONFIG.Enable_A {Always_Enabled} CONFIG.Enable_B {Always_Enabled} CONFIG.Register_PortA_Output_of_Memory_Primitives {false} CONFIG.Register_PortB_Output_of_Memory_Primitives {false} CONFIG.Port_B_Clock {100} CONFIG.Port_B_Enable_Rate {100}] [get_ips ram_4096x16]
WARNING: [Vivado 12-3523] Attempt to change 'Component_Name' from 'ram_4096x16' to 'ram_4096x16' is not allowed and is ignored.
generate_target {instantiation_template} [get_files c:/Users/sb/Desktop/git/jnu2023h/jnu2023h.srcs/sources_1/ip/ram_4096x16/ram_4096x16.xci]
INFO: [IP_Flow 19-1686] Generating 'Instantiation Template' target for IP 'ram_4096x16'...
generate_target all [get_files  c:/Users/sb/Desktop/git/jnu2023h/jnu2023h.srcs/sources_1/ip/ram_4096x16/ram_4096x16.xci]
INFO: [IP_Flow 19-1686] Generating 'Synthesis' target for IP 'ram_4096x16'...
INFO: [IP_Flow 19-1686] Generating 'Simulation' target for IP 'ram_4096x16'...
INFO: [IP_Flow 19-1686] Generating 'Miscellaneous' target for IP 'ram_4096x16'...
INFO: [IP_Flow 19-1686] Generating 'Change Log' target for IP 'ram_4096x16'...
catch { config_ip_cache -export [get_ips -all ram_4096x16] }
export_ip_user_files -of_objects [get_files c:/Users/sb/Desktop/git/jnu2023h/jnu2023h.srcs/sources_1/ip/ram_4096x16/ram_4096x16.xci] -no_script -sync -force -quiet
create_ip_run [get_files -of_objects [get_fileset sources_1] c:/Users/sb/Desktop/git/jnu2023h/jnu2023h.srcs/sources_1/ip/ram_4096x16/ram_4096x16.xci]
launch_runs ram_4096x16_synth_1 -jobs 6
[Tue May 20 23:24:38 2025] Launched ram_4096x16_synth_1...
Run output will be captured here: C:/Users/sb/Desktop/git/jnu2023h/jnu2023h.runs/ram_4096x16_synth_1/runme.log
export_simulation -of_objects [get_files c:/Users/sb/Desktop/git/jnu2023h/jnu2023h.srcs/sources_1/ip/ram_4096x16/ram_4096x16.xci] -directory C:/Users/sb/Desktop/git/jnu2023h/jnu2023h.ip_user_files/sim_scripts -ip_user_files_dir C:/Users/sb/Desktop/git/jnu2023h/jnu2023h.ip_user_files -ipstatic_source_dir C:/Users/sb/Desktop/git/jnu2023h/jnu2023h.ip_user_files/ipstatic -lib_map_path [list {modelsim=C:/Users/sb/Desktop/git/jnu2023h/jnu2023h.cache/compile_simlib/modelsim} {questa=C:/Users/sb/Desktop/git/jnu2023h/jnu2023h.cache/compile_simlib/questa} {riviera=C:/Users/sb/Desktop/git/jnu2023h/jnu2023h.cache/compile_simlib/riviera} {activehdl=C:/Users/sb/Desktop/git/jnu2023h/jnu2023h.cache/compile_simlib/activehdl}] -use_ip_compiled_libs -force -quiet
launch_simulation
Command: launch_simulation 
INFO: [Vivado 12-5698] Checking validity of IPs in the design for the 'XSim' simulator...
INFO: [Vivado 12-5682] Launching behavioral simulation in 'C:/Users/sb/Desktop/git/jnu2023h/jnu2023h.sim/sim_1/behav/xsim'
INFO: [Vivado 12-4795] Using compiled simulation libraries for IPs
INFO: [SIM-utils-51] Simulation object is 'sim_1'
INFO: [USF-XSim-7] Finding pre-compiled libraries...
INFO: [USF-XSim-11] File 'E:/Xilinx/Vivado/2020.2/data/xsim/xsim.ini' copied to run dir:'C:/Users/sb/Desktop/git/jnu2023h/jnu2023h.sim/sim_1/behav/xsim'
INFO: [SIM-utils-54] Inspecting design source files for 'top_tb' in fileset 'sim_1'...
INFO: [SIM-utils-43] Exported 'C:/Users/sb/Desktop/git/jnu2023h/jnu2023h.sim/sim_1/behav/xsim/rom_1000x8b.mif'
INFO: [SIM-utils-43] Exported 'C:/Users/sb/Desktop/git/jnu2023h/jnu2023h.sim/sim_1/behav/xsim/rom_1000x8.coe'
INFO: [USF-XSim-97] Finding global include files...
INFO: [USF-XSim-98] Fetching design files from 'sim_1'...
INFO: [USF-XSim-2] XSim::Compile design
INFO: [USF-XSim-61] Executing 'COMPILE and ANALYZE' step in 'C:/Users/sb/Desktop/git/jnu2023h/jnu2023h.sim/sim_1/behav/xsim'
"xvlog --incr --relax -prj top_tb_vlog.prj"
INFO: [VRFC 10-2263] Analyzing Verilog file "C:/Users/sb/Desktop/git/jnu2023h/jnu2023h.gen/sources_1/ip/ram_4096x16/sim/ram_4096x16.v" into library xil_defaultlib
INFO: [VRFC 10-311] analyzing module ram_4096x16
"xvhdl --incr --relax -prj top_tb_vhdl.prj"
INFO: [USF-XSim-69] 'compile' step finished in '3' seconds
INFO: [USF-XSim-3] XSim::Elaborate design
INFO: [USF-XSim-61] Executing 'ELABORATE' step in 'C:/Users/sb/Desktop/git/jnu2023h/jnu2023h.sim/sim_1/behav/xsim'
"xelab -wto 733bc6238e3a4b91923eb927ee1788cd --incr --debug typical --relax --mt 2 -L xil_defaultlib -L blk_mem_gen_v8_4_4 -L xbip_utils_v3_0_10 -L c_reg_fd_v12_0_6 -L xbip_dsp48_wrapper_v3_0_4 -L xbip_pipe_v3_0_6 -L xbip_dsp48_addsub_v3_0_6 -L xbip_addsub_v3_0_6 -L c_addsub_v12_0_14 -L xbip_bram18k_v3_0_6 -L mult_gen_v12_0_16 -L axi_utils_v2_0_6 -L cordic_v6_0_16 -L c_mux_bit_v12_0_6 -L c_shift_ram_v12_0_14 -L cmpy_v6_0_19 -L floating_point_v7_0_18 -L xfft_v9_1_5 -L unisims_ver -L unimacro_ver -L secureip -L xpm --snapshot top_tb_behav xil_defaultlib.top_tb xil_defaultlib.glbl -log elaborate.log"
Vivado Simulator 2020.2
Copyright 1986-1999, 2001-2020 Xilinx, Inc. All Rights Reserved.
Running: E:/Xilinx/Vivado/2020.2/bin/unwrapped/win64.o/xelab.exe -wto 733bc6238e3a4b91923eb927ee1788cd --incr --debug typical --relax --mt 2 -L xil_defaultlib -L blk_mem_gen_v8_4_4 -L xbip_utils_v3_0_10 -L c_reg_fd_v12_0_6 -L xbip_dsp48_wrapper_v3_0_4 -L xbip_pipe_v3_0_6 -L xbip_dsp48_addsub_v3_0_6 -L xbip_addsub_v3_0_6 -L c_addsub_v12_0_14 -L xbip_bram18k_v3_0_6 -L mult_gen_v12_0_16 -L axi_utils_v2_0_6 -L cordic_v6_0_16 -L c_mux_bit_v12_0_6 -L c_shift_ram_v12_0_14 -L cmpy_v6_0_19 -L floating_point_v7_0_18 -L xfft_v9_1_5 -L unisims_ver -L unimacro_ver -L secureip -L xpm --snapshot top_tb_behav xil_defaultlib.top_tb xil_defaultlib.glbl -log elaborate.log 
Using 2 slave threads.
Starting static elaboration
Pass Through NonSizing Optimizer
WARNING: [VRFC 10-8389] size mismatch in mixed language port association, VHDL port 'm_axis_data_tdata' [C:/Users/sb/Desktop/git/jnu2023h/code/top.v:108]
WARNING: [VRFC 10-8389] size mismatch in mixed language port association, VHDL port 's_axis_cartesian_tdata' [C:/Users/sb/Desktop/git/jnu2023h/code/data_modulus.v:95]
WARNING: [VRFC 10-3091] actual bit length 8 differs from formal bit length 10 for port 'ad_data_1' [C:/Users/sb/Desktop/git/jnu2023h/code/sim/top_tb.v:111]
WARNING: [VRFC 10-3091] actual bit length 8 differs from formal bit length 10 for port 'ad_data_2' [C:/Users/sb/Desktop/git/jnu2023h/code/sim/top_tb.v:116]
WARNING: [VRFC 10-3091] actual bit length 8 differs from formal bit length 12 for port 'waveA_freq' [C:/Users/sb/Desktop/git/jnu2023h/code/top.v:202]
WARNING: [VRFC 10-3091] actual bit length 8 differs from formal bit length 12 for port 'waveB_freq' [C:/Users/sb/Desktop/git/jnu2023h/code/top.v:204]
WARNING: [VRFC 10-3091] actual bit length 8 differs from formal bit length 6 for port 'freq_select' [C:/Users/sb/Desktop/git/jnu2023h/code/dds.v:89]
WARNING: [VRFC 10-3091] actual bit length 8 differs from formal bit length 6 for port 'freq_select' [C:/Users/sb/Desktop/git/jnu2023h/code/dds.v:102]
ERROR: [VRFC 10-3236] concurrent assignment to a non-net 'rd_data1' is not permitted [C:/Users/sb/Desktop/git/jnu2023h/code/sim/top_tb.v:66]
ERROR: [VRFC 10-3236] concurrent assignment to a non-net 'rd_data2' is not permitted [C:/Users/sb/Desktop/git/jnu2023h/code/sim/top_tb.v:73]
ERROR: [VRFC 10-3236] concurrent assignment to a non-net 'rd_addr1' is not permitted [C:/Users/sb/Desktop/git/jnu2023h/code/sim/top_tb.v:85]
ERROR: [VRFC 10-3236] concurrent assignment to a non-net 'in_da_data1' is not permitted [C:/Users/sb/Desktop/git/jnu2023h/code/sim/top_tb.v:88]
ERROR: [VRFC 10-3236] concurrent assignment to a non-net 'rd_addr2' is not permitted [C:/Users/sb/Desktop/git/jnu2023h/code/sim/top_tb.v:100]
ERROR: [VRFC 10-3236] concurrent assignment to a non-net 'in_da_data2' is not permitted [C:/Users/sb/Desktop/git/jnu2023h/code/sim/top_tb.v:103]
ERROR: [VRFC 10-3236] concurrent assignment to a non-net 'da_data_1' is not permitted [C:/Users/sb/Desktop/git/jnu2023h/code/sim/top_tb.v:124]
ERROR: [VRFC 10-3236] concurrent assignment to a non-net 'da_data_2' is not permitted [C:/Users/sb/Desktop/git/jnu2023h/code/sim/top_tb.v:125]
ERROR: [XSIM 43-3322] Static elaboration of top level Verilog design unit(s) in library work failed.
run_program: Time (s): cpu = 00:00:00 ; elapsed = 00:00:07 . Memory (MB): peak = 1362.176 ; gain = 0.000
INFO: [USF-XSim-69] 'elaborate' step finished in '7' seconds
INFO: [USF-XSim-99] Step results log file:'C:/Users/sb/Desktop/git/jnu2023h/jnu2023h.sim/sim_1/behav/xsim/elaborate.log'
ERROR: [USF-XSim-62] 'elaborate' step failed with error(s). Please check the Tcl console output or 'C:/Users/sb/Desktop/git/jnu2023h/jnu2023h.sim/sim_1/behav/xsim/elaborate.log' file for more information.
ERROR: [Vivado 12-4473] Detected error while running simulation. Please correct the issue and retry this operation.
launch_simulation: Time (s): cpu = 00:00:01 ; elapsed = 00:00:11 . Memory (MB): peak = 1362.176 ; gain = 0.000
ERROR: [Common 17-39] 'launch_simulation' failed due to earlier errors.
launch_simulation
Command: launch_simulation 
INFO: [Vivado 12-5698] Checking validity of IPs in the design for the 'XSim' simulator...
INFO: [Vivado 12-5682] Launching behavioral simulation in 'C:/Users/sb/Desktop/git/jnu2023h/jnu2023h.sim/sim_1/behav/xsim'
INFO: [Vivado 12-4795] Using compiled simulation libraries for IPs
INFO: [SIM-utils-51] Simulation object is 'sim_1'
INFO: [USF-XSim-7] Finding pre-compiled libraries...
INFO: [USF-XSim-11] File 'E:/Xilinx/Vivado/2020.2/data/xsim/xsim.ini' copied to run dir:'C:/Users/sb/Desktop/git/jnu2023h/jnu2023h.sim/sim_1/behav/xsim'
INFO: [SIM-utils-54] Inspecting design source files for 'top_tb' in fileset 'sim_1'...
INFO: [SIM-utils-43] Exported 'C:/Users/sb/Desktop/git/jnu2023h/jnu2023h.sim/sim_1/behav/xsim/rom_1000x8b.mif'
INFO: [SIM-utils-43] Exported 'C:/Users/sb/Desktop/git/jnu2023h/jnu2023h.sim/sim_1/behav/xsim/rom_1000x8.coe'
INFO: [USF-XSim-97] Finding global include files...
INFO: [USF-XSim-98] Fetching design files from 'sim_1'...
INFO: [USF-XSim-2] XSim::Compile design
INFO: [USF-XSim-61] Executing 'COMPILE and ANALYZE' step in 'C:/Users/sb/Desktop/git/jnu2023h/jnu2023h.sim/sim_1/behav/xsim'
"xvlog --incr --relax -prj top_tb_vlog.prj"
INFO: [VRFC 10-2263] Analyzing Verilog file "C:/Users/sb/Desktop/git/jnu2023h/jnu2023h.gen/sources_1/ip/rom_1000x8b/sim/rom_1000x8b.v" into library xil_defaultlib
INFO: [VRFC 10-311] analyzing module rom_1000x8b
INFO: [VRFC 10-2263] Analyzing Verilog file "C:/Users/sb/Desktop/git/jnu2023h/jnu2023h.gen/sources_1/ip/ram_4096x16/sim/ram_4096x16.v" into library xil_defaultlib
INFO: [VRFC 10-311] analyzing module ram_4096x16
INFO: [VRFC 10-2263] Analyzing Verilog file "C:/Users/sb/Desktop/git/jnu2023h/jnu2023h.gen/sources_1/ip/clk_wiz_0/clk_wiz_0_clk_wiz.v" into library xil_defaultlib
INFO: [VRFC 10-311] analyzing module clk_wiz_0_clk_wiz
INFO: [VRFC 10-2263] Analyzing Verilog file "C:/Users/sb/Desktop/git/jnu2023h/jnu2023h.gen/sources_1/ip/clk_wiz_0/clk_wiz_0.v" into library xil_defaultlib
INFO: [VRFC 10-311] analyzing module clk_wiz_0
INFO: [VRFC 10-2263] Analyzing Verilog file "C:/Users/sb/Desktop/git/jnu2023h/code/da_wave_send.v" into library xil_defaultlib
INFO: [VRFC 10-311] analyzing module da_wave_send
INFO: [VRFC 10-2263] Analyzing Verilog file "C:/Users/sb/Desktop/git/jnu2023h/code/data_modulus.v" into library xil_defaultlib
INFO: [VRFC 10-311] analyzing module data_modulus
INFO: [VRFC 10-2263] Analyzing Verilog file "C:/Users/sb/Desktop/git/jnu2023h/code/dds.v" into library xil_defaultlib
INFO: [VRFC 10-311] analyzing module dds
WARNING: [VRFC 10-986] literal value truncated to fit in 20 bits [C:/Users/sb/Desktop/git/jnu2023h/code/dds.v:42]
INFO: [VRFC 10-2263] Analyzing Verilog file "C:/Users/sb/Desktop/git/jnu2023h/code/ftt_clk.v" into library xil_defaultlib
INFO: [VRFC 10-311] analyzing module fft_clk
INFO: [VRFC 10-2263] Analyzing Verilog file "C:/Users/sb/Desktop/git/jnu2023h/code/ram_wr_ctrl.v" into library xil_defaultlib
INFO: [VRFC 10-311] analyzing module ram_wr_ctrl
INFO: [VRFC 10-2263] Analyzing Verilog file "C:/Users/sb/Desktop/git/jnu2023h/code/top.v" into library xil_defaultlib
INFO: [VRFC 10-311] analyzing module top
INFO: [VRFC 10-2458] undeclared symbol data_valid, assumed default net type wire [C:/Users/sb/Desktop/git/jnu2023h/code/top.v:159]
INFO: [VRFC 10-2263] Analyzing Verilog file "C:/Users/sb/Desktop/git/jnu2023h/code/wave_freq.v" into library xil_defaultlib
INFO: [VRFC 10-311] analyzing module wave_freq
INFO: [VRFC 10-2263] Analyzing Verilog file "C:/Users/sb/Desktop/git/jnu2023h/code/sim/top_tb.v" into library xil_defaultlib
INFO: [VRFC 10-311] analyzing module top_tb
INFO: [VRFC 10-2458] undeclared symbol rd_data1, assumed default net type wire [C:/Users/sb/Desktop/git/jnu2023h/code/sim/top_tb.v:66]
"xvhdl --incr --relax -prj top_tb_vhdl.prj"
INFO: [USF-XSim-69] 'compile' step finished in '3' seconds
INFO: [USF-XSim-3] XSim::Elaborate design
INFO: [USF-XSim-61] Executing 'ELABORATE' step in 'C:/Users/sb/Desktop/git/jnu2023h/jnu2023h.sim/sim_1/behav/xsim'
"xelab -wto 733bc6238e3a4b91923eb927ee1788cd --incr --debug typical --relax --mt 2 -L xil_defaultlib -L blk_mem_gen_v8_4_4 -L xbip_utils_v3_0_10 -L c_reg_fd_v12_0_6 -L xbip_dsp48_wrapper_v3_0_4 -L xbip_pipe_v3_0_6 -L xbip_dsp48_addsub_v3_0_6 -L xbip_addsub_v3_0_6 -L c_addsub_v12_0_14 -L xbip_bram18k_v3_0_6 -L mult_gen_v12_0_16 -L axi_utils_v2_0_6 -L cordic_v6_0_16 -L c_mux_bit_v12_0_6 -L c_shift_ram_v12_0_14 -L cmpy_v6_0_19 -L floating_point_v7_0_18 -L xfft_v9_1_5 -L unisims_ver -L unimacro_ver -L secureip -L xpm --snapshot top_tb_behav xil_defaultlib.top_tb xil_defaultlib.glbl -log elaborate.log"
Vivado Simulator 2020.2
Copyright 1986-1999, 2001-2020 Xilinx, Inc. All Rights Reserved.
Running: E:/Xilinx/Vivado/2020.2/bin/unwrapped/win64.o/xelab.exe -wto 733bc6238e3a4b91923eb927ee1788cd --incr --debug typical --relax --mt 2 -L xil_defaultlib -L blk_mem_gen_v8_4_4 -L xbip_utils_v3_0_10 -L c_reg_fd_v12_0_6 -L xbip_dsp48_wrapper_v3_0_4 -L xbip_pipe_v3_0_6 -L xbip_dsp48_addsub_v3_0_6 -L xbip_addsub_v3_0_6 -L c_addsub_v12_0_14 -L xbip_bram18k_v3_0_6 -L mult_gen_v12_0_16 -L axi_utils_v2_0_6 -L cordic_v6_0_16 -L c_mux_bit_v12_0_6 -L c_shift_ram_v12_0_14 -L cmpy_v6_0_19 -L floating_point_v7_0_18 -L xfft_v9_1_5 -L unisims_ver -L unimacro_ver -L secureip -L xpm --snapshot top_tb_behav xil_defaultlib.top_tb xil_defaultlib.glbl -log elaborate.log 
Using 2 slave threads.
Starting static elaboration
Pass Through NonSizing Optimizer
WARNING: [VRFC 10-8389] size mismatch in mixed language port association, VHDL port 'm_axis_data_tdata' [C:/Users/sb/Desktop/git/jnu2023h/code/top.v:108]
WARNING: [VRFC 10-8389] size mismatch in mixed language port association, VHDL port 's_axis_cartesian_tdata' [C:/Users/sb/Desktop/git/jnu2023h/code/data_modulus.v:95]
WARNING: [VRFC 10-3091] actual bit length 1 differs from formal bit length 8 for port 'douta' [C:/Users/sb/Desktop/git/jnu2023h/code/sim/top_tb.v:66]
WARNING: [VRFC 10-3091] actual bit length 1 differs from formal bit length 8 for port 'rd_data' [C:/Users/sb/Desktop/git/jnu2023h/code/sim/top_tb.v:84]
WARNING: [VRFC 10-3091] actual bit length 8 differs from formal bit length 10 for port 'ad_data_1' [C:/Users/sb/Desktop/git/jnu2023h/code/sim/top_tb.v:111]
WARNING: [VRFC 10-3091] actual bit length 8 differs from formal bit length 10 for port 'ad_data_2' [C:/Users/sb/Desktop/git/jnu2023h/code/sim/top_tb.v:116]
WARNING: [VRFC 10-3091] actual bit length 8 differs from formal bit length 12 for port 'waveA_freq' [C:/Users/sb/Desktop/git/jnu2023h/code/top.v:202]
WARNING: [VRFC 10-3091] actual bit length 8 differs from formal bit length 12 for port 'waveB_freq' [C:/Users/sb/Desktop/git/jnu2023h/code/top.v:204]
WARNING: [VRFC 10-3091] actual bit length 8 differs from formal bit length 6 for port 'freq_select' [C:/Users/sb/Desktop/git/jnu2023h/code/dds.v:89]
WARNING: [VRFC 10-3091] actual bit length 8 differs from formal bit length 6 for port 'freq_select' [C:/Users/sb/Desktop/git/jnu2023h/code/dds.v:102]
ERROR: [VRFC 10-3236] concurrent assignment to a non-net 'rd_data22' is not permitted [C:/Users/sb/Desktop/git/jnu2023h/code/sim/top_tb.v:73]
ERROR: [VRFC 10-3236] concurrent assignment to a non-net 'rd_addr11' is not permitted [C:/Users/sb/Desktop/git/jnu2023h/code/sim/top_tb.v:85]
ERROR: [VRFC 10-3236] concurrent assignment to a non-net 'in_da_data1' is not permitted [C:/Users/sb/Desktop/git/jnu2023h/code/sim/top_tb.v:88]
ERROR: [VRFC 10-3236] concurrent assignment to a non-net 'rd_addr22' is not permitted [C:/Users/sb/Desktop/git/jnu2023h/code/sim/top_tb.v:100]
ERROR: [VRFC 10-3236] concurrent assignment to a non-net 'in_da_data2' is not permitted [C:/Users/sb/Desktop/git/jnu2023h/code/sim/top_tb.v:103]
ERROR: [VRFC 10-3236] concurrent assignment to a non-net 'da_data_1' is not permitted [C:/Users/sb/Desktop/git/jnu2023h/code/sim/top_tb.v:124]
ERROR: [VRFC 10-3236] concurrent assignment to a non-net 'da_data_2' is not permitted [C:/Users/sb/Desktop/git/jnu2023h/code/sim/top_tb.v:125]
ERROR: [XSIM 43-3322] Static elaboration of top level Verilog design unit(s) in library work failed.
run_program: Time (s): cpu = 00:00:01 ; elapsed = 00:00:06 . Memory (MB): peak = 1362.176 ; gain = 0.000
INFO: [USF-XSim-69] 'elaborate' step finished in '7' seconds
INFO: [USF-XSim-99] Step results log file:'C:/Users/sb/Desktop/git/jnu2023h/jnu2023h.sim/sim_1/behav/xsim/elaborate.log'
ERROR: [USF-XSim-62] 'elaborate' step failed with error(s). Please check the Tcl console output or 'C:/Users/sb/Desktop/git/jnu2023h/jnu2023h.sim/sim_1/behav/xsim/elaborate.log' file for more information.
ERROR: [Vivado 12-4473] Detected error while running simulation. Please correct the issue and retry this operation.
launch_simulation: Time (s): cpu = 00:00:02 ; elapsed = 00:00:10 . Memory (MB): peak = 1362.176 ; gain = 0.000
ERROR: [Common 17-39] 'launch_simulation' failed due to earlier errors.
launch_simulation
Command: launch_simulation 
INFO: [Vivado 12-5698] Checking validity of IPs in the design for the 'XSim' simulator...
INFO: [Vivado 12-5682] Launching behavioral simulation in 'C:/Users/sb/Desktop/git/jnu2023h/jnu2023h.sim/sim_1/behav/xsim'
INFO: [Vivado 12-4795] Using compiled simulation libraries for IPs
INFO: [SIM-utils-51] Simulation object is 'sim_1'
INFO: [USF-XSim-7] Finding pre-compiled libraries...
INFO: [USF-XSim-11] File 'E:/Xilinx/Vivado/2020.2/data/xsim/xsim.ini' copied to run dir:'C:/Users/sb/Desktop/git/jnu2023h/jnu2023h.sim/sim_1/behav/xsim'
INFO: [SIM-utils-54] Inspecting design source files for 'top_tb' in fileset 'sim_1'...
INFO: [SIM-utils-43] Exported 'C:/Users/sb/Desktop/git/jnu2023h/jnu2023h.sim/sim_1/behav/xsim/rom_1000x8b.mif'
INFO: [SIM-utils-43] Exported 'C:/Users/sb/Desktop/git/jnu2023h/jnu2023h.sim/sim_1/behav/xsim/rom_1000x8.coe'
INFO: [USF-XSim-97] Finding global include files...
INFO: [USF-XSim-98] Fetching design files from 'sim_1'...
INFO: [USF-XSim-2] XSim::Compile design
INFO: [USF-XSim-61] Executing 'COMPILE and ANALYZE' step in 'C:/Users/sb/Desktop/git/jnu2023h/jnu2023h.sim/sim_1/behav/xsim'
"xvlog --incr --relax -prj top_tb_vlog.prj"
INFO: [VRFC 10-2263] Analyzing Verilog file "C:/Users/sb/Desktop/git/jnu2023h/jnu2023h.gen/sources_1/ip/rom_1000x8b/sim/rom_1000x8b.v" into library xil_defaultlib
INFO: [VRFC 10-311] analyzing module rom_1000x8b
INFO: [VRFC 10-2263] Analyzing Verilog file "C:/Users/sb/Desktop/git/jnu2023h/jnu2023h.gen/sources_1/ip/ram_4096x16/sim/ram_4096x16.v" into library xil_defaultlib
INFO: [VRFC 10-311] analyzing module ram_4096x16
INFO: [VRFC 10-2263] Analyzing Verilog file "C:/Users/sb/Desktop/git/jnu2023h/jnu2023h.gen/sources_1/ip/clk_wiz_0/clk_wiz_0_clk_wiz.v" into library xil_defaultlib
INFO: [VRFC 10-311] analyzing module clk_wiz_0_clk_wiz
INFO: [VRFC 10-2263] Analyzing Verilog file "C:/Users/sb/Desktop/git/jnu2023h/jnu2023h.gen/sources_1/ip/clk_wiz_0/clk_wiz_0.v" into library xil_defaultlib
INFO: [VRFC 10-311] analyzing module clk_wiz_0
INFO: [VRFC 10-2263] Analyzing Verilog file "C:/Users/sb/Desktop/git/jnu2023h/code/da_wave_send.v" into library xil_defaultlib
INFO: [VRFC 10-311] analyzing module da_wave_send
INFO: [VRFC 10-2263] Analyzing Verilog file "C:/Users/sb/Desktop/git/jnu2023h/code/data_modulus.v" into library xil_defaultlib
INFO: [VRFC 10-311] analyzing module data_modulus
INFO: [VRFC 10-2263] Analyzing Verilog file "C:/Users/sb/Desktop/git/jnu2023h/code/dds.v" into library xil_defaultlib
INFO: [VRFC 10-311] analyzing module dds
WARNING: [VRFC 10-986] literal value truncated to fit in 20 bits [C:/Users/sb/Desktop/git/jnu2023h/code/dds.v:42]
INFO: [VRFC 10-2263] Analyzing Verilog file "C:/Users/sb/Desktop/git/jnu2023h/code/ftt_clk.v" into library xil_defaultlib
INFO: [VRFC 10-311] analyzing module fft_clk
INFO: [VRFC 10-2263] Analyzing Verilog file "C:/Users/sb/Desktop/git/jnu2023h/code/ram_wr_ctrl.v" into library xil_defaultlib
INFO: [VRFC 10-311] analyzing module ram_wr_ctrl
INFO: [VRFC 10-2263] Analyzing Verilog file "C:/Users/sb/Desktop/git/jnu2023h/code/top.v" into library xil_defaultlib
INFO: [VRFC 10-311] analyzing module top
INFO: [VRFC 10-2458] undeclared symbol data_valid, assumed default net type wire [C:/Users/sb/Desktop/git/jnu2023h/code/top.v:159]
INFO: [VRFC 10-2263] Analyzing Verilog file "C:/Users/sb/Desktop/git/jnu2023h/code/wave_freq.v" into library xil_defaultlib
INFO: [VRFC 10-311] analyzing module wave_freq
INFO: [VRFC 10-2263] Analyzing Verilog file "C:/Users/sb/Desktop/git/jnu2023h/code/sim/top_tb.v" into library xil_defaultlib
INFO: [VRFC 10-311] analyzing module top_tb
INFO: [VRFC 10-2458] undeclared symbol rd_data1, assumed default net type wire [C:/Users/sb/Desktop/git/jnu2023h/code/sim/top_tb.v:66]
"xvhdl --incr --relax -prj top_tb_vhdl.prj"
INFO: [USF-XSim-69] 'compile' step finished in '3' seconds
INFO: [USF-XSim-3] XSim::Elaborate design
INFO: [USF-XSim-61] Executing 'ELABORATE' step in 'C:/Users/sb/Desktop/git/jnu2023h/jnu2023h.sim/sim_1/behav/xsim'
"xelab -wto 733bc6238e3a4b91923eb927ee1788cd --incr --debug typical --relax --mt 2 -L xil_defaultlib -L blk_mem_gen_v8_4_4 -L xbip_utils_v3_0_10 -L c_reg_fd_v12_0_6 -L xbip_dsp48_wrapper_v3_0_4 -L xbip_pipe_v3_0_6 -L xbip_dsp48_addsub_v3_0_6 -L xbip_addsub_v3_0_6 -L c_addsub_v12_0_14 -L xbip_bram18k_v3_0_6 -L mult_gen_v12_0_16 -L axi_utils_v2_0_6 -L cordic_v6_0_16 -L c_mux_bit_v12_0_6 -L c_shift_ram_v12_0_14 -L cmpy_v6_0_19 -L floating_point_v7_0_18 -L xfft_v9_1_5 -L unisims_ver -L unimacro_ver -L secureip -L xpm --snapshot top_tb_behav xil_defaultlib.top_tb xil_defaultlib.glbl -log elaborate.log"
Vivado Simulator 2020.2
Copyright 1986-1999, 2001-2020 Xilinx, Inc. All Rights Reserved.
Running: E:/Xilinx/Vivado/2020.2/bin/unwrapped/win64.o/xelab.exe -wto 733bc6238e3a4b91923eb927ee1788cd --incr --debug typical --relax --mt 2 -L xil_defaultlib -L blk_mem_gen_v8_4_4 -L xbip_utils_v3_0_10 -L c_reg_fd_v12_0_6 -L xbip_dsp48_wrapper_v3_0_4 -L xbip_pipe_v3_0_6 -L xbip_dsp48_addsub_v3_0_6 -L xbip_addsub_v3_0_6 -L c_addsub_v12_0_14 -L xbip_bram18k_v3_0_6 -L mult_gen_v12_0_16 -L axi_utils_v2_0_6 -L cordic_v6_0_16 -L c_mux_bit_v12_0_6 -L c_shift_ram_v12_0_14 -L cmpy_v6_0_19 -L floating_point_v7_0_18 -L xfft_v9_1_5 -L unisims_ver -L unimacro_ver -L secureip -L xpm --snapshot top_tb_behav xil_defaultlib.top_tb xil_defaultlib.glbl -log elaborate.log 
Using 2 slave threads.
Starting static elaboration
Pass Through NonSizing Optimizer
WARNING: [VRFC 10-8389] size mismatch in mixed language port association, VHDL port 'm_axis_data_tdata' [C:/Users/sb/Desktop/git/jnu2023h/code/top.v:108]
WARNING: [VRFC 10-8389] size mismatch in mixed language port association, VHDL port 's_axis_cartesian_tdata' [C:/Users/sb/Desktop/git/jnu2023h/code/data_modulus.v:95]
WARNING: [VRFC 10-3091] actual bit length 1 differs from formal bit length 8 for port 'douta' [C:/Users/sb/Desktop/git/jnu2023h/code/sim/top_tb.v:66]
WARNING: [VRFC 10-3091] actual bit length 1 differs from formal bit length 8 for port 'rd_data' [C:/Users/sb/Desktop/git/jnu2023h/code/sim/top_tb.v:84]
WARNING: [VRFC 10-3091] actual bit length 8 differs from formal bit length 10 for port 'ad_data_1' [C:/Users/sb/Desktop/git/jnu2023h/code/sim/top_tb.v:111]
WARNING: [VRFC 10-3091] actual bit length 8 differs from formal bit length 10 for port 'ad_data_2' [C:/Users/sb/Desktop/git/jnu2023h/code/sim/top_tb.v:116]
WARNING: [VRFC 10-3091] actual bit length 8 differs from formal bit length 12 for port 'waveA_freq' [C:/Users/sb/Desktop/git/jnu2023h/code/top.v:202]
WARNING: [VRFC 10-3091] actual bit length 8 differs from formal bit length 12 for port 'waveB_freq' [C:/Users/sb/Desktop/git/jnu2023h/code/top.v:204]
WARNING: [VRFC 10-3091] actual bit length 8 differs from formal bit length 6 for port 'freq_select' [C:/Users/sb/Desktop/git/jnu2023h/code/dds.v:89]
WARNING: [VRFC 10-3091] actual bit length 8 differs from formal bit length 6 for port 'freq_select' [C:/Users/sb/Desktop/git/jnu2023h/code/dds.v:102]
ERROR: [VRFC 10-3236] concurrent assignment to a non-net 'in_da_data1' is not permitted [C:/Users/sb/Desktop/git/jnu2023h/code/sim/top_tb.v:88]
ERROR: [VRFC 10-3236] concurrent assignment to a non-net 'in_da_data2' is not permitted [C:/Users/sb/Desktop/git/jnu2023h/code/sim/top_tb.v:103]
ERROR: [VRFC 10-3236] concurrent assignment to a non-net 'da_data_1' is not permitted [C:/Users/sb/Desktop/git/jnu2023h/code/sim/top_tb.v:124]
ERROR: [VRFC 10-3236] concurrent assignment to a non-net 'da_data_2' is not permitted [C:/Users/sb/Desktop/git/jnu2023h/code/sim/top_tb.v:125]
ERROR: [XSIM 43-3322] Static elaboration of top level Verilog design unit(s) in library work failed.
run_program: Time (s): cpu = 00:00:00 ; elapsed = 00:00:07 . Memory (MB): peak = 1362.176 ; gain = 0.000
INFO: [USF-XSim-69] 'elaborate' step finished in '7' seconds
INFO: [USF-XSim-99] Step results log file:'C:/Users/sb/Desktop/git/jnu2023h/jnu2023h.sim/sim_1/behav/xsim/elaborate.log'
ERROR: [USF-XSim-62] 'elaborate' step failed with error(s). Please check the Tcl console output or 'C:/Users/sb/Desktop/git/jnu2023h/jnu2023h.sim/sim_1/behav/xsim/elaborate.log' file for more information.
ERROR: [Vivado 12-4473] Detected error while running simulation. Please correct the issue and retry this operation.
launch_simulation: Time (s): cpu = 00:00:01 ; elapsed = 00:00:11 . Memory (MB): peak = 1362.176 ; gain = 0.000
ERROR: [Common 17-39] 'launch_simulation' failed due to earlier errors.
launch_simulation
Command: launch_simulation 
INFO: [Vivado 12-5698] Checking validity of IPs in the design for the 'XSim' simulator...
INFO: [Vivado 12-5682] Launching behavioral simulation in 'C:/Users/sb/Desktop/git/jnu2023h/jnu2023h.sim/sim_1/behav/xsim'
INFO: [Vivado 12-4795] Using compiled simulation libraries for IPs
INFO: [SIM-utils-51] Simulation object is 'sim_1'
INFO: [USF-XSim-7] Finding pre-compiled libraries...
INFO: [USF-XSim-11] File 'E:/Xilinx/Vivado/2020.2/data/xsim/xsim.ini' copied to run dir:'C:/Users/sb/Desktop/git/jnu2023h/jnu2023h.sim/sim_1/behav/xsim'
INFO: [SIM-utils-54] Inspecting design source files for 'top_tb' in fileset 'sim_1'...
INFO: [SIM-utils-43] Exported 'C:/Users/sb/Desktop/git/jnu2023h/jnu2023h.sim/sim_1/behav/xsim/rom_1000x8b.mif'
INFO: [SIM-utils-43] Exported 'C:/Users/sb/Desktop/git/jnu2023h/jnu2023h.sim/sim_1/behav/xsim/rom_1000x8.coe'
INFO: [USF-XSim-97] Finding global include files...
INFO: [USF-XSim-98] Fetching design files from 'sim_1'...
INFO: [USF-XSim-2] XSim::Compile design
INFO: [USF-XSim-61] Executing 'COMPILE and ANALYZE' step in 'C:/Users/sb/Desktop/git/jnu2023h/jnu2023h.sim/sim_1/behav/xsim'
"xvlog --incr --relax -prj top_tb_vlog.prj"
INFO: [VRFC 10-2263] Analyzing Verilog file "C:/Users/sb/Desktop/git/jnu2023h/jnu2023h.gen/sources_1/ip/rom_1000x8b/sim/rom_1000x8b.v" into library xil_defaultlib
INFO: [VRFC 10-311] analyzing module rom_1000x8b
INFO: [VRFC 10-2263] Analyzing Verilog file "C:/Users/sb/Desktop/git/jnu2023h/jnu2023h.gen/sources_1/ip/ram_4096x16/sim/ram_4096x16.v" into library xil_defaultlib
INFO: [VRFC 10-311] analyzing module ram_4096x16
INFO: [VRFC 10-2263] Analyzing Verilog file "C:/Users/sb/Desktop/git/jnu2023h/jnu2023h.gen/sources_1/ip/clk_wiz_0/clk_wiz_0_clk_wiz.v" into library xil_defaultlib
INFO: [VRFC 10-311] analyzing module clk_wiz_0_clk_wiz
INFO: [VRFC 10-2263] Analyzing Verilog file "C:/Users/sb/Desktop/git/jnu2023h/jnu2023h.gen/sources_1/ip/clk_wiz_0/clk_wiz_0.v" into library xil_defaultlib
INFO: [VRFC 10-311] analyzing module clk_wiz_0
INFO: [VRFC 10-2263] Analyzing Verilog file "C:/Users/sb/Desktop/git/jnu2023h/code/da_wave_send.v" into library xil_defaultlib
INFO: [VRFC 10-311] analyzing module da_wave_send
INFO: [VRFC 10-2263] Analyzing Verilog file "C:/Users/sb/Desktop/git/jnu2023h/code/data_modulus.v" into library xil_defaultlib
INFO: [VRFC 10-311] analyzing module data_modulus
INFO: [VRFC 10-2263] Analyzing Verilog file "C:/Users/sb/Desktop/git/jnu2023h/code/dds.v" into library xil_defaultlib
INFO: [VRFC 10-311] analyzing module dds
WARNING: [VRFC 10-986] literal value truncated to fit in 20 bits [C:/Users/sb/Desktop/git/jnu2023h/code/dds.v:42]
INFO: [VRFC 10-2263] Analyzing Verilog file "C:/Users/sb/Desktop/git/jnu2023h/code/ftt_clk.v" into library xil_defaultlib
INFO: [VRFC 10-311] analyzing module fft_clk
INFO: [VRFC 10-2263] Analyzing Verilog file "C:/Users/sb/Desktop/git/jnu2023h/code/ram_wr_ctrl.v" into library xil_defaultlib
INFO: [VRFC 10-311] analyzing module ram_wr_ctrl
INFO: [VRFC 10-2263] Analyzing Verilog file "C:/Users/sb/Desktop/git/jnu2023h/code/top.v" into library xil_defaultlib
INFO: [VRFC 10-311] analyzing module top
INFO: [VRFC 10-2458] undeclared symbol data_valid, assumed default net type wire [C:/Users/sb/Desktop/git/jnu2023h/code/top.v:159]
INFO: [VRFC 10-2263] Analyzing Verilog file "C:/Users/sb/Desktop/git/jnu2023h/code/wave_freq.v" into library xil_defaultlib
INFO: [VRFC 10-311] analyzing module wave_freq
INFO: [VRFC 10-2263] Analyzing Verilog file "C:/Users/sb/Desktop/git/jnu2023h/code/sim/top_tb.v" into library xil_defaultlib
INFO: [VRFC 10-311] analyzing module top_tb
INFO: [VRFC 10-2458] undeclared symbol rd_data1, assumed default net type wire [C:/Users/sb/Desktop/git/jnu2023h/code/sim/top_tb.v:66]
"xvhdl --incr --relax -prj top_tb_vhdl.prj"
INFO: [USF-XSim-69] 'compile' step finished in '3' seconds
INFO: [USF-XSim-3] XSim::Elaborate design
INFO: [USF-XSim-61] Executing 'ELABORATE' step in 'C:/Users/sb/Desktop/git/jnu2023h/jnu2023h.sim/sim_1/behav/xsim'
"xelab -wto 733bc6238e3a4b91923eb927ee1788cd --incr --debug typical --relax --mt 2 -L xil_defaultlib -L blk_mem_gen_v8_4_4 -L xbip_utils_v3_0_10 -L c_reg_fd_v12_0_6 -L xbip_dsp48_wrapper_v3_0_4 -L xbip_pipe_v3_0_6 -L xbip_dsp48_addsub_v3_0_6 -L xbip_addsub_v3_0_6 -L c_addsub_v12_0_14 -L xbip_bram18k_v3_0_6 -L mult_gen_v12_0_16 -L axi_utils_v2_0_6 -L cordic_v6_0_16 -L c_mux_bit_v12_0_6 -L c_shift_ram_v12_0_14 -L cmpy_v6_0_19 -L floating_point_v7_0_18 -L xfft_v9_1_5 -L unisims_ver -L unimacro_ver -L secureip -L xpm --snapshot top_tb_behav xil_defaultlib.top_tb xil_defaultlib.glbl -log elaborate.log"
Vivado Simulator 2020.2
Copyright 1986-1999, 2001-2020 Xilinx, Inc. All Rights Reserved.
Running: E:/Xilinx/Vivado/2020.2/bin/unwrapped/win64.o/xelab.exe -wto 733bc6238e3a4b91923eb927ee1788cd --incr --debug typical --relax --mt 2 -L xil_defaultlib -L blk_mem_gen_v8_4_4 -L xbip_utils_v3_0_10 -L c_reg_fd_v12_0_6 -L xbip_dsp48_wrapper_v3_0_4 -L xbip_pipe_v3_0_6 -L xbip_dsp48_addsub_v3_0_6 -L xbip_addsub_v3_0_6 -L c_addsub_v12_0_14 -L xbip_bram18k_v3_0_6 -L mult_gen_v12_0_16 -L axi_utils_v2_0_6 -L cordic_v6_0_16 -L c_mux_bit_v12_0_6 -L c_shift_ram_v12_0_14 -L cmpy_v6_0_19 -L floating_point_v7_0_18 -L xfft_v9_1_5 -L unisims_ver -L unimacro_ver -L secureip -L xpm --snapshot top_tb_behav xil_defaultlib.top_tb xil_defaultlib.glbl -log elaborate.log 
Using 2 slave threads.
Starting static elaboration
Pass Through NonSizing Optimizer
WARNING: [VRFC 10-8389] size mismatch in mixed language port association, VHDL port 'm_axis_data_tdata' [C:/Users/sb/Desktop/git/jnu2023h/code/top.v:108]
WARNING: [VRFC 10-8389] size mismatch in mixed language port association, VHDL port 's_axis_cartesian_tdata' [C:/Users/sb/Desktop/git/jnu2023h/code/data_modulus.v:95]
WARNING: [VRFC 10-3091] actual bit length 1 differs from formal bit length 8 for port 'douta' [C:/Users/sb/Desktop/git/jnu2023h/code/sim/top_tb.v:66]
WARNING: [VRFC 10-3091] actual bit length 1 differs from formal bit length 8 for port 'rd_data' [C:/Users/sb/Desktop/git/jnu2023h/code/sim/top_tb.v:84]
WARNING: [VRFC 10-3091] actual bit length 8 differs from formal bit length 10 for port 'ad_data_1' [C:/Users/sb/Desktop/git/jnu2023h/code/sim/top_tb.v:111]
WARNING: [VRFC 10-3091] actual bit length 8 differs from formal bit length 10 for port 'ad_data_2' [C:/Users/sb/Desktop/git/jnu2023h/code/sim/top_tb.v:116]
WARNING: [VRFC 10-3091] actual bit length 8 differs from formal bit length 12 for port 'waveA_freq' [C:/Users/sb/Desktop/git/jnu2023h/code/top.v:202]
WARNING: [VRFC 10-3091] actual bit length 8 differs from formal bit length 12 for port 'waveB_freq' [C:/Users/sb/Desktop/git/jnu2023h/code/top.v:204]
WARNING: [VRFC 10-3091] actual bit length 8 differs from formal bit length 6 for port 'freq_select' [C:/Users/sb/Desktop/git/jnu2023h/code/dds.v:89]
WARNING: [VRFC 10-3091] actual bit length 8 differs from formal bit length 6 for port 'freq_select' [C:/Users/sb/Desktop/git/jnu2023h/code/dds.v:102]
ERROR: [VRFC 10-3236] concurrent assignment to a non-net 'da_data_1' is not permitted [C:/Users/sb/Desktop/git/jnu2023h/code/sim/top_tb.v:124]
ERROR: [VRFC 10-3236] concurrent assignment to a non-net 'da_data_2' is not permitted [C:/Users/sb/Desktop/git/jnu2023h/code/sim/top_tb.v:125]
ERROR: [XSIM 43-3322] Static elaboration of top level Verilog design unit(s) in library work failed.
run_program: Time (s): cpu = 00:00:01 ; elapsed = 00:00:07 . Memory (MB): peak = 1362.176 ; gain = 0.000
INFO: [USF-XSim-69] 'elaborate' step finished in '7' seconds
INFO: [USF-XSim-99] Step results log file:'C:/Users/sb/Desktop/git/jnu2023h/jnu2023h.sim/sim_1/behav/xsim/elaborate.log'
ERROR: [USF-XSim-62] 'elaborate' step failed with error(s). Please check the Tcl console output or 'C:/Users/sb/Desktop/git/jnu2023h/jnu2023h.sim/sim_1/behav/xsim/elaborate.log' file for more information.
ERROR: [Vivado 12-4473] Detected error while running simulation. Please correct the issue and retry this operation.
launch_simulation: Time (s): cpu = 00:00:02 ; elapsed = 00:00:10 . Memory (MB): peak = 1362.176 ; gain = 0.000
ERROR: [Common 17-39] 'launch_simulation' failed due to earlier errors.
launch_simulation
Command: launch_simulation 
INFO: [Vivado 12-5698] Checking validity of IPs in the design for the 'XSim' simulator...
INFO: [Vivado 12-5682] Launching behavioral simulation in 'C:/Users/sb/Desktop/git/jnu2023h/jnu2023h.sim/sim_1/behav/xsim'
INFO: [Vivado 12-4795] Using compiled simulation libraries for IPs
INFO: [SIM-utils-51] Simulation object is 'sim_1'
INFO: [USF-XSim-7] Finding pre-compiled libraries...
INFO: [USF-XSim-11] File 'E:/Xilinx/Vivado/2020.2/data/xsim/xsim.ini' copied to run dir:'C:/Users/sb/Desktop/git/jnu2023h/jnu2023h.sim/sim_1/behav/xsim'
INFO: [SIM-utils-54] Inspecting design source files for 'top_tb' in fileset 'sim_1'...
INFO: [SIM-utils-43] Exported 'C:/Users/sb/Desktop/git/jnu2023h/jnu2023h.sim/sim_1/behav/xsim/rom_1000x8b.mif'
INFO: [SIM-utils-43] Exported 'C:/Users/sb/Desktop/git/jnu2023h/jnu2023h.sim/sim_1/behav/xsim/rom_1000x8.coe'
INFO: [USF-XSim-97] Finding global include files...
INFO: [USF-XSim-98] Fetching design files from 'sim_1'...
INFO: [USF-XSim-2] XSim::Compile design
INFO: [USF-XSim-61] Executing 'COMPILE and ANALYZE' step in 'C:/Users/sb/Desktop/git/jnu2023h/jnu2023h.sim/sim_1/behav/xsim'
"xvlog --incr --relax -prj top_tb_vlog.prj"
INFO: [VRFC 10-2263] Analyzing Verilog file "C:/Users/sb/Desktop/git/jnu2023h/jnu2023h.gen/sources_1/ip/rom_1000x8b/sim/rom_1000x8b.v" into library xil_defaultlib
INFO: [VRFC 10-311] analyzing module rom_1000x8b
INFO: [VRFC 10-2263] Analyzing Verilog file "C:/Users/sb/Desktop/git/jnu2023h/jnu2023h.gen/sources_1/ip/ram_4096x16/sim/ram_4096x16.v" into library xil_defaultlib
INFO: [VRFC 10-311] analyzing module ram_4096x16
INFO: [VRFC 10-2263] Analyzing Verilog file "C:/Users/sb/Desktop/git/jnu2023h/jnu2023h.gen/sources_1/ip/clk_wiz_0/clk_wiz_0_clk_wiz.v" into library xil_defaultlib
INFO: [VRFC 10-311] analyzing module clk_wiz_0_clk_wiz
INFO: [VRFC 10-2263] Analyzing Verilog file "C:/Users/sb/Desktop/git/jnu2023h/jnu2023h.gen/sources_1/ip/clk_wiz_0/clk_wiz_0.v" into library xil_defaultlib
INFO: [VRFC 10-311] analyzing module clk_wiz_0
INFO: [VRFC 10-2263] Analyzing Verilog file "C:/Users/sb/Desktop/git/jnu2023h/code/da_wave_send.v" into library xil_defaultlib
INFO: [VRFC 10-311] analyzing module da_wave_send
INFO: [VRFC 10-2263] Analyzing Verilog file "C:/Users/sb/Desktop/git/jnu2023h/code/data_modulus.v" into library xil_defaultlib
INFO: [VRFC 10-311] analyzing module data_modulus
INFO: [VRFC 10-2263] Analyzing Verilog file "C:/Users/sb/Desktop/git/jnu2023h/code/dds.v" into library xil_defaultlib
INFO: [VRFC 10-311] analyzing module dds
WARNING: [VRFC 10-986] literal value truncated to fit in 20 bits [C:/Users/sb/Desktop/git/jnu2023h/code/dds.v:42]
INFO: [VRFC 10-2263] Analyzing Verilog file "C:/Users/sb/Desktop/git/jnu2023h/code/ftt_clk.v" into library xil_defaultlib
INFO: [VRFC 10-311] analyzing module fft_clk
INFO: [VRFC 10-2263] Analyzing Verilog file "C:/Users/sb/Desktop/git/jnu2023h/code/ram_wr_ctrl.v" into library xil_defaultlib
INFO: [VRFC 10-311] analyzing module ram_wr_ctrl
INFO: [VRFC 10-2263] Analyzing Verilog file "C:/Users/sb/Desktop/git/jnu2023h/code/top.v" into library xil_defaultlib
INFO: [VRFC 10-311] analyzing module top
INFO: [VRFC 10-2458] undeclared symbol data_valid, assumed default net type wire [C:/Users/sb/Desktop/git/jnu2023h/code/top.v:159]
INFO: [VRFC 10-2263] Analyzing Verilog file "C:/Users/sb/Desktop/git/jnu2023h/code/wave_freq.v" into library xil_defaultlib
INFO: [VRFC 10-311] analyzing module wave_freq
INFO: [VRFC 10-2263] Analyzing Verilog file "C:/Users/sb/Desktop/git/jnu2023h/code/sim/top_tb.v" into library xil_defaultlib
INFO: [VRFC 10-311] analyzing module top_tb
INFO: [VRFC 10-2458] undeclared symbol rd_data1, assumed default net type wire [C:/Users/sb/Desktop/git/jnu2023h/code/sim/top_tb.v:66]
"xvhdl --incr --relax -prj top_tb_vhdl.prj"
INFO: [USF-XSim-69] 'compile' step finished in '3' seconds
INFO: [USF-XSim-3] XSim::Elaborate design
INFO: [USF-XSim-61] Executing 'ELABORATE' step in 'C:/Users/sb/Desktop/git/jnu2023h/jnu2023h.sim/sim_1/behav/xsim'
"xelab -wto 733bc6238e3a4b91923eb927ee1788cd --incr --debug typical --relax --mt 2 -L xil_defaultlib -L blk_mem_gen_v8_4_4 -L xbip_utils_v3_0_10 -L c_reg_fd_v12_0_6 -L xbip_dsp48_wrapper_v3_0_4 -L xbip_pipe_v3_0_6 -L xbip_dsp48_addsub_v3_0_6 -L xbip_addsub_v3_0_6 -L c_addsub_v12_0_14 -L xbip_bram18k_v3_0_6 -L mult_gen_v12_0_16 -L axi_utils_v2_0_6 -L cordic_v6_0_16 -L c_mux_bit_v12_0_6 -L c_shift_ram_v12_0_14 -L cmpy_v6_0_19 -L floating_point_v7_0_18 -L xfft_v9_1_5 -L unisims_ver -L unimacro_ver -L secureip -L xpm --snapshot top_tb_behav xil_defaultlib.top_tb xil_defaultlib.glbl -log elaborate.log"
Vivado Simulator 2020.2
Copyright 1986-1999, 2001-2020 Xilinx, Inc. All Rights Reserved.
Running: E:/Xilinx/Vivado/2020.2/bin/unwrapped/win64.o/xelab.exe -wto 733bc6238e3a4b91923eb927ee1788cd --incr --debug typical --relax --mt 2 -L xil_defaultlib -L blk_mem_gen_v8_4_4 -L xbip_utils_v3_0_10 -L c_reg_fd_v12_0_6 -L xbip_dsp48_wrapper_v3_0_4 -L xbip_pipe_v3_0_6 -L xbip_dsp48_addsub_v3_0_6 -L xbip_addsub_v3_0_6 -L c_addsub_v12_0_14 -L xbip_bram18k_v3_0_6 -L mult_gen_v12_0_16 -L axi_utils_v2_0_6 -L cordic_v6_0_16 -L c_mux_bit_v12_0_6 -L c_shift_ram_v12_0_14 -L cmpy_v6_0_19 -L floating_point_v7_0_18 -L xfft_v9_1_5 -L unisims_ver -L unimacro_ver -L secureip -L xpm --snapshot top_tb_behav xil_defaultlib.top_tb xil_defaultlib.glbl -log elaborate.log 
Using 2 slave threads.
Starting static elaboration
Pass Through NonSizing Optimizer
WARNING: [VRFC 10-8389] size mismatch in mixed language port association, VHDL port 'm_axis_data_tdata' [C:/Users/sb/Desktop/git/jnu2023h/code/top.v:108]
WARNING: [VRFC 10-8389] size mismatch in mixed language port association, VHDL port 's_axis_cartesian_tdata' [C:/Users/sb/Desktop/git/jnu2023h/code/data_modulus.v:95]
WARNING: [VRFC 10-3091] actual bit length 1 differs from formal bit length 8 for port 'douta' [C:/Users/sb/Desktop/git/jnu2023h/code/sim/top_tb.v:66]
WARNING: [VRFC 10-3091] actual bit length 1 differs from formal bit length 8 for port 'rd_data' [C:/Users/sb/Desktop/git/jnu2023h/code/sim/top_tb.v:84]
WARNING: [VRFC 10-3091] actual bit length 8 differs from formal bit length 10 for port 'ad_data_1' [C:/Users/sb/Desktop/git/jnu2023h/code/sim/top_tb.v:111]
WARNING: [VRFC 10-3091] actual bit length 8 differs from formal bit length 10 for port 'ad_data_2' [C:/Users/sb/Desktop/git/jnu2023h/code/sim/top_tb.v:116]
WARNING: [VRFC 10-3091] actual bit length 8 differs from formal bit length 12 for port 'waveA_freq' [C:/Users/sb/Desktop/git/jnu2023h/code/top.v:202]
WARNING: [VRFC 10-3091] actual bit length 8 differs from formal bit length 12 for port 'waveB_freq' [C:/Users/sb/Desktop/git/jnu2023h/code/top.v:204]
WARNING: [VRFC 10-3091] actual bit length 8 differs from formal bit length 6 for port 'freq_select' [C:/Users/sb/Desktop/git/jnu2023h/code/dds.v:89]
WARNING: [VRFC 10-3091] actual bit length 8 differs from formal bit length 6 for port 'freq_select' [C:/Users/sb/Desktop/git/jnu2023h/code/dds.v:102]
WARNING: [VRFC 10-5021] port 'reset' is not connected on this instance [C:/Users/sb/Desktop/git/jnu2023h/code/top.v:70]
Completed static elaboration
Starting simulation data flow analysis
Completed simulation data flow analysis
Time Resolution for simulation is 1ps
Compiling package std.standard
Compiling package std.textio
Compiling package ieee.std_logic_1164
Compiling package ieee.numeric_std
Compiling package xbip_utils_v3_0_10.xbip_utils_v3_0_10_pkg
Compiling package xfft_v9_1_5.xfft_v9_1_5_viv_comp
Compiling package ieee.std_logic_arith
Compiling package ieee.std_logic_unsigned
Compiling package ieee.math_real
Compiling package axi_utils_v2_0_6.axi_utils_v2_0_6_pkg
Compiling package mult_gen_v12_0_16.mult_gen_v12_0_16_pkg
Compiling package ieee.std_logic_signed
Compiling package cmpy_v6_0_19.cmpy_v6_0_19_pkg
Compiling package floating_point_v7_0_18.floating_point_v7_0_18_consts
Compiling package floating_point_v7_0_18.floating_point_v7_0_18_exp_table...
Compiling package floating_point_v7_0_18.floating_point_v7_0_18_pkg
Compiling package xfft_v9_1_5.pkg
Compiling package xfft_v9_1_5.xfft_v9_1_5_axi_pkg
Compiling package axi_utils_v2_0_6.global_util_pkg
Compiling package axi_utils_v2_0_6.axi_utils_comps
Compiling package unisim.vcomponents
Compiling package xbip_pipe_v3_0_6.xbip_pipe_v3_0_6_viv_comp
Compiling package xbip_addsub_v3_0_6.xbip_addsub_v3_0_6_viv_comp
Compiling package c_addsub_v12_0_14.c_addsub_v12_0_14_pkg
Compiling package c_addsub_v12_0_14.c_addsub_v12_0_14_pkg_legacy
Compiling package c_reg_fd_v12_0_6.c_reg_fd_v12_0_6_viv_comp
Compiling package ieee.vital_timing
Compiling package ieee.vital_primitives
Compiling package unisim.vpkg
Compiling package c_shift_ram_v12_0_14.c_shift_ram_v12_0_14_pkg
Compiling package c_mux_bit_v12_0_6.c_mux_bit_v12_0_6_viv_comp
Compiling package xfft_v9_1_5.quarter_sin_tw_table
Compiling package xfft_v9_1_5.quarter2_sin_tw_table
Compiling package mult_gen_v12_0_16.dsp_pkg
Compiling package xpm.vcomponents
Compiling package ieee.std_logic_textio
Compiling package cordic_v6_0_16.cordic_v6_0_16_viv_comp
Compiling package cordic_v6_0_16.cordic_pack
Compiling package cordic_v6_0_16.cordic_hdl_comps
Compiling package c_addsub_v12_0_14.c_addsub_v12_0_14_viv_comp
Compiling module blk_mem_gen_v8_4_4.blk_mem_gen_v8_4_4_output_stage(...
Compiling module blk_mem_gen_v8_4_4.blk_mem_gen_v8_4_4_softecc_outpu...
Compiling module blk_mem_gen_v8_4_4.blk_mem_gen_v8_4_4_mem_module(C_...
Compiling module blk_mem_gen_v8_4_4.blk_mem_gen_v8_4_4(C_FAMILY="art...
Compiling module xil_defaultlib.rom_1000x8b
Compiling module xil_defaultlib.da_wave_send
Compiling module unisims_ver.IBUF
Compiling module unisims_ver.MMCME2_ADV(CLKFBOUT_MULT_F=16.0,...
Compiling module unisims_ver.BUFG
Compiling module xil_defaultlib.clk_wiz_0_clk_wiz
Compiling module xil_defaultlib.clk_wiz_0
Compiling module xil_defaultlib.fft_clk
Compiling architecture xilinx of entity axi_utils_v2_0_6.glb_srl_fifo [\glb_srl_fifo(width=5,has_uvprot...]
Compiling architecture xilinx of entity axi_utils_v2_0_6.glb_ifx_master [\glb_ifx_master(width=5,afull_th...]
Compiling architecture synth of entity xfft_v9_1_5.axi_wrapper_output_fifo [\axi_wrapper_output_fifo(c_fifo_...]
Compiling architecture xilinx of entity axi_utils_v2_0_6.glb_srl_fifo [\glb_srl_fifo(width=1,has_uvprot...]
Compiling architecture xilinx of entity axi_utils_v2_0_6.glb_ifx_slave [\glb_ifx_slave(width=1,has_uvpro...]
Compiling architecture synth of entity xfft_v9_1_5.axi_wrapper_input_fifo [\axi_wrapper_input_fifo(c_fifo_w...]
Compiling architecture xilinx of entity axi_utils_v2_0_6.glb_srl_fifo [\glb_srl_fifo(width=33,has_uvpro...]
Compiling architecture xilinx of entity axi_utils_v2_0_6.glb_ifx_slave [\glb_ifx_slave(width=33,has_uvpr...]
Compiling architecture synth of entity xfft_v9_1_5.axi_wrapper_input_fifo [\axi_wrapper_input_fifo(c_fifo_w...]
Compiling architecture xilinx of entity axi_utils_v2_0_6.glb_srl_fifo [\glb_srl_fifo(width=38,has_uvpro...]
Compiling architecture xilinx of entity axi_utils_v2_0_6.glb_ifx_master [\glb_ifx_master(width=38,afull_t...]
Compiling architecture synth of entity xfft_v9_1_5.axi_wrapper_output_fifo [\axi_wrapper_output_fifo(c_fifo_...]
Compiling architecture synth of entity xfft_v9_1_5.axi_wrapper [\axi_wrapper(c_nfft_max=7,c_arch...]
Compiling architecture xilinx of entity xfft_v9_1_5.equ_rtl [\equ_rtl(c_xdevicefamily="artix7...]
Compiling architecture xilinx of entity xfft_v9_1_5.r22_cnt_ctrl [\r22_cnt_ctrl(c_xdevicefamily="a...]
Compiling architecture xilinx of entity xfft_v9_1_5.r22_cnt_ctrl [\r22_cnt_ctrl(c_xdevicefamily="a...]
Compiling architecture struct of entity c_shift_ram_v12_0_14.c_shift_ram_v12_0_14_legacy [\c_shift_ram_v12_0_14_legacy(c_x...]
Compiling architecture synth of entity c_shift_ram_v12_0_14.c_shift_ram_v12_0_14_viv [\c_shift_ram_v12_0_14_viv(c_xdev...]
Compiling architecture xilinx of entity xfft_v9_1_5.shift_ram [\shift_ram(c_xdevicefamily="arti...]
Compiling architecture struct of entity c_shift_ram_v12_0_14.c_shift_ram_v12_0_14_legacy [\c_shift_ram_v12_0_14_legacy(c_x...]
Compiling architecture synth of entity c_shift_ram_v12_0_14.c_shift_ram_v12_0_14_viv [\c_shift_ram_v12_0_14_viv(c_xdev...]
Compiling architecture xilinx of entity xfft_v9_1_5.shift_ram [\shift_ram(c_xdevicefamily="arti...]
Compiling architecture fd_v of entity unisim.FD [fd_default]
Compiling architecture struct of entity c_shift_ram_v12_0_14.c_shift_ram_v12_0_14_legacy [\c_shift_ram_v12_0_14_legacy(c_x...]
Compiling architecture synth of entity c_shift_ram_v12_0_14.c_shift_ram_v12_0_14_viv [\c_shift_ram_v12_0_14_viv(c_xdev...]
Compiling architecture xilinx of entity xfft_v9_1_5.shift_ram [\shift_ram(c_xdevicefamily="arti...]
Compiling architecture struct of entity c_shift_ram_v12_0_14.c_shift_ram_v12_0_14_legacy [\c_shift_ram_v12_0_14_legacy(c_x...]
Compiling architecture synth of entity c_shift_ram_v12_0_14.c_shift_ram_v12_0_14_viv [\c_shift_ram_v12_0_14_viv(c_xdev...]
Compiling architecture xilinx of entity xfft_v9_1_5.shift_ram [\shift_ram(c_xdevicefamily="arti...]
Compiling architecture xilinx of entity xfft_v9_1_5.shift_ram [\shift_ram(c_xdevicefamily="arti...]
Compiling architecture xilinx of entity xfft_v9_1_5.shift_ram [\shift_ram(c_xdevicefamily="arti...]
Compiling architecture xilinx of entity xfft_v9_1_5.shift_ram [\shift_ram(c_xdevicefamily="arti...]
Compiling architecture lut3_v of entity unisim.LUT3 [\LUT3(init="11001010")(0,7)\]
Compiling architecture xilinx of entity xfft_v9_1_5.mux_bus2 [\mux_bus2(c_xdevicefamily="artix...]
Compiling architecture xilinx of entity xfft_v9_1_5.r22_delay_mux [\r22_delay_mux(c_xdevicefamily="...]
Compiling architecture xilinx of entity xfft_v9_1_5.r22_delay_mux [\r22_delay_mux(c_xdevicefamily="...]
Compiling architecture xilinx of entity xfft_v9_1_5.shift_ram [\shift_ram(c_xdevicefamily="arti...]
Compiling architecture xilinx of entity xfft_v9_1_5.shift_ram [\shift_ram(c_xdevicefamily="arti...]
Compiling architecture struct of entity c_shift_ram_v12_0_14.c_shift_ram_v12_0_14_legacy [\c_shift_ram_v12_0_14_legacy(c_x...]
Compiling architecture synth of entity c_shift_ram_v12_0_14.c_shift_ram_v12_0_14_viv [\c_shift_ram_v12_0_14_viv(c_xdev...]
Compiling architecture synth of entity xfft_v9_1_5.r22_srl_memory [\r22_srl_memory(c_xdevicefamily=...]
Compiling architecture xilinx of entity xfft_v9_1_5.r22_memory [\r22_memory(c_xdevicefamily="art...]
Compiling architecture structural of entity c_reg_fd_v12_0_6.c_reg_fd_v12_0_6_viv [\c_reg_fd_v12_0_6_viv(c_width=18...]
Compiling architecture rtl of entity c_addsub_v12_0_14.c_addsub_v12_0_14_lut6_legacy [\c_addsub_v12_0_14_lut6_legacy(c...]
Compiling architecture synth of entity c_addsub_v12_0_14.c_addsub_v12_0_14_fabric_legacy [\c_addsub_v12_0_14_fabric_legacy...]
Compiling architecture synth of entity c_addsub_v12_0_14.c_addsub_v12_0_14_legacy [\c_addsub_v12_0_14_legacy(c_fami...]
Compiling architecture synth of entity c_addsub_v12_0_14.c_addsub_v12_0_14_viv [\c_addsub_v12_0_14_viv(c_xdevice...]
Compiling architecture xilinx of entity xfft_v9_1_5.adder_bypass [\adder_bypass(c_xdevicefamily="a...]
Compiling architecture structural of entity c_reg_fd_v12_0_6.c_reg_fd_v12_0_6_viv [\c_reg_fd_v12_0_6_viv(c_width=18...]
Compiling architecture rtl of entity c_addsub_v12_0_14.c_addsub_v12_0_14_lut6_legacy [\c_addsub_v12_0_14_lut6_legacy(c...]
Compiling architecture synth of entity c_addsub_v12_0_14.c_addsub_v12_0_14_fabric_legacy [\c_addsub_v12_0_14_fabric_legacy...]
Compiling architecture synth of entity c_addsub_v12_0_14.c_addsub_v12_0_14_legacy [\c_addsub_v12_0_14_legacy(c_fami...]
Compiling architecture synth of entity c_addsub_v12_0_14.c_addsub_v12_0_14_viv [\c_addsub_v12_0_14_viv(c_xdevice...]
Compiling architecture xilinx of entity xfft_v9_1_5.sub_byp [\sub_byp(c_xdevicefamily="artix7...]
Compiling architecture xilinx of entity xfft_v9_1_5.r22_bfly_byp [\r22_bfly_byp(c_xdevicefamily="a...]
Compiling architecture xilinx of entity xfft_v9_1_5.r22_bf [\r22_bf(c_xdevicefamily="artix7"...]
Compiling architecture xilinx of entity xfft_v9_1_5.shift_ram [\shift_ram(c_xdevicefamily="arti...]
Compiling architecture fde_v of entity unisim.FDE [fde_default]
Compiling architecture synth of entity xfft_v9_1_5.r22_twos_comp_mux [\r22_twos_comp_mux(c_xdevicefami...]
Compiling architecture synth of entity xfft_v9_1_5.r22_twos_comp_mux [\r22_twos_comp_mux(c_xdevicefami...]
Compiling architecture xilinx of entity xfft_v9_1_5.shift_ram [\shift_ram(c_xdevicefamily="arti...]
Compiling architecture xilinx of entity xfft_v9_1_5.shift_ram [\shift_ram(c_xdevicefamily="arti...]
Compiling architecture xilinx of entity xfft_v9_1_5.shift_ram [\shift_ram(c_xdevicefamily="arti...]
Compiling architecture xilinx of entity xfft_v9_1_5.mux_bus2 [\mux_bus2(c_xdevicefamily="artix...]
Compiling architecture xilinx of entity xfft_v9_1_5.r22_delay_mux [\r22_delay_mux(c_xdevicefamily="...]
Compiling architecture xilinx of entity xfft_v9_1_5.r22_delay_mux [\r22_delay_mux(c_xdevicefamily="...]
Compiling architecture xilinx of entity xfft_v9_1_5.shift_ram [\shift_ram(c_xdevicefamily="arti...]
Compiling architecture xilinx of entity xfft_v9_1_5.shift_ram [\shift_ram(c_xdevicefamily="arti...]
Compiling architecture struct of entity c_shift_ram_v12_0_14.c_shift_ram_v12_0_14_legacy [\c_shift_ram_v12_0_14_legacy(c_x...]
Compiling architecture synth of entity c_shift_ram_v12_0_14.c_shift_ram_v12_0_14_viv [\c_shift_ram_v12_0_14_viv(c_xdev...]
Compiling architecture synth of entity xfft_v9_1_5.r22_srl_memory [\r22_srl_memory(c_xdevicefamily=...]
Compiling architecture xilinx of entity xfft_v9_1_5.r22_memory [\r22_memory(c_xdevicefamily="art...]
Compiling architecture structural of entity c_reg_fd_v12_0_6.c_reg_fd_v12_0_6_viv [\c_reg_fd_v12_0_6_viv(c_width=19...]
Compiling architecture rtl of entity c_addsub_v12_0_14.c_addsub_v12_0_14_lut6_legacy [\c_addsub_v12_0_14_lut6_legacy(c...]
Compiling architecture synth of entity c_addsub_v12_0_14.c_addsub_v12_0_14_fabric_legacy [\c_addsub_v12_0_14_fabric_legacy...]
Compiling architecture synth of entity c_addsub_v12_0_14.c_addsub_v12_0_14_legacy [\c_addsub_v12_0_14_legacy(c_fami...]
Compiling architecture synth of entity c_addsub_v12_0_14.c_addsub_v12_0_14_viv [\c_addsub_v12_0_14_viv(c_xdevice...]
Compiling architecture xilinx of entity xfft_v9_1_5.adder_bypass [\adder_bypass(c_xdevicefamily="a...]
Compiling architecture structural of entity c_reg_fd_v12_0_6.c_reg_fd_v12_0_6_viv [\c_reg_fd_v12_0_6_viv(c_width=19...]
Compiling architecture rtl of entity c_addsub_v12_0_14.c_addsub_v12_0_14_lut6_legacy [\c_addsub_v12_0_14_lut6_legacy(c...]
Compiling architecture synth of entity c_addsub_v12_0_14.c_addsub_v12_0_14_fabric_legacy [\c_addsub_v12_0_14_fabric_legacy...]
Compiling architecture synth of entity c_addsub_v12_0_14.c_addsub_v12_0_14_legacy [\c_addsub_v12_0_14_legacy(c_fami...]
Compiling architecture synth of entity c_addsub_v12_0_14.c_addsub_v12_0_14_viv [\c_addsub_v12_0_14_viv(c_xdevice...]
Compiling architecture xilinx of entity xfft_v9_1_5.sub_byp [\sub_byp(c_xdevicefamily="artix7...]
Compiling architecture xilinx of entity xfft_v9_1_5.r22_bfly_byp [\r22_bfly_byp(c_xdevicefamily="a...]
Compiling architecture xilinx of entity xfft_v9_1_5.r22_bf [\r22_bf(c_xdevicefamily="artix7"...]
Compiling architecture structural of entity c_reg_fd_v12_0_6.c_reg_fd_v12_0_6_viv [\c_reg_fd_v12_0_6_viv(c_width=7,...]
Compiling architecture rtl of entity c_addsub_v12_0_14.c_addsub_v12_0_14_lut6_legacy [\c_addsub_v12_0_14_lut6_legacy(c...]
Compiling architecture synth of entity c_addsub_v12_0_14.c_addsub_v12_0_14_fabric_legacy [\c_addsub_v12_0_14_fabric_legacy...]
Compiling architecture synth of entity c_addsub_v12_0_14.c_addsub_v12_0_14_legacy [\c_addsub_v12_0_14_legacy(c_fami...]
Compiling architecture synth of entity c_addsub_v12_0_14.c_addsub_v12_0_14_viv [\c_addsub_v12_0_14_viv(c_xdevice...]
Compiling architecture xilinx of entity xfft_v9_1_5.adder [\adder(c_xdevicefamily="artix7",...]
Compiling architecture lut6_v of entity unisim.LUT6 [\LUT6(init="11111111000000001111...]
Compiling architecture xilinx of entity xfft_v9_1_5.mux_bus4 [\mux_bus4(c_xdevicefamily="artix...]
Compiling architecture struct of entity c_shift_ram_v12_0_14.c_shift_ram_v12_0_14_legacy [\c_shift_ram_v12_0_14_legacy(c_x...]
Compiling architecture synth of entity c_shift_ram_v12_0_14.c_shift_ram_v12_0_14_viv [\c_shift_ram_v12_0_14_viv(c_xdev...]
Compiling architecture xilinx of entity xfft_v9_1_5.shift_ram [\shift_ram(c_xdevicefamily="arti...]
Compiling architecture xilinx of entity xfft_v9_1_5.twgen_distmem [\twgen_distmem(theta_width=6,pip...]
Compiling architecture xilinx of entity xfft_v9_1_5.twiddle_gen [\twiddle_gen(c_xdevicefamily="ar...]
Compiling architecture xilinx of entity xfft_v9_1_5.r22_tw_gen [\r22_tw_gen(c_xdevicefamily="art...]
Compiling architecture xilinx of entity cmpy_v6_0_19.delay_line [\delay_line(c_xdevicefamily="art...]
Compiling architecture xilinx of entity cmpy_v6_0_19.delay_line [\delay_line(c_xdevicefamily="art...]
Compiling architecture xilinx of entity mult_gen_v12_0_16.delay_line [\delay_line(c_xdevicefamily="art...]
Compiling architecture xilinx of entity mult_gen_v12_0_16.delay_line [\delay_line(c_xdevicefamily="art...]
Compiling architecture dsp48e1_v of entity unisim.DSP48E1 [\DSP48E1(acascreg=2,alumodereg=0...]
Compiling architecture xilinx of entity mult_gen_v12_0_16.delay_line [\delay_line(c_xdevicefamily="art...]
Compiling architecture xilinx of entity mult_gen_v12_0_16.op_resize [\op_resize(ai_width=18,bi_width=...]
Compiling architecture xilinx of entity mult_gen_v12_0_16.dsp [\dsp(c_xdevicefamily="artix7",c_...]
Compiling architecture xilinx of entity cmpy_v6_0_19.cmpy_3_dsp48_mult [\cmpy_3_dsp48_mult(c_xdevicefami...]
Compiling architecture xilinx of entity mult_gen_v12_0_16.delay_line [\delay_line(c_xdevicefamily="art...]
Compiling architecture xilinx of entity mult_gen_v12_0_16.delay_line [\delay_line(c_xdevicefamily="art...]
Compiling architecture dsp48e1_v of entity unisim.DSP48E1 [\DSP48E1(alumodereg=0,bcascreg=2...]
Compiling architecture xilinx of entity mult_gen_v12_0_16.op_resize [\op_resize(ai_width=19,bi_width=...]
Compiling architecture xilinx of entity mult_gen_v12_0_16.dsp [\dsp(c_xdevicefamily="artix7",c_...]
Compiling architecture xilinx of entity cmpy_v6_0_19.cmpy_3_dsp48_mult [\cmpy_3_dsp48_mult(c_xdevicefami...]
Compiling architecture xilinx of entity mult_gen_v12_0_16.dsp [\dsp(c_xdevicefamily="artix7",c_...]
Compiling architecture xilinx of entity cmpy_v6_0_19.cmpy_3_dsp48_mult [\cmpy_3_dsp48_mult(c_xdevicefami...]
Compiling architecture xilinx of entity cmpy_v6_0_19.input_negation [\input_negation(c_xdevicefamily=...]
Compiling architecture xilinx of entity cmpy_v6_0_19.delay_line [\delay_line(c_xdevicefamily="art...]
Compiling architecture xilinx of entity cmpy_v6_0_19.delay_line [\delay_line(c_xdevicefamily="art...]
Compiling architecture xilinx of entity cmpy_v6_0_19.cmpy_3_dsp48 [\cmpy_3_dsp48(c_xdevicefamily="a...]
Compiling architecture xilinx of entity cmpy_v6_0_19.cmpy_v6_0_19_synth [\cmpy_v6_0_19_synth(c_xdevicefam...]
Compiling architecture xilinx of entity xfft_v9_1_5.cmpy [\cmpy(c_xdevicefamily="artix7",a...]
Compiling architecture xilinx of entity xfft_v9_1_5.logic_gate [\logic_gate(c_xdevicefamily="art...]
Compiling architecture xilinx of entity xfft_v9_1_5.shift_ram [\shift_ram(c_xdevicefamily="arti...]
Compiling architecture lut6_v of entity unisim.LUT6 [\LUT6(init="10000000000000000000...]
Compiling architecture xilinx of entity xfft_v9_1_5.logic_gate [\logic_gate(c_xdevicefamily="art...]
Compiling architecture rtl of entity c_addsub_v12_0_14.c_addsub_v12_0_14_lut6_legacy [\c_addsub_v12_0_14_lut6_legacy(c...]
Compiling architecture synth of entity c_addsub_v12_0_14.c_addsub_v12_0_14_fabric_legacy [\c_addsub_v12_0_14_fabric_legacy...]
Compiling architecture synth of entity c_addsub_v12_0_14.c_addsub_v12_0_14_legacy [\c_addsub_v12_0_14_legacy(c_fami...]
Compiling architecture synth of entity c_addsub_v12_0_14.c_addsub_v12_0_14_viv [\c_addsub_v12_0_14_viv(c_xdevice...]
Compiling architecture xilinx of entity xfft_v9_1_5.unbiased_round [\unbiased_round(c_xdevicefamily=...]
Compiling architecture xilinx of entity xfft_v9_1_5.shift_ram [\shift_ram(c_xdevicefamily="arti...]
Compiling architecture xilinx of entity xfft_v9_1_5.shift_ram [\shift_ram(c_xdevicefamily="arti...]
Compiling architecture xilinx of entity xfft_v9_1_5.r22_pe [\r22_pe(c_xdevicefamily="artix7"...]
Compiling architecture synth of entity xfft_v9_1_5.srl_fifo [\srl_fifo(c_width=1)\]
Compiling architecture xilinx of entity xfft_v9_1_5.r22_cnt_ctrl [\r22_cnt_ctrl(c_xdevicefamily="a...]
Compiling architecture xilinx of entity xfft_v9_1_5.r22_cnt_ctrl [\r22_cnt_ctrl(c_xdevicefamily="a...]
Compiling architecture struct of entity c_shift_ram_v12_0_14.c_shift_ram_v12_0_14_legacy [\c_shift_ram_v12_0_14_legacy(c_x...]
Compiling architecture synth of entity c_shift_ram_v12_0_14.c_shift_ram_v12_0_14_viv [\c_shift_ram_v12_0_14_viv(c_xdev...]
Compiling architecture xilinx of entity xfft_v9_1_5.shift_ram [\shift_ram(c_xdevicefamily="arti...]
Compiling architecture struct of entity c_shift_ram_v12_0_14.c_shift_ram_v12_0_14_legacy [\c_shift_ram_v12_0_14_legacy(c_x...]
Compiling architecture synth of entity c_shift_ram_v12_0_14.c_shift_ram_v12_0_14_viv [\c_shift_ram_v12_0_14_viv(c_xdev...]
Compiling architecture xilinx of entity xfft_v9_1_5.shift_ram [\shift_ram(c_xdevicefamily="arti...]
Compiling architecture struct of entity c_shift_ram_v12_0_14.c_shift_ram_v12_0_14_legacy [\c_shift_ram_v12_0_14_legacy(c_x...]
Compiling architecture synth of entity c_shift_ram_v12_0_14.c_shift_ram_v12_0_14_viv [\c_shift_ram_v12_0_14_viv(c_xdev...]
Compiling architecture xilinx of entity xfft_v9_1_5.shift_ram [\shift_ram(c_xdevicefamily="arti...]
Compiling architecture structural of entity c_reg_fd_v12_0_6.c_reg_fd_v12_0_6_viv [\c_reg_fd_v12_0_6_viv(c_width=20...]
Compiling architecture rtl of entity c_addsub_v12_0_14.c_addsub_v12_0_14_lut6_legacy [\c_addsub_v12_0_14_lut6_legacy(c...]
Compiling architecture synth of entity c_addsub_v12_0_14.c_addsub_v12_0_14_fabric_legacy [\c_addsub_v12_0_14_fabric_legacy...]
Compiling architecture synth of entity c_addsub_v12_0_14.c_addsub_v12_0_14_legacy [\c_addsub_v12_0_14_legacy(c_fami...]
Compiling architecture synth of entity c_addsub_v12_0_14.c_addsub_v12_0_14_viv [\c_addsub_v12_0_14_viv(c_xdevice...]
Compiling architecture xilinx of entity xfft_v9_1_5.adder [\adder(c_xdevicefamily="artix7",...]
Compiling architecture struct of entity c_shift_ram_v12_0_14.c_shift_ram_v12_0_14_legacy [\c_shift_ram_v12_0_14_legacy(c_x...]
Compiling architecture synth of entity c_shift_ram_v12_0_14.c_shift_ram_v12_0_14_viv [\c_shift_ram_v12_0_14_viv(c_xdev...]
Compiling architecture xilinx of entity xfft_v9_1_5.shift_ram [\shift_ram(c_xdevicefamily="arti...]
Compiling architecture xilinx of entity xfft_v9_1_5.shift_ram [\shift_ram(c_xdevicefamily="arti...]
Compiling architecture xilinx of entity xfft_v9_1_5.mux_bus2 [\mux_bus2(c_xdevicefamily="artix...]
Compiling architecture xilinx of entity xfft_v9_1_5.shift_ram [\shift_ram(c_xdevicefamily="arti...]
Compiling architecture xilinx of entity xfft_v9_1_5.mux_bus2 [\mux_bus2(c_xdevicefamily="artix...]
Compiling architecture xilinx of entity xfft_v9_1_5.r22_bf_sp [\r22_bf_sp(c_xdevicefamily="arti...]
Compiling architecture synth of entity xfft_v9_1_5.r22_twos_comp_mux [\r22_twos_comp_mux(c_xdevicefami...]
Compiling architecture synth of entity xfft_v9_1_5.r22_twos_comp_mux [\r22_twos_comp_mux(c_xdevicefami...]
Compiling architecture structural of entity c_reg_fd_v12_0_6.c_reg_fd_v12_0_6_viv [\c_reg_fd_v12_0_6_viv(c_width=21...]
Compiling architecture rtl of entity c_addsub_v12_0_14.c_addsub_v12_0_14_lut6_legacy [\c_addsub_v12_0_14_lut6_legacy(c...]
Compiling architecture synth of entity c_addsub_v12_0_14.c_addsub_v12_0_14_fabric_legacy [\c_addsub_v12_0_14_fabric_legacy...]
Compiling architecture synth of entity c_addsub_v12_0_14.c_addsub_v12_0_14_legacy [\c_addsub_v12_0_14_legacy(c_fami...]
Compiling architecture synth of entity c_addsub_v12_0_14.c_addsub_v12_0_14_viv [\c_addsub_v12_0_14_viv(c_xdevice...]
Compiling architecture xilinx of entity xfft_v9_1_5.adder [\adder(c_xdevicefamily="artix7",...]
Compiling architecture xilinx of entity xfft_v9_1_5.shift_ram [\shift_ram(c_xdevicefamily="arti...]
Compiling architecture struct of entity c_shift_ram_v12_0_14.c_shift_ram_v12_0_14_legacy [\c_shift_ram_v12_0_14_legacy(c_x...]
Compiling architecture synth of entity c_shift_ram_v12_0_14.c_shift_ram_v12_0_14_viv [\c_shift_ram_v12_0_14_viv(c_xdev...]
Compiling architecture xilinx of entity xfft_v9_1_5.shift_ram [\shift_ram(c_xdevicefamily="arti...]
Compiling architecture xilinx of entity xfft_v9_1_5.shift_ram [\shift_ram(c_xdevicefamily="arti...]
Compiling architecture xilinx of entity xfft_v9_1_5.mux_bus2 [\mux_bus2(c_xdevicefamily="artix...]
Compiling architecture xilinx of entity xfft_v9_1_5.r22_bf_sp [\r22_bf_sp(c_xdevicefamily="arti...]
Compiling architecture struct of entity c_shift_ram_v12_0_14.c_shift_ram_v12_0_14_legacy [\c_shift_ram_v12_0_14_legacy(c_x...]
Compiling architecture synth of entity c_shift_ram_v12_0_14.c_shift_ram_v12_0_14_viv [\c_shift_ram_v12_0_14_viv(c_xdev...]
Compiling architecture xilinx of entity xfft_v9_1_5.shift_ram [\shift_ram(c_xdevicefamily="arti...]
Compiling architecture struct of entity c_shift_ram_v12_0_14.c_shift_ram_v12_0_14_legacy [\c_shift_ram_v12_0_14_legacy(c_x...]
Compiling architecture synth of entity c_shift_ram_v12_0_14.c_shift_ram_v12_0_14_viv [\c_shift_ram_v12_0_14_viv(c_xdev...]
Compiling architecture xilinx of entity xfft_v9_1_5.shift_ram [\shift_ram(c_xdevicefamily="arti...]
Compiling architecture structural of entity c_reg_fd_v12_0_6.c_reg_fd_v12_0_6_viv [\c_reg_fd_v12_0_6_viv(c_width=5,...]
Compiling architecture rtl of entity c_addsub_v12_0_14.c_addsub_v12_0_14_lut6_legacy [\c_addsub_v12_0_14_lut6_legacy(c...]
Compiling architecture synth of entity c_addsub_v12_0_14.c_addsub_v12_0_14_fabric_legacy [\c_addsub_v12_0_14_fabric_legacy...]
Compiling architecture synth of entity c_addsub_v12_0_14.c_addsub_v12_0_14_legacy [\c_addsub_v12_0_14_legacy(c_fami...]
Compiling architecture synth of entity c_addsub_v12_0_14.c_addsub_v12_0_14_viv [\c_addsub_v12_0_14_viv(c_xdevice...]
Compiling architecture xilinx of entity xfft_v9_1_5.adder [\adder(c_xdevicefamily="artix7",...]
Compiling architecture xilinx of entity xfft_v9_1_5.mux_bus4 [\mux_bus4(c_xdevicefamily="artix...]
Compiling architecture xilinx of entity xfft_v9_1_5.twgen_distmem [\twgen_distmem(theta_width=4,pip...]
Compiling architecture xilinx of entity xfft_v9_1_5.twiddle_gen [\twiddle_gen(c_xdevicefamily="ar...]
Compiling architecture xilinx of entity xfft_v9_1_5.r22_tw_gen [\r22_tw_gen(c_xdevicefamily="art...]
Compiling architecture xilinx of entity cmpy_v6_0_19.delay_line [\delay_line(c_xdevicefamily="art...]
Compiling architecture xilinx of entity cmpy_v6_0_19.delay_line [\delay_line(c_xdevicefamily="art...]
Compiling architecture xilinx of entity mult_gen_v12_0_16.op_resize [\op_resize(ai_width=22,bi_width=...]
Compiling architecture xilinx of entity mult_gen_v12_0_16.dsp [\dsp(c_xdevicefamily="artix7",c_...]
Compiling architecture xilinx of entity cmpy_v6_0_19.cmpy_3_dsp48_mult [\cmpy_3_dsp48_mult(c_xdevicefami...]
Compiling architecture xilinx of entity cmpy_v6_0_19.delay_line [\delay_line(c_xdevicefamily="art...]
Compiling architecture dsp48e1_v of entity unisim.DSP48E1 [\DSP48E1(acascreg=2,alumodereg=0...]
Compiling architecture xilinx of entity mult_gen_v12_0_16.op_resize [\op_resize(ai_width=21,bi_width=...]
Compiling architecture xilinx of entity mult_gen_v12_0_16.dsp [\dsp(c_xdevicefamily="artix7",c_...]
Compiling architecture xilinx of entity cmpy_v6_0_19.cmpy_3_dsp48_mult [\cmpy_3_dsp48_mult(c_xdevicefami...]
Compiling architecture xilinx of entity mult_gen_v12_0_16.dsp [\dsp(c_xdevicefamily="artix7",c_...]
Compiling architecture xilinx of entity cmpy_v6_0_19.cmpy_3_dsp48_mult [\cmpy_3_dsp48_mult(c_xdevicefami...]
Compiling architecture xilinx of entity cmpy_v6_0_19.input_negation [\input_negation(c_xdevicefamily=...]
Compiling architecture xilinx of entity cmpy_v6_0_19.delay_line [\delay_line(c_xdevicefamily="art...]
Compiling architecture xilinx of entity cmpy_v6_0_19.cmpy_3_dsp48 [\cmpy_3_dsp48(c_xdevicefamily="a...]
Compiling architecture xilinx of entity cmpy_v6_0_19.cmpy_v6_0_19_synth [\cmpy_v6_0_19_synth(c_xdevicefam...]
Compiling architecture xilinx of entity xfft_v9_1_5.cmpy [\cmpy(c_xdevicefamily="artix7",a...]
Compiling architecture xilinx of entity xfft_v9_1_5.shift_ram [\shift_ram(c_xdevicefamily="arti...]
Compiling architecture xilinx of entity xfft_v9_1_5.logic_gate [\logic_gate(c_xdevicefamily="art...]
Compiling architecture rtl of entity c_addsub_v12_0_14.c_addsub_v12_0_14_lut6_legacy [\c_addsub_v12_0_14_lut6_legacy(c...]
Compiling architecture synth of entity c_addsub_v12_0_14.c_addsub_v12_0_14_fabric_legacy [\c_addsub_v12_0_14_fabric_legacy...]
Compiling architecture synth of entity c_addsub_v12_0_14.c_addsub_v12_0_14_legacy [\c_addsub_v12_0_14_legacy(c_fami...]
Compiling architecture synth of entity c_addsub_v12_0_14.c_addsub_v12_0_14_viv [\c_addsub_v12_0_14_viv(c_xdevice...]
Compiling architecture xilinx of entity xfft_v9_1_5.unbiased_round [\unbiased_round(c_xdevicefamily=...]
Compiling architecture struct of entity c_shift_ram_v12_0_14.c_shift_ram_v12_0_14_legacy [\c_shift_ram_v12_0_14_legacy(c_x...]
Compiling architecture synth of entity c_shift_ram_v12_0_14.c_shift_ram_v12_0_14_viv [\c_shift_ram_v12_0_14_viv(c_xdev...]
Compiling architecture xilinx of entity xfft_v9_1_5.shift_ram [\shift_ram(c_xdevicefamily="arti...]
Compiling architecture xilinx of entity xfft_v9_1_5.shift_ram [\shift_ram(c_xdevicefamily="arti...]
Compiling architecture xilinx of entity xfft_v9_1_5.r22_pe [\r22_pe(c_xdevicefamily="artix7"...]
Compiling architecture xilinx of entity xfft_v9_1_5.r22_cnt_ctrl [\r22_cnt_ctrl(c_xdevicefamily="a...]
Compiling architecture xilinx of entity xfft_v9_1_5.r22_cnt_ctrl [\r22_cnt_ctrl(c_xdevicefamily="a...]
Compiling architecture struct of entity c_shift_ram_v12_0_14.c_shift_ram_v12_0_14_legacy [\c_shift_ram_v12_0_14_legacy(c_x...]
Compiling architecture synth of entity c_shift_ram_v12_0_14.c_shift_ram_v12_0_14_viv [\c_shift_ram_v12_0_14_viv(c_xdev...]
Compiling architecture xilinx of entity xfft_v9_1_5.shift_ram [\shift_ram(c_xdevicefamily="arti...]
Compiling architecture struct of entity c_shift_ram_v12_0_14.c_shift_ram_v12_0_14_legacy [\c_shift_ram_v12_0_14_legacy(c_x...]
Compiling architecture synth of entity c_shift_ram_v12_0_14.c_shift_ram_v12_0_14_viv [\c_shift_ram_v12_0_14_viv(c_xdev...]
Compiling architecture xilinx of entity xfft_v9_1_5.shift_ram [\shift_ram(c_xdevicefamily="arti...]
Compiling architecture struct of entity c_shift_ram_v12_0_14.c_shift_ram_v12_0_14_legacy [\c_shift_ram_v12_0_14_legacy(c_x...]
Compiling architecture synth of entity c_shift_ram_v12_0_14.c_shift_ram_v12_0_14_viv [\c_shift_ram_v12_0_14_viv(c_xdev...]
Compiling architecture xilinx of entity xfft_v9_1_5.shift_ram [\shift_ram(c_xdevicefamily="arti...]
Compiling architecture struct of entity c_shift_ram_v12_0_14.c_shift_ram_v12_0_14_legacy [\c_shift_ram_v12_0_14_legacy(c_x...]
Compiling architecture synth of entity c_shift_ram_v12_0_14.c_shift_ram_v12_0_14_viv [\c_shift_ram_v12_0_14_viv(c_xdev...]
Compiling architecture xilinx of entity xfft_v9_1_5.shift_ram [\shift_ram(c_xdevicefamily="arti...]
Compiling architecture structural of entity c_reg_fd_v12_0_6.c_reg_fd_v12_0_6_viv [\c_reg_fd_v12_0_6_viv(c_width=22...]
Compiling architecture rtl of entity c_addsub_v12_0_14.c_addsub_v12_0_14_lut6_legacy [\c_addsub_v12_0_14_lut6_legacy(c...]
Compiling architecture synth of entity c_addsub_v12_0_14.c_addsub_v12_0_14_fabric_legacy [\c_addsub_v12_0_14_fabric_legacy...]
Compiling architecture synth of entity c_addsub_v12_0_14.c_addsub_v12_0_14_legacy [\c_addsub_v12_0_14_legacy(c_fami...]
Compiling architecture synth of entity c_addsub_v12_0_14.c_addsub_v12_0_14_viv [\c_addsub_v12_0_14_viv(c_xdevice...]
Compiling architecture xilinx of entity xfft_v9_1_5.adder [\adder(c_xdevicefamily="artix7",...]
Compiling architecture xilinx of entity xfft_v9_1_5.shift_ram [\shift_ram(c_xdevicefamily="arti...]
Compiling architecture xilinx of entity xfft_v9_1_5.shift_ram [\shift_ram(c_xdevicefamily="arti...]
Compiling architecture xilinx of entity xfft_v9_1_5.mux_bus2 [\mux_bus2(c_xdevicefamily="artix...]
Compiling architecture xilinx of entity xfft_v9_1_5.r22_bf_sp [\r22_bf_sp(c_xdevicefamily="arti...]
Compiling architecture synth of entity xfft_v9_1_5.r22_twos_comp_mux [\r22_twos_comp_mux(c_xdevicefami...]
Compiling architecture synth of entity xfft_v9_1_5.r22_twos_comp_mux [\r22_twos_comp_mux(c_xdevicefami...]
Compiling architecture structural of entity c_reg_fd_v12_0_6.c_reg_fd_v12_0_6_viv [\c_reg_fd_v12_0_6_viv(c_width=23...]
Compiling architecture rtl of entity c_addsub_v12_0_14.c_addsub_v12_0_14_lut6_legacy [\c_addsub_v12_0_14_lut6_legacy(c...]
Compiling architecture synth of entity c_addsub_v12_0_14.c_addsub_v12_0_14_fabric_legacy [\c_addsub_v12_0_14_fabric_legacy...]
Compiling architecture synth of entity c_addsub_v12_0_14.c_addsub_v12_0_14_legacy [\c_addsub_v12_0_14_legacy(c_fami...]
Compiling architecture synth of entity c_addsub_v12_0_14.c_addsub_v12_0_14_viv [\c_addsub_v12_0_14_viv(c_xdevice...]
Compiling architecture xilinx of entity xfft_v9_1_5.adder [\adder(c_xdevicefamily="artix7",...]
Compiling architecture xilinx of entity xfft_v9_1_5.shift_ram [\shift_ram(c_xdevicefamily="arti...]
Compiling architecture xilinx of entity xfft_v9_1_5.mux_bus2 [\mux_bus2(c_xdevicefamily="artix...]
Compiling architecture xilinx of entity xfft_v9_1_5.r22_bf_sp [\r22_bf_sp(c_xdevicefamily="arti...]
Compiling architecture xilinx of entity xfft_v9_1_5.shift_ram [\shift_ram(c_xdevicefamily="arti...]
Compiling architecture struct of entity c_shift_ram_v12_0_14.c_shift_ram_v12_0_14_legacy [\c_shift_ram_v12_0_14_legacy(c_x...]
Compiling architecture synth of entity c_shift_ram_v12_0_14.c_shift_ram_v12_0_14_viv [\c_shift_ram_v12_0_14_viv(c_xdev...]
Compiling architecture xilinx of entity xfft_v9_1_5.shift_ram [\shift_ram(c_xdevicefamily="arti...]
Compiling architecture structural of entity c_reg_fd_v12_0_6.c_reg_fd_v12_0_6_viv [\c_reg_fd_v12_0_6_viv(c_width=3,...]
Compiling architecture rtl of entity c_addsub_v12_0_14.c_addsub_v12_0_14_lut6_legacy [\c_addsub_v12_0_14_lut6_legacy(c...]
Compiling architecture synth of entity c_addsub_v12_0_14.c_addsub_v12_0_14_fabric_legacy [\c_addsub_v12_0_14_fabric_legacy...]
Compiling architecture synth of entity c_addsub_v12_0_14.c_addsub_v12_0_14_legacy [\c_addsub_v12_0_14_legacy(c_fami...]
Compiling architecture synth of entity c_addsub_v12_0_14.c_addsub_v12_0_14_viv [\c_addsub_v12_0_14_viv(c_xdevice...]
Compiling architecture xilinx of entity xfft_v9_1_5.adder [\adder(c_xdevicefamily="artix7",...]
Compiling architecture xilinx of entity xfft_v9_1_5.mux_bus4 [\mux_bus4(c_xdevicefamily="artix...]
Compiling architecture xilinx of entity xfft_v9_1_5.twgen_distmem [\twgen_distmem(theta_width=2,pip...]
Compiling architecture xilinx of entity xfft_v9_1_5.twiddle_gen [\twiddle_gen(c_xdevicefamily="ar...]
Compiling architecture xilinx of entity xfft_v9_1_5.r22_tw_gen [\r22_tw_gen(c_xdevicefamily="art...]
Compiling architecture xilinx of entity cmpy_v6_0_19.delay_line [\delay_line(c_xdevicefamily="art...]
Compiling architecture xilinx of entity mult_gen_v12_0_16.op_resize [\op_resize(ai_width=24,bi_width=...]
Compiling architecture xilinx of entity mult_gen_v12_0_16.dsp [\dsp(c_xdevicefamily="artix7",c_...]
Compiling architecture xilinx of entity cmpy_v6_0_19.cmpy_3_dsp48_mult [\cmpy_3_dsp48_mult(c_xdevicefami...]
Compiling architecture xilinx of entity cmpy_v6_0_19.delay_line [\delay_line(c_xdevicefamily="art...]
Compiling architecture xilinx of entity mult_gen_v12_0_16.op_resize [\op_resize(ai_width=23,bi_width=...]
Compiling architecture xilinx of entity mult_gen_v12_0_16.dsp [\dsp(c_xdevicefamily="artix7",c_...]
Compiling architecture xilinx of entity cmpy_v6_0_19.cmpy_3_dsp48_mult [\cmpy_3_dsp48_mult(c_xdevicefami...]
Compiling architecture xilinx of entity mult_gen_v12_0_16.dsp [\dsp(c_xdevicefamily="artix7",c_...]
Compiling architecture xilinx of entity cmpy_v6_0_19.cmpy_3_dsp48_mult [\cmpy_3_dsp48_mult(c_xdevicefami...]
Compiling architecture xilinx of entity cmpy_v6_0_19.input_negation [\input_negation(c_xdevicefamily=...]
Compiling architecture xilinx of entity cmpy_v6_0_19.delay_line [\delay_line(c_xdevicefamily="art...]
Compiling architecture xilinx of entity cmpy_v6_0_19.cmpy_3_dsp48 [\cmpy_3_dsp48(c_xdevicefamily="a...]
Compiling architecture xilinx of entity cmpy_v6_0_19.cmpy_v6_0_19_synth [\cmpy_v6_0_19_synth(c_xdevicefam...]
Compiling architecture xilinx of entity xfft_v9_1_5.cmpy [\cmpy(c_xdevicefamily="artix7",a...]
Compiling architecture xilinx of entity xfft_v9_1_5.shift_ram [\shift_ram(c_xdevicefamily="arti...]
Compiling architecture xilinx of entity xfft_v9_1_5.logic_gate [\logic_gate(c_xdevicefamily="art...]
Compiling architecture rtl of entity c_addsub_v12_0_14.c_addsub_v12_0_14_lut6_legacy [\c_addsub_v12_0_14_lut6_legacy(c...]
Compiling architecture synth of entity c_addsub_v12_0_14.c_addsub_v12_0_14_fabric_legacy [\c_addsub_v12_0_14_fabric_legacy...]
Compiling architecture synth of entity c_addsub_v12_0_14.c_addsub_v12_0_14_legacy [\c_addsub_v12_0_14_legacy(c_fami...]
Compiling architecture synth of entity c_addsub_v12_0_14.c_addsub_v12_0_14_viv [\c_addsub_v12_0_14_viv(c_xdevice...]
Compiling architecture xilinx of entity xfft_v9_1_5.unbiased_round [\unbiased_round(c_xdevicefamily=...]
Compiling architecture xilinx of entity xfft_v9_1_5.shift_ram [\shift_ram(c_xdevicefamily="arti...]
Compiling architecture xilinx of entity xfft_v9_1_5.shift_ram [\shift_ram(c_xdevicefamily="arti...]
Compiling architecture xilinx of entity xfft_v9_1_5.r22_pe [\r22_pe(c_xdevicefamily="artix7"...]
Compiling architecture structural of entity c_reg_fd_v12_0_6.c_reg_fd_v12_0_6_viv [\c_reg_fd_v12_0_6_viv(c_width=24...]
Compiling architecture rtl of entity c_addsub_v12_0_14.c_addsub_v12_0_14_lut6_legacy [\c_addsub_v12_0_14_lut6_legacy(c...]
Compiling architecture synth of entity c_addsub_v12_0_14.c_addsub_v12_0_14_fabric_legacy [\c_addsub_v12_0_14_fabric_legacy...]
Compiling architecture synth of entity c_addsub_v12_0_14.c_addsub_v12_0_14_legacy [\c_addsub_v12_0_14_legacy(c_fami...]
Compiling architecture synth of entity c_addsub_v12_0_14.c_addsub_v12_0_14_viv [\c_addsub_v12_0_14_viv(c_xdevice...]
Compiling architecture xilinx of entity xfft_v9_1_5.adder [\adder(c_xdevicefamily="artix7",...]
Compiling architecture xilinx of entity xfft_v9_1_5.shift_ram [\shift_ram(c_xdevicefamily="arti...]
Compiling architecture xilinx of entity xfft_v9_1_5.shift_ram [\shift_ram(c_xdevicefamily="arti...]
Compiling architecture xilinx of entity xfft_v9_1_5.mux_bus2 [\mux_bus2(c_xdevicefamily="artix...]
Compiling architecture xilinx of entity xfft_v9_1_5.r22_bf_sp [\r22_bf_sp(c_xdevicefamily="arti...]
Compiling architecture xilinx of entity xfft_v9_1_5.shift_ram [\shift_ram(c_xdevicefamily="arti...]
Compiling architecture xilinx of entity xfft_v9_1_5.shift_ram [\shift_ram(c_xdevicefamily="arti...]
Compiling architecture xilinx of entity xfft_v9_1_5.shift_ram [\shift_ram(c_xdevicefamily="arti...]
Compiling architecture xilinx of entity xfft_v9_1_5.r22_pe [\r22_pe(c_xdevicefamily="artix7"...]
Compiling architecture xilinx of entity xfft_v9_1_5.shift_ram [\shift_ram(c_xdevicefamily="arti...]
Compiling architecture xilinx of entity xfft_v9_1_5.shift_ram [\shift_ram(c_xdevicefamily="arti...]
Compiling architecture xilinx of entity xfft_v9_1_5.shift_ram [\shift_ram(c_xdevicefamily="arti...]
Compiling architecture xilinx of entity xfft_v9_1_5.shift_ram [\shift_ram(c_xdevicefamily="arti...]
Compiling architecture xilinx of entity xfft_v9_1_5.shift_ram [\shift_ram(c_xdevicefamily="arti...]
Compiling architecture synth of entity xfft_v9_1_5.r22_shift_decode [\r22_shift_decode(c_nfft_max=7,c...]
Compiling architecture muxf7_v of entity unisim.MUXF7 [muxf7_default]
Compiling architecture muxf8_v of entity unisim.MUXF8 [muxf8_default]
Compiling architecture xilinx of entity xfft_v9_1_5.mux_bus16 [\mux_bus16(c_xdevicefamily="arti...]
Compiling architecture xilinx of entity xfft_v9_1_5.r22_right_shift [\r22_right_shift(c_xdevicefamily...]
Compiling architecture xilinx of entity xfft_v9_1_5.shift_ram [\shift_ram(c_xdevicefamily="arti...]
Compiling architecture xilinx of entity xfft_v9_1_5.r22_var_unbiased_round [\r22_var_unbiased_round(c_xdevic...]
Compiling architecture xilinx of entity xfft_v9_1_5.shift_ram [\shift_ram(c_xdevicefamily="arti...]
Compiling architecture xilinx of entity xfft_v9_1_5.shift_ram [\shift_ram(c_xdevicefamily="arti...]
Compiling architecture xilinx of entity xfft_v9_1_5.shift_ram [\shift_ram(c_xdevicefamily="arti...]
Compiling architecture rb18_internal_vhdl_v of entity unisim.RB18_INTERNAL_VHDL [\RB18_INTERNAL_VHDL(bram_size=18...]
Compiling architecture ramb18e1_v of entity unisim.RAMB18E1 [\RAMB18E1(doa_reg=1,dob_reg=1,ra...]
Compiling architecture xilinx of entity xfft_v9_1_5.dpm [\dpm(c_xdevicefamily="artix7",wm...]
Compiling architecture xilinx of entity xfft_v9_1_5.r22_memory [\r22_memory(c_xdevicefamily="art...]
Compiling architecture xilinx of entity xfft_v9_1_5.shift_ram [\shift_ram(c_xdevicefamily="arti...]
Compiling architecture xilinx of entity xfft_v9_1_5.shift_ram [\shift_ram(c_xdevicefamily="arti...]
Compiling architecture xilinx of entity xfft_v9_1_5.shift_ram [\shift_ram(c_xdevicefamily="arti...]
Compiling architecture xilinx of entity xfft_v9_1_5.shift_ram [\shift_ram(c_xdevicefamily="arti...]
Compiling architecture xilinx of entity xfft_v9_1_5.r22_busy [\r22_busy(c_xdevicefamily="artix...]
Compiling architecture fdre_v of entity unisim.FDRE [fdre_default]
Compiling architecture muxcy_v of entity unisim.MUXCY [muxcy_default]
Compiling architecture xorcy_v of entity unisim.XORCY [xorcy_default]
Compiling architecture rtl of entity c_addsub_v12_0_14.c_addsub_v12_0_14_lut6_legacy [\c_addsub_v12_0_14_lut6_legacy(c...]
Compiling architecture synth of entity c_addsub_v12_0_14.c_addsub_v12_0_14_fabric_legacy [\c_addsub_v12_0_14_fabric_legacy...]
Compiling architecture synth of entity c_addsub_v12_0_14.c_addsub_v12_0_14_legacy [\c_addsub_v12_0_14_legacy(c_fami...]
Compiling architecture synth of entity c_addsub_v12_0_14.c_addsub_v12_0_14_viv [\c_addsub_v12_0_14_viv(c_xdevice...]
Compiling architecture xilinx of entity xfft_v9_1_5.logic_gate [\logic_gate(c_xdevicefamily="art...]
Compiling architecture fdse_v of entity unisim.FDSE [fdse_default]
Compiling architecture xilinx of entity xfft_v9_1_5.cnt_sat [\cnt_sat(c_xdevicefamily="artix7...]
Compiling architecture rtl of entity c_addsub_v12_0_14.c_addsub_v12_0_14_lut6_legacy [\c_addsub_v12_0_14_lut6_legacy(c...]
Compiling architecture synth of entity c_addsub_v12_0_14.c_addsub_v12_0_14_fabric_legacy [\c_addsub_v12_0_14_fabric_legacy...]
Compiling architecture synth of entity c_addsub_v12_0_14.c_addsub_v12_0_14_legacy [\c_addsub_v12_0_14_legacy(c_fami...]
Compiling architecture synth of entity c_addsub_v12_0_14.c_addsub_v12_0_14_viv [\c_addsub_v12_0_14_viv(c_xdevice...]
Compiling architecture xilinx of entity xfft_v9_1_5.logic_gate [\logic_gate(c_xdevicefamily="art...]
Compiling architecture xilinx of entity xfft_v9_1_5.cnt_sat [\cnt_sat(c_xdevicefamily="artix7...]
Compiling architecture rtl of entity c_addsub_v12_0_14.c_addsub_v12_0_14_lut6_legacy [\c_addsub_v12_0_14_lut6_legacy(c...]
Compiling architecture synth of entity c_addsub_v12_0_14.c_addsub_v12_0_14_fabric_legacy [\c_addsub_v12_0_14_fabric_legacy...]
Compiling architecture synth of entity c_addsub_v12_0_14.c_addsub_v12_0_14_legacy [\c_addsub_v12_0_14_legacy(c_fami...]
Compiling architecture synth of entity c_addsub_v12_0_14.c_addsub_v12_0_14_viv [\c_addsub_v12_0_14_viv(c_xdevice...]
Compiling architecture xilinx of entity xfft_v9_1_5.logic_gate [\logic_gate(c_xdevicefamily="art...]
Compiling architecture xilinx of entity xfft_v9_1_5.cnt_sat [\cnt_sat(c_xdevicefamily="artix7...]
Compiling architecture xilinx of entity xfft_v9_1_5.logic_gate [\logic_gate(c_xdevicefamily="art...]
Compiling architecture xilinx of entity xfft_v9_1_5.cnt_sat [\cnt_sat(c_xdevicefamily="artix7...]
Compiling architecture rtl of entity c_addsub_v12_0_14.c_addsub_v12_0_14_lut6_legacy [\c_addsub_v12_0_14_lut6_legacy(c...]
Compiling architecture synth of entity c_addsub_v12_0_14.c_addsub_v12_0_14_fabric_legacy [\c_addsub_v12_0_14_fabric_legacy...]
Compiling architecture synth of entity c_addsub_v12_0_14.c_addsub_v12_0_14_legacy [\c_addsub_v12_0_14_legacy(c_fami...]
Compiling architecture synth of entity c_addsub_v12_0_14.c_addsub_v12_0_14_viv [\c_addsub_v12_0_14_viv(c_xdevice...]
Compiling architecture xilinx of entity xfft_v9_1_5.logic_gate [\logic_gate(c_xdevicefamily="art...]
Compiling architecture xilinx of entity xfft_v9_1_5.cnt_sat [\cnt_sat(c_xdevicefamily="artix7...]
Compiling architecture structural of entity c_reg_fd_v12_0_6.c_reg_fd_v12_0_6_viv [\c_reg_fd_v12_0_6_viv(c_width=7,...]
Compiling architecture rtl of entity c_addsub_v12_0_14.c_addsub_v12_0_14_lut6_legacy [\c_addsub_v12_0_14_lut6_legacy(c...]
Compiling architecture synth of entity c_addsub_v12_0_14.c_addsub_v12_0_14_fabric_legacy [\c_addsub_v12_0_14_fabric_legacy...]
Compiling architecture synth of entity c_addsub_v12_0_14.c_addsub_v12_0_14_legacy [\c_addsub_v12_0_14_legacy(c_fami...]
Compiling architecture synth of entity c_addsub_v12_0_14.c_addsub_v12_0_14_viv [\c_addsub_v12_0_14_viv(c_xdevice...]
Compiling architecture lut6_v of entity unisim.LUT6 [\LUT6(init="10010000000010010000...]
Compiling architecture xilinx of entity xfft_v9_1_5.equ_rtl [\equ_rtl(c_xdevicefamily="artix7...]
Compiling architecture xilinx of entity xfft_v9_1_5.cnt_tc_rtl_a [\cnt_tc_rtl_a(c_xdevicefamily="a...]
Compiling architecture struct of entity c_shift_ram_v12_0_14.c_shift_ram_v12_0_14_legacy [\c_shift_ram_v12_0_14_legacy(c_x...]
Compiling architecture synth of entity c_shift_ram_v12_0_14.c_shift_ram_v12_0_14_viv [\c_shift_ram_v12_0_14_viv(c_xdev...]
Compiling architecture xilinx of entity xfft_v9_1_5.shift_ram [\shift_ram(c_xdevicefamily="arti...]
Compiling architecture xilinx of entity xfft_v9_1_5.r22_flow_ctrl [\r22_flow_ctrl(c_xdevicefamily="...]
Compiling architecture lut3_v of entity unisim.LUT3 [\LUT3(init="10101110")(0,7)\]
Compiling architecture xilinx of entity xfft_v9_1_5.r22_cnt_ctrl [\r22_cnt_ctrl(c_xdevicefamily="a...]
Compiling architecture srl16e_v of entity unisim.SRL16E [\SRL16E(0,15)\]
Compiling architecture xilinx of entity xfft_v9_1_5.shift_ram [\shift_ram(c_xdevicefamily="arti...]
Compiling architecture fdr_v of entity unisim.FDR [fdr_default]
Compiling architecture xilinx of entity xfft_v9_1_5.shift_ram [\shift_ram(c_xdevicefamily="arti...]
Compiling architecture xilinx of entity xfft_v9_1_5.shift_ram [\shift_ram(c_xdevicefamily="arti...]
Compiling architecture xilinx of entity xfft_v9_1_5.xfft_v9_1_5_d [\xfft_v9_1_5_d(c_xdevicefamily="...]
Compiling architecture synth of entity xfft_v9_1_5.xfft_v9_1_5_core [\xfft_v9_1_5_core(c_xdevicefamil...]
Compiling architecture synth of entity xfft_v9_1_5.xfft_v9_1_5_viv [\xfft_v9_1_5_viv(c_xdevicefamily...]
Compiling architecture xilinx of entity xfft_v9_1_5.xfft_v9_1_5 [\xfft_v9_1_5(c_xdevicefamily="ar...]
Compiling architecture xfft_0_arch of entity xil_defaultlib.xfft_0 [xfft_0_default]
Compiling architecture synth of entity xbip_pipe_v3_0_6.xbip_pipe_v3_0_6_viv [\xbip_pipe_v3_0_6_viv(c_latency=...]
Compiling architecture struct_all of entity cordic_v6_0_16.delay [\delay(delay_len=0,family="artix...]
Compiling architecture rtl of entity c_addsub_v12_0_14.c_addsub_v12_0_14_lut6_legacy [\c_addsub_v12_0_14_lut6_legacy(c...]
Compiling architecture synth of entity c_addsub_v12_0_14.c_addsub_v12_0_14_fabric_legacy [\c_addsub_v12_0_14_fabric_legacy...]
Compiling architecture synth of entity c_addsub_v12_0_14.c_addsub_v12_0_14_legacy [\c_addsub_v12_0_14_legacy(c_fami...]
Compiling architecture synth of entity c_addsub_v12_0_14.c_addsub_v12_0_14_viv [\c_addsub_v12_0_14_viv(c_xdevice...]
Compiling architecture synth of entity cordic_v6_0_16.addsub [\addsub(family="artix7",add_mode...]
Compiling architecture struct_all of entity cordic_v6_0_16.delay [\delay(delay_len=0,family="artix...]
Compiling architecture struct_all of entity cordic_v6_0_16.delay [\delay(delay_len=4,family="artix...]
Compiling architecture synth of entity cordic_v6_0_16.cordic_sqrt_mod [\cordic_sqrt_mod(p_xdevicefamily...]
Compiling architecture struct_all of entity cordic_v6_0_16.delay [\delay(delay_len=1,family="artix...]
Compiling architecture rtl of entity c_addsub_v12_0_14.c_addsub_v12_0_14_lut6_legacy [\c_addsub_v12_0_14_lut6_legacy(c...]
Compiling architecture synth of entity c_addsub_v12_0_14.c_addsub_v12_0_14_fabric_legacy [\c_addsub_v12_0_14_fabric_legacy...]
Compiling architecture synth of entity c_addsub_v12_0_14.c_addsub_v12_0_14_legacy [\c_addsub_v12_0_14_legacy(c_fami...]
Compiling architecture synth of entity c_addsub_v12_0_14.c_addsub_v12_0_14_viv [\c_addsub_v12_0_14_viv(c_xdevice...]
Compiling architecture synth of entity cordic_v6_0_16.addsub [\addsub(family="artix7",add_mode...]
Compiling architecture struct_all of entity cordic_v6_0_16.delay [\delay(delay_len=1,family="artix...]
Compiling architecture synth of entity cordic_v6_0_16.cordic_sqrt_mod [\cordic_sqrt_mod(p_xdevicefamily...]
Compiling architecture struct_all of entity cordic_v6_0_16.delay [\delay(delay_len=1,family="artix...]
Compiling architecture rtl of entity c_addsub_v12_0_14.c_addsub_v12_0_14_lut6_legacy [\c_addsub_v12_0_14_lut6_legacy(c...]
Compiling architecture synth of entity c_addsub_v12_0_14.c_addsub_v12_0_14_fabric_legacy [\c_addsub_v12_0_14_fabric_legacy...]
Compiling architecture synth of entity c_addsub_v12_0_14.c_addsub_v12_0_14_legacy [\c_addsub_v12_0_14_legacy(c_fami...]
Compiling architecture synth of entity c_addsub_v12_0_14.c_addsub_v12_0_14_viv [\c_addsub_v12_0_14_viv(c_xdevice...]
Compiling architecture synth of entity cordic_v6_0_16.addsub [\addsub(family="artix7",add_mode...]
Compiling architecture struct_all of entity cordic_v6_0_16.delay [\delay(delay_len=1,family="artix...]
Compiling architecture struct_all of entity cordic_v6_0_16.delay [\delay(delay_len=3,family="artix...]
Compiling architecture synth of entity cordic_v6_0_16.cordic_sqrt_mod [\cordic_sqrt_mod(p_xdevicefamily...]
Compiling architecture struct_all of entity cordic_v6_0_16.delay [\delay(delay_len=0,family="artix...]
Compiling architecture rtl of entity c_addsub_v12_0_14.c_addsub_v12_0_14_lut6_legacy [\c_addsub_v12_0_14_lut6_legacy(c...]
Compiling architecture synth of entity c_addsub_v12_0_14.c_addsub_v12_0_14_fabric_legacy [\c_addsub_v12_0_14_fabric_legacy...]
Compiling architecture synth of entity c_addsub_v12_0_14.c_addsub_v12_0_14_legacy [\c_addsub_v12_0_14_legacy(c_fami...]
Compiling architecture synth of entity c_addsub_v12_0_14.c_addsub_v12_0_14_viv [\c_addsub_v12_0_14_viv(c_xdevice...]
Compiling architecture synth of entity cordic_v6_0_16.addsub [\addsub(family="artix7",add_mode...]
Compiling architecture struct_all of entity cordic_v6_0_16.delay [\delay(delay_len=0,family="artix...]
Compiling architecture struct_all of entity cordic_v6_0_16.delay [\delay(delay_len=5,family="artix...]
Compiling architecture synth of entity cordic_v6_0_16.cordic_sqrt_mod [\cordic_sqrt_mod(p_xdevicefamily...]
Compiling architecture struct_all of entity cordic_v6_0_16.delay [\delay(delay_len=0,family="artix...]
Compiling architecture rtl of entity c_addsub_v12_0_14.c_addsub_v12_0_14_lut6_legacy [\c_addsub_v12_0_14_lut6_legacy(c...]
Compiling architecture synth of entity c_addsub_v12_0_14.c_addsub_v12_0_14_fabric_legacy [\c_addsub_v12_0_14_fabric_legacy...]
Compiling architecture synth of entity c_addsub_v12_0_14.c_addsub_v12_0_14_legacy [\c_addsub_v12_0_14_legacy(c_fami...]
Compiling architecture synth of entity c_addsub_v12_0_14.c_addsub_v12_0_14_viv [\c_addsub_v12_0_14_viv(c_xdevice...]
Compiling architecture synth of entity cordic_v6_0_16.addsub [\addsub(family="artix7",add_mode...]
Compiling architecture struct_all of entity cordic_v6_0_16.delay [\delay(delay_len=0,family="artix...]
Compiling architecture synth of entity cordic_v6_0_16.cordic_sqrt_mod [\cordic_sqrt_mod(p_xdevicefamily...]
Compiling architecture struct_all of entity cordic_v6_0_16.delay [\delay(delay_len=1,family="artix...]
Compiling architecture rtl of entity c_addsub_v12_0_14.c_addsub_v12_0_14_lut6_legacy [\c_addsub_v12_0_14_lut6_legacy(c...]
Compiling architecture synth of entity c_addsub_v12_0_14.c_addsub_v12_0_14_fabric_legacy [\c_addsub_v12_0_14_fabric_legacy...]
Compiling architecture synth of entity c_addsub_v12_0_14.c_addsub_v12_0_14_legacy [\c_addsub_v12_0_14_legacy(c_fami...]
Compiling architecture synth of entity c_addsub_v12_0_14.c_addsub_v12_0_14_viv [\c_addsub_v12_0_14_viv(c_xdevice...]
Compiling architecture synth of entity cordic_v6_0_16.addsub [\addsub(family="artix7",add_mode...]
Compiling architecture struct_all of entity cordic_v6_0_16.delay [\delay(delay_len=1,family="artix...]
Compiling architecture synth of entity cordic_v6_0_16.cordic_sqrt_mod [\cordic_sqrt_mod(p_xdevicefamily...]
Compiling architecture struct_all of entity cordic_v6_0_16.delay [\delay(delay_len=1,family="artix...]
Compiling architecture rtl of entity c_addsub_v12_0_14.c_addsub_v12_0_14_lut6_legacy [\c_addsub_v12_0_14_lut6_legacy(c...]
Compiling architecture synth of entity c_addsub_v12_0_14.c_addsub_v12_0_14_fabric_legacy [\c_addsub_v12_0_14_fabric_legacy...]
Compiling architecture synth of entity c_addsub_v12_0_14.c_addsub_v12_0_14_legacy [\c_addsub_v12_0_14_legacy(c_fami...]
Compiling architecture synth of entity c_addsub_v12_0_14.c_addsub_v12_0_14_viv [\c_addsub_v12_0_14_viv(c_xdevice...]
Compiling architecture synth of entity cordic_v6_0_16.addsub [\addsub(family="artix7",add_mode...]
Compiling architecture struct_all of entity cordic_v6_0_16.delay [\delay(delay_len=1,family="artix...]
Compiling architecture struct_all of entity cordic_v6_0_16.delay [\delay(delay_len=2,family="artix...]
Compiling architecture synth of entity cordic_v6_0_16.cordic_sqrt_mod [\cordic_sqrt_mod(p_xdevicefamily...]
Compiling architecture struct_all of entity cordic_v6_0_16.delay [\delay(delay_len=0,family="artix...]
Compiling architecture rtl of entity c_addsub_v12_0_14.c_addsub_v12_0_14_lut6_legacy [\c_addsub_v12_0_14_lut6_legacy(c...]
Compiling architecture synth of entity c_addsub_v12_0_14.c_addsub_v12_0_14_fabric_legacy [\c_addsub_v12_0_14_fabric_legacy...]
Compiling architecture synth of entity c_addsub_v12_0_14.c_addsub_v12_0_14_legacy [\c_addsub_v12_0_14_legacy(c_fami...]
Compiling architecture synth of entity c_addsub_v12_0_14.c_addsub_v12_0_14_viv [\c_addsub_v12_0_14_viv(c_xdevice...]
Compiling architecture synth of entity cordic_v6_0_16.addsub [\addsub(family="artix7",add_mode...]
Compiling architecture struct_all of entity cordic_v6_0_16.delay [\delay(delay_len=0,family="artix...]
Compiling architecture struct_all of entity cordic_v6_0_16.delay [\delay(delay_len=6,family="artix...]
Compiling architecture synth of entity cordic_v6_0_16.cordic_sqrt_mod [\cordic_sqrt_mod(p_xdevicefamily...]
Compiling architecture struct_all of entity cordic_v6_0_16.delay [\delay(delay_len=0,family="artix...]
Compiling architecture rtl of entity c_addsub_v12_0_14.c_addsub_v12_0_14_lut6_legacy [\c_addsub_v12_0_14_lut6_legacy(c...]
Compiling architecture synth of entity c_addsub_v12_0_14.c_addsub_v12_0_14_fabric_legacy [\c_addsub_v12_0_14_fabric_legacy...]
Compiling architecture synth of entity c_addsub_v12_0_14.c_addsub_v12_0_14_legacy [\c_addsub_v12_0_14_legacy(c_fami...]
Compiling architecture synth of entity c_addsub_v12_0_14.c_addsub_v12_0_14_viv [\c_addsub_v12_0_14_viv(c_xdevice...]
Compiling architecture synth of entity cordic_v6_0_16.addsub [\addsub(family="artix7",add_mode...]
Compiling architecture struct_all of entity cordic_v6_0_16.delay [\delay(delay_len=0,family="artix...]
Compiling architecture synth of entity cordic_v6_0_16.cordic_sqrt_mod [\cordic_sqrt_mod(p_xdevicefamily...]
Compiling architecture struct_all of entity cordic_v6_0_16.delay [\delay(delay_len=1,family="artix...]
Compiling architecture rtl of entity c_addsub_v12_0_14.c_addsub_v12_0_14_lut6_legacy [\c_addsub_v12_0_14_lut6_legacy(c...]
Compiling architecture synth of entity c_addsub_v12_0_14.c_addsub_v12_0_14_fabric_legacy [\c_addsub_v12_0_14_fabric_legacy...]
Compiling architecture synth of entity c_addsub_v12_0_14.c_addsub_v12_0_14_legacy [\c_addsub_v12_0_14_legacy(c_fami...]
Compiling architecture synth of entity c_addsub_v12_0_14.c_addsub_v12_0_14_viv [\c_addsub_v12_0_14_viv(c_xdevice...]
Compiling architecture synth of entity cordic_v6_0_16.addsub [\addsub(family="artix7",add_mode...]
Compiling architecture struct_all of entity cordic_v6_0_16.delay [\delay(delay_len=1,family="artix...]
Compiling architecture synth of entity cordic_v6_0_16.cordic_sqrt_mod [\cordic_sqrt_mod(p_xdevicefamily...]
Compiling architecture struct_all of entity cordic_v6_0_16.delay [\delay(delay_len=1,family="artix...]
Compiling architecture rtl of entity c_addsub_v12_0_14.c_addsub_v12_0_14_lut6_legacy [\c_addsub_v12_0_14_lut6_legacy(c...]
Compiling architecture synth of entity c_addsub_v12_0_14.c_addsub_v12_0_14_fabric_legacy [\c_addsub_v12_0_14_fabric_legacy...]
Compiling architecture synth of entity c_addsub_v12_0_14.c_addsub_v12_0_14_legacy [\c_addsub_v12_0_14_legacy(c_fami...]
Compiling architecture synth of entity c_addsub_v12_0_14.c_addsub_v12_0_14_viv [\c_addsub_v12_0_14_viv(c_xdevice...]
Compiling architecture synth of entity cordic_v6_0_16.addsub [\addsub(family="artix7",add_mode...]
Compiling architecture struct_all of entity cordic_v6_0_16.delay [\delay(delay_len=1,family="artix...]
Compiling architecture struct_all of entity cordic_v6_0_16.delay [\delay(delay_len=1,family="artix...]
Compiling architecture synth of entity cordic_v6_0_16.cordic_sqrt_mod [\cordic_sqrt_mod(p_xdevicefamily...]
Compiling architecture struct_all of entity cordic_v6_0_16.delay [\delay(delay_len=0,family="artix...]
Compiling architecture rtl of entity c_addsub_v12_0_14.c_addsub_v12_0_14_lut6_legacy [\c_addsub_v12_0_14_lut6_legacy(c...]
Compiling architecture synth of entity c_addsub_v12_0_14.c_addsub_v12_0_14_fabric_legacy [\c_addsub_v12_0_14_fabric_legacy...]
Compiling architecture synth of entity c_addsub_v12_0_14.c_addsub_v12_0_14_legacy [\c_addsub_v12_0_14_legacy(c_fami...]
Compiling architecture synth of entity c_addsub_v12_0_14.c_addsub_v12_0_14_viv [\c_addsub_v12_0_14_viv(c_xdevice...]
Compiling architecture synth of entity cordic_v6_0_16.addsub [\addsub(family="artix7",add_mode...]
Compiling architecture struct_all of entity cordic_v6_0_16.delay [\delay(delay_len=0,family="artix...]
Compiling architecture struct_all of entity cordic_v6_0_16.delay [\delay(delay_len=7,family="artix...]
Compiling architecture synth of entity cordic_v6_0_16.cordic_sqrt_mod [\cordic_sqrt_mod(p_xdevicefamily...]
Compiling architecture struct_all of entity cordic_v6_0_16.delay [\delay(delay_len=0,family="artix...]
Compiling architecture rtl of entity c_addsub_v12_0_14.c_addsub_v12_0_14_lut6_legacy [\c_addsub_v12_0_14_lut6_legacy(c...]
Compiling architecture synth of entity c_addsub_v12_0_14.c_addsub_v12_0_14_fabric_legacy [\c_addsub_v12_0_14_fabric_legacy...]
Compiling architecture synth of entity c_addsub_v12_0_14.c_addsub_v12_0_14_legacy [\c_addsub_v12_0_14_legacy(c_fami...]
Compiling architecture synth of entity c_addsub_v12_0_14.c_addsub_v12_0_14_viv [\c_addsub_v12_0_14_viv(c_xdevice...]
Compiling architecture synth of entity cordic_v6_0_16.addsub [\addsub(family="artix7",add_mode...]
Compiling architecture struct_all of entity cordic_v6_0_16.delay [\delay(delay_len=0,family="artix...]
Compiling architecture synth of entity cordic_v6_0_16.cordic_sqrt_mod [\cordic_sqrt_mod(p_xdevicefamily...]
Compiling architecture struct_all of entity cordic_v6_0_16.delay [\delay(delay_len=1,family="artix...]
Compiling architecture rtl of entity c_addsub_v12_0_14.c_addsub_v12_0_14_lut6_legacy [\c_addsub_v12_0_14_lut6_legacy(c...]
Compiling architecture synth of entity c_addsub_v12_0_14.c_addsub_v12_0_14_fabric_legacy [\c_addsub_v12_0_14_fabric_legacy...]
Compiling architecture synth of entity c_addsub_v12_0_14.c_addsub_v12_0_14_legacy [\c_addsub_v12_0_14_legacy(c_fami...]
Compiling architecture synth of entity c_addsub_v12_0_14.c_addsub_v12_0_14_viv [\c_addsub_v12_0_14_viv(c_xdevice...]
Compiling architecture synth of entity cordic_v6_0_16.addsub [\addsub(family="artix7",add_mode...]
Compiling architecture struct_all of entity cordic_v6_0_16.delay [\delay(delay_len=1,family="artix...]
Compiling architecture synth of entity cordic_v6_0_16.cordic_sqrt_mod [\cordic_sqrt_mod(p_xdevicefamily...]
Compiling architecture struct_all of entity cordic_v6_0_16.delay [\delay(delay_len=1,family="artix...]
Compiling architecture rtl of entity c_addsub_v12_0_14.c_addsub_v12_0_14_lut6_legacy [\c_addsub_v12_0_14_lut6_legacy(c...]
Compiling architecture synth of entity c_addsub_v12_0_14.c_addsub_v12_0_14_fabric_legacy [\c_addsub_v12_0_14_fabric_legacy...]
Compiling architecture synth of entity c_addsub_v12_0_14.c_addsub_v12_0_14_legacy [\c_addsub_v12_0_14_legacy(c_fami...]
Compiling architecture synth of entity c_addsub_v12_0_14.c_addsub_v12_0_14_viv [\c_addsub_v12_0_14_viv(c_xdevice...]
Compiling architecture synth of entity cordic_v6_0_16.addsub [\addsub(family="artix7",add_mode...]
Compiling architecture struct_all of entity cordic_v6_0_16.delay [\delay(delay_len=1,family="artix...]
Compiling architecture struct_all of entity cordic_v6_0_16.delay [\delay(delay_len=0,family="artix...]
Compiling architecture synth of entity cordic_v6_0_16.cordic_sqrt_mod [\cordic_sqrt_mod(p_xdevicefamily...]
Compiling architecture structural of entity c_reg_fd_v12_0_6.c_reg_fd_v12_0_6_viv [\c_reg_fd_v12_0_6_viv(c_width=19...]
Compiling architecture rtl of entity c_addsub_v12_0_14.c_addsub_v12_0_14_lut6_legacy [\c_addsub_v12_0_14_lut6_legacy(c...]
Compiling architecture synth of entity c_addsub_v12_0_14.c_addsub_v12_0_14_fabric_legacy [\c_addsub_v12_0_14_fabric_legacy...]
Compiling architecture synth of entity c_addsub_v12_0_14.c_addsub_v12_0_14_legacy [\c_addsub_v12_0_14_legacy(c_fami...]
Compiling architecture synth of entity c_addsub_v12_0_14.c_addsub_v12_0_14_viv [\c_addsub_v12_0_14_viv(c_xdevice...]
Compiling architecture synth of entity cordic_v6_0_16.addsub [\addsub(family="artix7",add_mode...]
Compiling architecture rtl of entity c_addsub_v12_0_14.c_addsub_v12_0_14_lut6_legacy [\c_addsub_v12_0_14_lut6_legacy(c...]
Compiling architecture synth of entity c_addsub_v12_0_14.c_addsub_v12_0_14_fabric_legacy [\c_addsub_v12_0_14_fabric_legacy...]
Compiling architecture synth of entity c_addsub_v12_0_14.c_addsub_v12_0_14_legacy [\c_addsub_v12_0_14_legacy(c_fami...]
Compiling architecture synth of entity c_addsub_v12_0_14.c_addsub_v12_0_14_viv [\c_addsub_v12_0_14_viv(c_xdevice...]
Compiling architecture synth of entity cordic_v6_0_16.addsub [\addsub(family="artix7",add_mode...]
Compiling architecture struct_all of entity cordic_v6_0_16.delay [\delay(delay_len=0,family="artix...]
Compiling architecture struct_all of entity cordic_v6_0_16.delay [\delay(delay_len=8,family="artix...]
Compiling architecture synth of entity cordic_v6_0_16.cordic_sqrt_mod [\cordic_sqrt_mod(p_xdevicefamily...]
Compiling architecture struct_all of entity cordic_v6_0_16.delay [\delay(delay_len=0,family="artix...]
Compiling architecture struct_all of entity cordic_v6_0_16.delay_bit [\delay_bit(delay_len=0,family="a...]
Compiling architecture struct_all of entity cordic_v6_0_16.delay_bit [\delay_bit(delay_len=8,family="a...]
Compiling architecture synth of entity cordic_v6_0_16.cordic_sqrt [\cordic_sqrt(p_xdevicefamily="ar...]
Compiling architecture synth of entity cordic_v6_0_16.cordic_v6_0_16_synth [\cordic_v6_0_16_synth(c_architec...]
Compiling architecture synth of entity cordic_v6_0_16.cordic_v6_0_16_viv [\cordic_v6_0_16_viv(c_architectu...]
Compiling architecture xilinx of entity cordic_v6_0_16.cordic_v6_0_16 [\cordic_v6_0_16(c_architecture=2...]
Compiling architecture cordic_0_arch of entity xil_defaultlib.cordic_0 [cordic_0_default]
Compiling module xil_defaultlib.data_modulus
Compiling module xil_defaultlib.ram_wr_ctrl
Compiling module blk_mem_gen_v8_4_4.blk_mem_gen_v8_4_4_output_stage(...
Compiling module blk_mem_gen_v8_4_4.blk_mem_gen_v8_4_4_softecc_outpu...
Compiling module blk_mem_gen_v8_4_4.blk_mem_gen_v8_4_4_mem_module(C_...
Compiling module blk_mem_gen_v8_4_4.blk_mem_gen_v8_4_4(C_FAMILY="art...
Compiling module xil_defaultlib.ram_4096x16
Compiling module xil_defaultlib.wave_freq
Compiling module xil_defaultlib.dds
Compiling module xil_defaultlib.top
Compiling module xil_defaultlib.top_tb
Compiling module xil_defaultlib.glbl
Built simulation snapshot top_tb_behav

****** Webtalk v2020.2 (64-bit)
  **** SW Build 3064766 on Wed Nov 18 09:12:45 MST 2020
  **** IP Build 3064653 on Wed Nov 18 14:17:31 MST 2020
    ** Copyright 1986-2020 Xilinx, Inc. All Rights Reserved.

source C:/Users/sb/Desktop/git/jnu2023h/jnu2023h.sim/sim_1/behav/xsim/xsim.dir/top_tb_behav/webtalk/xsim_webtalk.tcl -notrace
INFO: [Common 17-206] Exiting Webtalk at Tue May 20 23:31:02 2025...
run_program: Time (s): cpu = 00:00:03 ; elapsed = 00:01:02 . Memory (MB): peak = 1362.176 ; gain = 0.000
INFO: [USF-XSim-69] 'elaborate' step finished in '62' seconds
INFO: [USF-XSim-4] XSim::Simulate design
INFO: [USF-XSim-61] Executing 'SIMULATE' step in 'C:/Users/sb/Desktop/git/jnu2023h/jnu2023h.sim/sim_1/behav/xsim'
INFO: [USF-XSim-98] *** Running xsim
   with args "top_tb_behav -key {Behavioral:sim_1:Functional:top_tb} -tclbatch {top_tb.tcl} -log {simulate.log}"
INFO: [USF-XSim-8] Loading simulator feature
Vivado Simulator 2020.2
Time resolution is 1 ps
source top_tb.tcl
# set curr_wave [current_wave_config]
# if { [string length $curr_wave] == 0 } {
#   if { [llength [get_objects]] > 0} {
#     add_wave /
#     set_property needs_save false [current_wave_config]
#   } else {
#      send_msg_id Add_Wave-1 WARNING "No top level signals found. Simulator will start without a wave window. If you want to open a wave window go to 'File->New Waveform Configuration' or type 'create_wave_config' in the TCL console."
#   }
# }
# run 1000ns
 Block Memory Generator module loading initial data...
 Block Memory Generator data initialization complete.
Block Memory Generator module top_tb.u_rom_1000x8b1.inst.\native_mem_module.blk_mem_gen_v8_4_4_inst  is using a behavioral model for simulation which will not precisely model memory collision behavior.
 Block Memory Generator module loading initial data...
 Block Memory Generator data initialization complete.
Block Memory Generator module top_tb.u_rom_1000x8b2.inst.\native_mem_module.blk_mem_gen_v8_4_4_inst  is using a behavioral model for simulation which will not precisely model memory collision behavior.
Block Memory Generator module top_tb.u_top.u_ram_4096x16.inst.\native_mem_module.blk_mem_gen_v8_4_4_inst  is using a behavioral model for simulation which will not precisely model memory collision behavior.
 Block Memory Generator module loading initial data...
 Block Memory Generator data initialization complete.
Block Memory Generator module top_tb.u_top.u_dds.u_rom_1000x8b1.inst.\native_mem_module.blk_mem_gen_v8_4_4_inst  is using a behavioral model for simulation which will not precisely model memory collision behavior.
 Block Memory Generator module loading initial data...
 Block Memory Generator data initialization complete.
Block Memory Generator module top_tb.u_top.u_dds.u_rom_1000x8b2.inst.\native_mem_module.blk_mem_gen_v8_4_4_inst  is using a behavioral model for simulation which will not precisely model memory collision behavior.
INFO: [USF-XSim-96] XSim completed. Design snapshot 'top_tb_behav' loaded.
INFO: [USF-XSim-97] XSim simulation ran for 1000ns
launch_simulation: Time (s): cpu = 00:00:09 ; elapsed = 00:01:10 . Memory (MB): peak = 1406.141 ; gain = 43.965
close_sim
INFO: [Simtcl 6-16] Simulation closed
launch_simulation
Command: launch_simulation 
INFO: [Vivado 12-5698] Checking validity of IPs in the design for the 'XSim' simulator...
INFO: [Vivado 12-5682] Launching behavioral simulation in 'C:/Users/sb/Desktop/git/jnu2023h/jnu2023h.sim/sim_1/behav/xsim'
INFO: [Vivado 12-4795] Using compiled simulation libraries for IPs
INFO: [SIM-utils-51] Simulation object is 'sim_1'
INFO: [USF-XSim-7] Finding pre-compiled libraries...
INFO: [USF-XSim-11] File 'E:/Xilinx/Vivado/2020.2/data/xsim/xsim.ini' copied to run dir:'C:/Users/sb/Desktop/git/jnu2023h/jnu2023h.sim/sim_1/behav/xsim'
INFO: [SIM-utils-54] Inspecting design source files for 'top_tb' in fileset 'sim_1'...
INFO: [SIM-utils-43] Exported 'C:/Users/sb/Desktop/git/jnu2023h/jnu2023h.sim/sim_1/behav/xsim/rom_1000x8b.mif'
INFO: [SIM-utils-43] Exported 'C:/Users/sb/Desktop/git/jnu2023h/jnu2023h.sim/sim_1/behav/xsim/rom_1000x8.coe'
INFO: [USF-XSim-97] Finding global include files...
INFO: [USF-XSim-98] Fetching design files from 'sim_1'...
INFO: [USF-XSim-2] XSim::Compile design
INFO: [USF-XSim-61] Executing 'COMPILE and ANALYZE' step in 'C:/Users/sb/Desktop/git/jnu2023h/jnu2023h.sim/sim_1/behav/xsim'
"xvlog --incr --relax -prj top_tb_vlog.prj"
INFO: [VRFC 10-2263] Analyzing Verilog file "C:/Users/sb/Desktop/git/jnu2023h/jnu2023h.gen/sources_1/ip/rom_1000x8b/sim/rom_1000x8b.v" into library xil_defaultlib
INFO: [VRFC 10-311] analyzing module rom_1000x8b
INFO: [VRFC 10-2263] Analyzing Verilog file "C:/Users/sb/Desktop/git/jnu2023h/jnu2023h.gen/sources_1/ip/ram_4096x16/sim/ram_4096x16.v" into library xil_defaultlib
INFO: [VRFC 10-311] analyzing module ram_4096x16
INFO: [VRFC 10-2263] Analyzing Verilog file "C:/Users/sb/Desktop/git/jnu2023h/jnu2023h.gen/sources_1/ip/clk_wiz_0/clk_wiz_0_clk_wiz.v" into library xil_defaultlib
INFO: [VRFC 10-311] analyzing module clk_wiz_0_clk_wiz
INFO: [VRFC 10-2263] Analyzing Verilog file "C:/Users/sb/Desktop/git/jnu2023h/jnu2023h.gen/sources_1/ip/clk_wiz_0/clk_wiz_0.v" into library xil_defaultlib
INFO: [VRFC 10-311] analyzing module clk_wiz_0
INFO: [VRFC 10-2263] Analyzing Verilog file "C:/Users/sb/Desktop/git/jnu2023h/code/da_wave_send.v" into library xil_defaultlib
INFO: [VRFC 10-311] analyzing module da_wave_send
INFO: [VRFC 10-2263] Analyzing Verilog file "C:/Users/sb/Desktop/git/jnu2023h/code/data_modulus.v" into library xil_defaultlib
INFO: [VRFC 10-311] analyzing module data_modulus
INFO: [VRFC 10-2263] Analyzing Verilog file "C:/Users/sb/Desktop/git/jnu2023h/code/dds.v" into library xil_defaultlib
INFO: [VRFC 10-311] analyzing module dds
WARNING: [VRFC 10-986] literal value truncated to fit in 20 bits [C:/Users/sb/Desktop/git/jnu2023h/code/dds.v:42]
INFO: [VRFC 10-2263] Analyzing Verilog file "C:/Users/sb/Desktop/git/jnu2023h/code/ftt_clk.v" into library xil_defaultlib
INFO: [VRFC 10-311] analyzing module fft_clk
INFO: [VRFC 10-2263] Analyzing Verilog file "C:/Users/sb/Desktop/git/jnu2023h/code/ram_wr_ctrl.v" into library xil_defaultlib
INFO: [VRFC 10-311] analyzing module ram_wr_ctrl
INFO: [VRFC 10-2263] Analyzing Verilog file "C:/Users/sb/Desktop/git/jnu2023h/code/top.v" into library xil_defaultlib
INFO: [VRFC 10-311] analyzing module top
INFO: [VRFC 10-2458] undeclared symbol data_valid, assumed default net type wire [C:/Users/sb/Desktop/git/jnu2023h/code/top.v:159]
INFO: [VRFC 10-2263] Analyzing Verilog file "C:/Users/sb/Desktop/git/jnu2023h/code/wave_freq.v" into library xil_defaultlib
INFO: [VRFC 10-311] analyzing module wave_freq
INFO: [VRFC 10-2263] Analyzing Verilog file "C:/Users/sb/Desktop/git/jnu2023h/code/sim/top_tb.v" into library xil_defaultlib
INFO: [VRFC 10-311] analyzing module top_tb
"xvhdl --incr --relax -prj top_tb_vhdl.prj"
INFO: [USF-XSim-69] 'compile' step finished in '4' seconds
INFO: [USF-XSim-3] XSim::Elaborate design
INFO: [USF-XSim-61] Executing 'ELABORATE' step in 'C:/Users/sb/Desktop/git/jnu2023h/jnu2023h.sim/sim_1/behav/xsim'
"xelab -wto 733bc6238e3a4b91923eb927ee1788cd --incr --debug typical --relax --mt 2 -L xil_defaultlib -L blk_mem_gen_v8_4_4 -L xbip_utils_v3_0_10 -L c_reg_fd_v12_0_6 -L xbip_dsp48_wrapper_v3_0_4 -L xbip_pipe_v3_0_6 -L xbip_dsp48_addsub_v3_0_6 -L xbip_addsub_v3_0_6 -L c_addsub_v12_0_14 -L xbip_bram18k_v3_0_6 -L mult_gen_v12_0_16 -L axi_utils_v2_0_6 -L cordic_v6_0_16 -L c_mux_bit_v12_0_6 -L c_shift_ram_v12_0_14 -L cmpy_v6_0_19 -L floating_point_v7_0_18 -L xfft_v9_1_5 -L unisims_ver -L unimacro_ver -L secureip -L xpm --snapshot top_tb_behav xil_defaultlib.top_tb xil_defaultlib.glbl -log elaborate.log"
Vivado Simulator 2020.2
Copyright 1986-1999, 2001-2020 Xilinx, Inc. All Rights Reserved.
Running: E:/Xilinx/Vivado/2020.2/bin/unwrapped/win64.o/xelab.exe -wto 733bc6238e3a4b91923eb927ee1788cd --incr --debug typical --relax --mt 2 -L xil_defaultlib -L blk_mem_gen_v8_4_4 -L xbip_utils_v3_0_10 -L c_reg_fd_v12_0_6 -L xbip_dsp48_wrapper_v3_0_4 -L xbip_pipe_v3_0_6 -L xbip_dsp48_addsub_v3_0_6 -L xbip_addsub_v3_0_6 -L c_addsub_v12_0_14 -L xbip_bram18k_v3_0_6 -L mult_gen_v12_0_16 -L axi_utils_v2_0_6 -L cordic_v6_0_16 -L c_mux_bit_v12_0_6 -L c_shift_ram_v12_0_14 -L cmpy_v6_0_19 -L floating_point_v7_0_18 -L xfft_v9_1_5 -L unisims_ver -L unimacro_ver -L secureip -L xpm --snapshot top_tb_behav xil_defaultlib.top_tb xil_defaultlib.glbl -log elaborate.log 
Using 2 slave threads.
Starting static elaboration
Pass Through NonSizing Optimizer
WARNING: [VRFC 10-8389] size mismatch in mixed language port association, VHDL port 'm_axis_data_tdata' [C:/Users/sb/Desktop/git/jnu2023h/code/top.v:108]
WARNING: [VRFC 10-8389] size mismatch in mixed language port association, VHDL port 's_axis_cartesian_tdata' [C:/Users/sb/Desktop/git/jnu2023h/code/data_modulus.v:95]
WARNING: [VRFC 10-3091] actual bit length 8 differs from formal bit length 10 for port 'ad_data_1' [C:/Users/sb/Desktop/git/jnu2023h/code/sim/top_tb.v:111]
WARNING: [VRFC 10-3091] actual bit length 8 differs from formal bit length 10 for port 'ad_data_2' [C:/Users/sb/Desktop/git/jnu2023h/code/sim/top_tb.v:116]
WARNING: [VRFC 10-3091] actual bit length 8 differs from formal bit length 12 for port 'waveA_freq' [C:/Users/sb/Desktop/git/jnu2023h/code/top.v:202]
WARNING: [VRFC 10-3091] actual bit length 8 differs from formal bit length 12 for port 'waveB_freq' [C:/Users/sb/Desktop/git/jnu2023h/code/top.v:204]
WARNING: [VRFC 10-3091] actual bit length 8 differs from formal bit length 6 for port 'freq_select' [C:/Users/sb/Desktop/git/jnu2023h/code/dds.v:89]
WARNING: [VRFC 10-3091] actual bit length 8 differs from formal bit length 6 for port 'freq_select' [C:/Users/sb/Desktop/git/jnu2023h/code/dds.v:102]
WARNING: [VRFC 10-5021] port 'reset' is not connected on this instance [C:/Users/sb/Desktop/git/jnu2023h/code/top.v:70]
Completed static elaboration
Starting simulation data flow analysis
Completed simulation data flow analysis
Time Resolution for simulation is 1ps
Compiling package std.standard
Compiling package std.textio
Compiling package ieee.std_logic_1164
Compiling package ieee.numeric_std
Compiling package xbip_utils_v3_0_10.xbip_utils_v3_0_10_pkg
Compiling package xfft_v9_1_5.xfft_v9_1_5_viv_comp
Compiling package ieee.std_logic_arith
Compiling package ieee.std_logic_unsigned
Compiling package ieee.math_real
Compiling package axi_utils_v2_0_6.axi_utils_v2_0_6_pkg
Compiling package mult_gen_v12_0_16.mult_gen_v12_0_16_pkg
Compiling package ieee.std_logic_signed
Compiling package cmpy_v6_0_19.cmpy_v6_0_19_pkg
Compiling package floating_point_v7_0_18.floating_point_v7_0_18_consts
Compiling package floating_point_v7_0_18.floating_point_v7_0_18_exp_table...
Compiling package floating_point_v7_0_18.floating_point_v7_0_18_pkg
Compiling package xfft_v9_1_5.pkg
Compiling package xfft_v9_1_5.xfft_v9_1_5_axi_pkg
Compiling package axi_utils_v2_0_6.global_util_pkg
Compiling package axi_utils_v2_0_6.axi_utils_comps
Compiling package unisim.vcomponents
Compiling package xbip_pipe_v3_0_6.xbip_pipe_v3_0_6_viv_comp
Compiling package xbip_addsub_v3_0_6.xbip_addsub_v3_0_6_viv_comp
Compiling package c_addsub_v12_0_14.c_addsub_v12_0_14_pkg
Compiling package c_addsub_v12_0_14.c_addsub_v12_0_14_pkg_legacy
Compiling package c_reg_fd_v12_0_6.c_reg_fd_v12_0_6_viv_comp
Compiling package ieee.vital_timing
Compiling package ieee.vital_primitives
Compiling package unisim.vpkg
Compiling package c_shift_ram_v12_0_14.c_shift_ram_v12_0_14_pkg
Compiling package c_mux_bit_v12_0_6.c_mux_bit_v12_0_6_viv_comp
Compiling package xfft_v9_1_5.quarter_sin_tw_table
Compiling package xfft_v9_1_5.quarter2_sin_tw_table
Compiling package mult_gen_v12_0_16.dsp_pkg
Compiling package xpm.vcomponents
Compiling package ieee.std_logic_textio
Compiling package cordic_v6_0_16.cordic_v6_0_16_viv_comp
Compiling package cordic_v6_0_16.cordic_pack
Compiling package cordic_v6_0_16.cordic_hdl_comps
Compiling package c_addsub_v12_0_14.c_addsub_v12_0_14_viv_comp
Compiling module blk_mem_gen_v8_4_4.blk_mem_gen_v8_4_4_output_stage(...
Compiling module blk_mem_gen_v8_4_4.blk_mem_gen_v8_4_4_softecc_outpu...
Compiling module blk_mem_gen_v8_4_4.blk_mem_gen_v8_4_4_mem_module(C_...
Compiling module blk_mem_gen_v8_4_4.blk_mem_gen_v8_4_4(C_FAMILY="art...
Compiling module xil_defaultlib.rom_1000x8b
Compiling module xil_defaultlib.da_wave_send
Compiling module unisims_ver.IBUF
Compiling module unisims_ver.MMCME2_ADV(CLKFBOUT_MULT_F=16.0,...
Compiling module unisims_ver.BUFG
Compiling module xil_defaultlib.clk_wiz_0_clk_wiz
Compiling module xil_defaultlib.clk_wiz_0
Compiling module xil_defaultlib.fft_clk
Compiling architecture xilinx of entity axi_utils_v2_0_6.glb_srl_fifo [\glb_srl_fifo(width=5,has_uvprot...]
Compiling architecture xilinx of entity axi_utils_v2_0_6.glb_ifx_master [\glb_ifx_master(width=5,afull_th...]
Compiling architecture synth of entity xfft_v9_1_5.axi_wrapper_output_fifo [\axi_wrapper_output_fifo(c_fifo_...]
Compiling architecture xilinx of entity axi_utils_v2_0_6.glb_srl_fifo [\glb_srl_fifo(width=1,has_uvprot...]
Compiling architecture xilinx of entity axi_utils_v2_0_6.glb_ifx_slave [\glb_ifx_slave(width=1,has_uvpro...]
Compiling architecture synth of entity xfft_v9_1_5.axi_wrapper_input_fifo [\axi_wrapper_input_fifo(c_fifo_w...]
Compiling architecture xilinx of entity axi_utils_v2_0_6.glb_srl_fifo [\glb_srl_fifo(width=33,has_uvpro...]
Compiling architecture xilinx of entity axi_utils_v2_0_6.glb_ifx_slave [\glb_ifx_slave(width=33,has_uvpr...]
Compiling architecture synth of entity xfft_v9_1_5.axi_wrapper_input_fifo [\axi_wrapper_input_fifo(c_fifo_w...]
Compiling architecture xilinx of entity axi_utils_v2_0_6.glb_srl_fifo [\glb_srl_fifo(width=38,has_uvpro...]
Compiling architecture xilinx of entity axi_utils_v2_0_6.glb_ifx_master [\glb_ifx_master(width=38,afull_t...]
Compiling architecture synth of entity xfft_v9_1_5.axi_wrapper_output_fifo [\axi_wrapper_output_fifo(c_fifo_...]
Compiling architecture synth of entity xfft_v9_1_5.axi_wrapper [\axi_wrapper(c_nfft_max=7,c_arch...]
Compiling architecture xilinx of entity xfft_v9_1_5.equ_rtl [\equ_rtl(c_xdevicefamily="artix7...]
Compiling architecture xilinx of entity xfft_v9_1_5.r22_cnt_ctrl [\r22_cnt_ctrl(c_xdevicefamily="a...]
Compiling architecture xilinx of entity xfft_v9_1_5.r22_cnt_ctrl [\r22_cnt_ctrl(c_xdevicefamily="a...]
Compiling architecture struct of entity c_shift_ram_v12_0_14.c_shift_ram_v12_0_14_legacy [\c_shift_ram_v12_0_14_legacy(c_x...]
Compiling architecture synth of entity c_shift_ram_v12_0_14.c_shift_ram_v12_0_14_viv [\c_shift_ram_v12_0_14_viv(c_xdev...]
Compiling architecture xilinx of entity xfft_v9_1_5.shift_ram [\shift_ram(c_xdevicefamily="arti...]
Compiling architecture struct of entity c_shift_ram_v12_0_14.c_shift_ram_v12_0_14_legacy [\c_shift_ram_v12_0_14_legacy(c_x...]
Compiling architecture synth of entity c_shift_ram_v12_0_14.c_shift_ram_v12_0_14_viv [\c_shift_ram_v12_0_14_viv(c_xdev...]
Compiling architecture xilinx of entity xfft_v9_1_5.shift_ram [\shift_ram(c_xdevicefamily="arti...]
Compiling architecture fd_v of entity unisim.FD [fd_default]
Compiling architecture struct of entity c_shift_ram_v12_0_14.c_shift_ram_v12_0_14_legacy [\c_shift_ram_v12_0_14_legacy(c_x...]
Compiling architecture synth of entity c_shift_ram_v12_0_14.c_shift_ram_v12_0_14_viv [\c_shift_ram_v12_0_14_viv(c_xdev...]
Compiling architecture xilinx of entity xfft_v9_1_5.shift_ram [\shift_ram(c_xdevicefamily="arti...]
Compiling architecture struct of entity c_shift_ram_v12_0_14.c_shift_ram_v12_0_14_legacy [\c_shift_ram_v12_0_14_legacy(c_x...]
Compiling architecture synth of entity c_shift_ram_v12_0_14.c_shift_ram_v12_0_14_viv [\c_shift_ram_v12_0_14_viv(c_xdev...]
Compiling architecture xilinx of entity xfft_v9_1_5.shift_ram [\shift_ram(c_xdevicefamily="arti...]
Compiling architecture xilinx of entity xfft_v9_1_5.shift_ram [\shift_ram(c_xdevicefamily="arti...]
Compiling architecture xilinx of entity xfft_v9_1_5.shift_ram [\shift_ram(c_xdevicefamily="arti...]
Compiling architecture xilinx of entity xfft_v9_1_5.shift_ram [\shift_ram(c_xdevicefamily="arti...]
Compiling architecture lut3_v of entity unisim.LUT3 [\LUT3(init="11001010")(0,7)\]
Compiling architecture xilinx of entity xfft_v9_1_5.mux_bus2 [\mux_bus2(c_xdevicefamily="artix...]
Compiling architecture xilinx of entity xfft_v9_1_5.r22_delay_mux [\r22_delay_mux(c_xdevicefamily="...]
Compiling architecture xilinx of entity xfft_v9_1_5.r22_delay_mux [\r22_delay_mux(c_xdevicefamily="...]
Compiling architecture xilinx of entity xfft_v9_1_5.shift_ram [\shift_ram(c_xdevicefamily="arti...]
Compiling architecture xilinx of entity xfft_v9_1_5.shift_ram [\shift_ram(c_xdevicefamily="arti...]
Compiling architecture struct of entity c_shift_ram_v12_0_14.c_shift_ram_v12_0_14_legacy [\c_shift_ram_v12_0_14_legacy(c_x...]
Compiling architecture synth of entity c_shift_ram_v12_0_14.c_shift_ram_v12_0_14_viv [\c_shift_ram_v12_0_14_viv(c_xdev...]
Compiling architecture synth of entity xfft_v9_1_5.r22_srl_memory [\r22_srl_memory(c_xdevicefamily=...]
Compiling architecture xilinx of entity xfft_v9_1_5.r22_memory [\r22_memory(c_xdevicefamily="art...]
Compiling architecture structural of entity c_reg_fd_v12_0_6.c_reg_fd_v12_0_6_viv [\c_reg_fd_v12_0_6_viv(c_width=18...]
Compiling architecture rtl of entity c_addsub_v12_0_14.c_addsub_v12_0_14_lut6_legacy [\c_addsub_v12_0_14_lut6_legacy(c...]
Compiling architecture synth of entity c_addsub_v12_0_14.c_addsub_v12_0_14_fabric_legacy [\c_addsub_v12_0_14_fabric_legacy...]
Compiling architecture synth of entity c_addsub_v12_0_14.c_addsub_v12_0_14_legacy [\c_addsub_v12_0_14_legacy(c_fami...]
Compiling architecture synth of entity c_addsub_v12_0_14.c_addsub_v12_0_14_viv [\c_addsub_v12_0_14_viv(c_xdevice...]
Compiling architecture xilinx of entity xfft_v9_1_5.adder_bypass [\adder_bypass(c_xdevicefamily="a...]
Compiling architecture structural of entity c_reg_fd_v12_0_6.c_reg_fd_v12_0_6_viv [\c_reg_fd_v12_0_6_viv(c_width=18...]
Compiling architecture rtl of entity c_addsub_v12_0_14.c_addsub_v12_0_14_lut6_legacy [\c_addsub_v12_0_14_lut6_legacy(c...]
Compiling architecture synth of entity c_addsub_v12_0_14.c_addsub_v12_0_14_fabric_legacy [\c_addsub_v12_0_14_fabric_legacy...]
Compiling architecture synth of entity c_addsub_v12_0_14.c_addsub_v12_0_14_legacy [\c_addsub_v12_0_14_legacy(c_fami...]
Compiling architecture synth of entity c_addsub_v12_0_14.c_addsub_v12_0_14_viv [\c_addsub_v12_0_14_viv(c_xdevice...]
Compiling architecture xilinx of entity xfft_v9_1_5.sub_byp [\sub_byp(c_xdevicefamily="artix7...]
Compiling architecture xilinx of entity xfft_v9_1_5.r22_bfly_byp [\r22_bfly_byp(c_xdevicefamily="a...]
Compiling architecture xilinx of entity xfft_v9_1_5.r22_bf [\r22_bf(c_xdevicefamily="artix7"...]
Compiling architecture xilinx of entity xfft_v9_1_5.shift_ram [\shift_ram(c_xdevicefamily="arti...]
Compiling architecture fde_v of entity unisim.FDE [fde_default]
Compiling architecture synth of entity xfft_v9_1_5.r22_twos_comp_mux [\r22_twos_comp_mux(c_xdevicefami...]
Compiling architecture synth of entity xfft_v9_1_5.r22_twos_comp_mux [\r22_twos_comp_mux(c_xdevicefami...]
Compiling architecture xilinx of entity xfft_v9_1_5.shift_ram [\shift_ram(c_xdevicefamily="arti...]
Compiling architecture xilinx of entity xfft_v9_1_5.shift_ram [\shift_ram(c_xdevicefamily="arti...]
Compiling architecture xilinx of entity xfft_v9_1_5.shift_ram [\shift_ram(c_xdevicefamily="arti...]
Compiling architecture xilinx of entity xfft_v9_1_5.mux_bus2 [\mux_bus2(c_xdevicefamily="artix...]
Compiling architecture xilinx of entity xfft_v9_1_5.r22_delay_mux [\r22_delay_mux(c_xdevicefamily="...]
Compiling architecture xilinx of entity xfft_v9_1_5.r22_delay_mux [\r22_delay_mux(c_xdevicefamily="...]
Compiling architecture xilinx of entity xfft_v9_1_5.shift_ram [\shift_ram(c_xdevicefamily="arti...]
Compiling architecture xilinx of entity xfft_v9_1_5.shift_ram [\shift_ram(c_xdevicefamily="arti...]
Compiling architecture struct of entity c_shift_ram_v12_0_14.c_shift_ram_v12_0_14_legacy [\c_shift_ram_v12_0_14_legacy(c_x...]
Compiling architecture synth of entity c_shift_ram_v12_0_14.c_shift_ram_v12_0_14_viv [\c_shift_ram_v12_0_14_viv(c_xdev...]
Compiling architecture synth of entity xfft_v9_1_5.r22_srl_memory [\r22_srl_memory(c_xdevicefamily=...]
Compiling architecture xilinx of entity xfft_v9_1_5.r22_memory [\r22_memory(c_xdevicefamily="art...]
Compiling architecture structural of entity c_reg_fd_v12_0_6.c_reg_fd_v12_0_6_viv [\c_reg_fd_v12_0_6_viv(c_width=19...]
Compiling architecture rtl of entity c_addsub_v12_0_14.c_addsub_v12_0_14_lut6_legacy [\c_addsub_v12_0_14_lut6_legacy(c...]
Compiling architecture synth of entity c_addsub_v12_0_14.c_addsub_v12_0_14_fabric_legacy [\c_addsub_v12_0_14_fabric_legacy...]
Compiling architecture synth of entity c_addsub_v12_0_14.c_addsub_v12_0_14_legacy [\c_addsub_v12_0_14_legacy(c_fami...]
Compiling architecture synth of entity c_addsub_v12_0_14.c_addsub_v12_0_14_viv [\c_addsub_v12_0_14_viv(c_xdevice...]
Compiling architecture xilinx of entity xfft_v9_1_5.adder_bypass [\adder_bypass(c_xdevicefamily="a...]
Compiling architecture structural of entity c_reg_fd_v12_0_6.c_reg_fd_v12_0_6_viv [\c_reg_fd_v12_0_6_viv(c_width=19...]
Compiling architecture rtl of entity c_addsub_v12_0_14.c_addsub_v12_0_14_lut6_legacy [\c_addsub_v12_0_14_lut6_legacy(c...]
Compiling architecture synth of entity c_addsub_v12_0_14.c_addsub_v12_0_14_fabric_legacy [\c_addsub_v12_0_14_fabric_legacy...]
Compiling architecture synth of entity c_addsub_v12_0_14.c_addsub_v12_0_14_legacy [\c_addsub_v12_0_14_legacy(c_fami...]
Compiling architecture synth of entity c_addsub_v12_0_14.c_addsub_v12_0_14_viv [\c_addsub_v12_0_14_viv(c_xdevice...]
Compiling architecture xilinx of entity xfft_v9_1_5.sub_byp [\sub_byp(c_xdevicefamily="artix7...]
Compiling architecture xilinx of entity xfft_v9_1_5.r22_bfly_byp [\r22_bfly_byp(c_xdevicefamily="a...]
Compiling architecture xilinx of entity xfft_v9_1_5.r22_bf [\r22_bf(c_xdevicefamily="artix7"...]
Compiling architecture structural of entity c_reg_fd_v12_0_6.c_reg_fd_v12_0_6_viv [\c_reg_fd_v12_0_6_viv(c_width=7,...]
Compiling architecture rtl of entity c_addsub_v12_0_14.c_addsub_v12_0_14_lut6_legacy [\c_addsub_v12_0_14_lut6_legacy(c...]
Compiling architecture synth of entity c_addsub_v12_0_14.c_addsub_v12_0_14_fabric_legacy [\c_addsub_v12_0_14_fabric_legacy...]
Compiling architecture synth of entity c_addsub_v12_0_14.c_addsub_v12_0_14_legacy [\c_addsub_v12_0_14_legacy(c_fami...]
Compiling architecture synth of entity c_addsub_v12_0_14.c_addsub_v12_0_14_viv [\c_addsub_v12_0_14_viv(c_xdevice...]
Compiling architecture xilinx of entity xfft_v9_1_5.adder [\adder(c_xdevicefamily="artix7",...]
Compiling architecture lut6_v of entity unisim.LUT6 [\LUT6(init="11111111000000001111...]
Compiling architecture xilinx of entity xfft_v9_1_5.mux_bus4 [\mux_bus4(c_xdevicefamily="artix...]
Compiling architecture struct of entity c_shift_ram_v12_0_14.c_shift_ram_v12_0_14_legacy [\c_shift_ram_v12_0_14_legacy(c_x...]
Compiling architecture synth of entity c_shift_ram_v12_0_14.c_shift_ram_v12_0_14_viv [\c_shift_ram_v12_0_14_viv(c_xdev...]
Compiling architecture xilinx of entity xfft_v9_1_5.shift_ram [\shift_ram(c_xdevicefamily="arti...]
Compiling architecture xilinx of entity xfft_v9_1_5.twgen_distmem [\twgen_distmem(theta_width=6,pip...]
Compiling architecture xilinx of entity xfft_v9_1_5.twiddle_gen [\twiddle_gen(c_xdevicefamily="ar...]
Compiling architecture xilinx of entity xfft_v9_1_5.r22_tw_gen [\r22_tw_gen(c_xdevicefamily="art...]
Compiling architecture xilinx of entity cmpy_v6_0_19.delay_line [\delay_line(c_xdevicefamily="art...]
Compiling architecture xilinx of entity cmpy_v6_0_19.delay_line [\delay_line(c_xdevicefamily="art...]
Compiling architecture xilinx of entity mult_gen_v12_0_16.delay_line [\delay_line(c_xdevicefamily="art...]
Compiling architecture xilinx of entity mult_gen_v12_0_16.delay_line [\delay_line(c_xdevicefamily="art...]
Compiling architecture dsp48e1_v of entity unisim.DSP48E1 [\DSP48E1(acascreg=2,alumodereg=0...]
Compiling architecture xilinx of entity mult_gen_v12_0_16.delay_line [\delay_line(c_xdevicefamily="art...]
Compiling architecture xilinx of entity mult_gen_v12_0_16.op_resize [\op_resize(ai_width=18,bi_width=...]
Compiling architecture xilinx of entity mult_gen_v12_0_16.dsp [\dsp(c_xdevicefamily="artix7",c_...]
Compiling architecture xilinx of entity cmpy_v6_0_19.cmpy_3_dsp48_mult [\cmpy_3_dsp48_mult(c_xdevicefami...]
Compiling architecture xilinx of entity mult_gen_v12_0_16.delay_line [\delay_line(c_xdevicefamily="art...]
Compiling architecture xilinx of entity mult_gen_v12_0_16.delay_line [\delay_line(c_xdevicefamily="art...]
Compiling architecture dsp48e1_v of entity unisim.DSP48E1 [\DSP48E1(alumodereg=0,bcascreg=2...]
Compiling architecture xilinx of entity mult_gen_v12_0_16.op_resize [\op_resize(ai_width=19,bi_width=...]
Compiling architecture xilinx of entity mult_gen_v12_0_16.dsp [\dsp(c_xdevicefamily="artix7",c_...]
Compiling architecture xilinx of entity cmpy_v6_0_19.cmpy_3_dsp48_mult [\cmpy_3_dsp48_mult(c_xdevicefami...]
Compiling architecture xilinx of entity mult_gen_v12_0_16.dsp [\dsp(c_xdevicefamily="artix7",c_...]
Compiling architecture xilinx of entity cmpy_v6_0_19.cmpy_3_dsp48_mult [\cmpy_3_dsp48_mult(c_xdevicefami...]
Compiling architecture xilinx of entity cmpy_v6_0_19.input_negation [\input_negation(c_xdevicefamily=...]
Compiling architecture xilinx of entity cmpy_v6_0_19.delay_line [\delay_line(c_xdevicefamily="art...]
Compiling architecture xilinx of entity cmpy_v6_0_19.delay_line [\delay_line(c_xdevicefamily="art...]
Compiling architecture xilinx of entity cmpy_v6_0_19.cmpy_3_dsp48 [\cmpy_3_dsp48(c_xdevicefamily="a...]
Compiling architecture xilinx of entity cmpy_v6_0_19.cmpy_v6_0_19_synth [\cmpy_v6_0_19_synth(c_xdevicefam...]
Compiling architecture xilinx of entity xfft_v9_1_5.cmpy [\cmpy(c_xdevicefamily="artix7",a...]
Compiling architecture xilinx of entity xfft_v9_1_5.logic_gate [\logic_gate(c_xdevicefamily="art...]
Compiling architecture xilinx of entity xfft_v9_1_5.shift_ram [\shift_ram(c_xdevicefamily="arti...]
Compiling architecture lut6_v of entity unisim.LUT6 [\LUT6(init="10000000000000000000...]
Compiling architecture xilinx of entity xfft_v9_1_5.logic_gate [\logic_gate(c_xdevicefamily="art...]
Compiling architecture rtl of entity c_addsub_v12_0_14.c_addsub_v12_0_14_lut6_legacy [\c_addsub_v12_0_14_lut6_legacy(c...]
Compiling architecture synth of entity c_addsub_v12_0_14.c_addsub_v12_0_14_fabric_legacy [\c_addsub_v12_0_14_fabric_legacy...]
Compiling architecture synth of entity c_addsub_v12_0_14.c_addsub_v12_0_14_legacy [\c_addsub_v12_0_14_legacy(c_fami...]
Compiling architecture synth of entity c_addsub_v12_0_14.c_addsub_v12_0_14_viv [\c_addsub_v12_0_14_viv(c_xdevice...]
Compiling architecture xilinx of entity xfft_v9_1_5.unbiased_round [\unbiased_round(c_xdevicefamily=...]
Compiling architecture xilinx of entity xfft_v9_1_5.shift_ram [\shift_ram(c_xdevicefamily="arti...]
Compiling architecture xilinx of entity xfft_v9_1_5.shift_ram [\shift_ram(c_xdevicefamily="arti...]
Compiling architecture xilinx of entity xfft_v9_1_5.r22_pe [\r22_pe(c_xdevicefamily="artix7"...]
Compiling architecture synth of entity xfft_v9_1_5.srl_fifo [\srl_fifo(c_width=1)\]
Compiling architecture xilinx of entity xfft_v9_1_5.r22_cnt_ctrl [\r22_cnt_ctrl(c_xdevicefamily="a...]
Compiling architecture xilinx of entity xfft_v9_1_5.r22_cnt_ctrl [\r22_cnt_ctrl(c_xdevicefamily="a...]
Compiling architecture struct of entity c_shift_ram_v12_0_14.c_shift_ram_v12_0_14_legacy [\c_shift_ram_v12_0_14_legacy(c_x...]
Compiling architecture synth of entity c_shift_ram_v12_0_14.c_shift_ram_v12_0_14_viv [\c_shift_ram_v12_0_14_viv(c_xdev...]
Compiling architecture xilinx of entity xfft_v9_1_5.shift_ram [\shift_ram(c_xdevicefamily="arti...]
Compiling architecture struct of entity c_shift_ram_v12_0_14.c_shift_ram_v12_0_14_legacy [\c_shift_ram_v12_0_14_legacy(c_x...]
Compiling architecture synth of entity c_shift_ram_v12_0_14.c_shift_ram_v12_0_14_viv [\c_shift_ram_v12_0_14_viv(c_xdev...]
Compiling architecture xilinx of entity xfft_v9_1_5.shift_ram [\shift_ram(c_xdevicefamily="arti...]
Compiling architecture struct of entity c_shift_ram_v12_0_14.c_shift_ram_v12_0_14_legacy [\c_shift_ram_v12_0_14_legacy(c_x...]
Compiling architecture synth of entity c_shift_ram_v12_0_14.c_shift_ram_v12_0_14_viv [\c_shift_ram_v12_0_14_viv(c_xdev...]
Compiling architecture xilinx of entity xfft_v9_1_5.shift_ram [\shift_ram(c_xdevicefamily="arti...]
Compiling architecture structural of entity c_reg_fd_v12_0_6.c_reg_fd_v12_0_6_viv [\c_reg_fd_v12_0_6_viv(c_width=20...]
Compiling architecture rtl of entity c_addsub_v12_0_14.c_addsub_v12_0_14_lut6_legacy [\c_addsub_v12_0_14_lut6_legacy(c...]
Compiling architecture synth of entity c_addsub_v12_0_14.c_addsub_v12_0_14_fabric_legacy [\c_addsub_v12_0_14_fabric_legacy...]
Compiling architecture synth of entity c_addsub_v12_0_14.c_addsub_v12_0_14_legacy [\c_addsub_v12_0_14_legacy(c_fami...]
Compiling architecture synth of entity c_addsub_v12_0_14.c_addsub_v12_0_14_viv [\c_addsub_v12_0_14_viv(c_xdevice...]
Compiling architecture xilinx of entity xfft_v9_1_5.adder [\adder(c_xdevicefamily="artix7",...]
Compiling architecture struct of entity c_shift_ram_v12_0_14.c_shift_ram_v12_0_14_legacy [\c_shift_ram_v12_0_14_legacy(c_x...]
Compiling architecture synth of entity c_shift_ram_v12_0_14.c_shift_ram_v12_0_14_viv [\c_shift_ram_v12_0_14_viv(c_xdev...]
Compiling architecture xilinx of entity xfft_v9_1_5.shift_ram [\shift_ram(c_xdevicefamily="arti...]
Compiling architecture xilinx of entity xfft_v9_1_5.shift_ram [\shift_ram(c_xdevicefamily="arti...]
Compiling architecture xilinx of entity xfft_v9_1_5.mux_bus2 [\mux_bus2(c_xdevicefamily="artix...]
Compiling architecture xilinx of entity xfft_v9_1_5.shift_ram [\shift_ram(c_xdevicefamily="arti...]
Compiling architecture xilinx of entity xfft_v9_1_5.mux_bus2 [\mux_bus2(c_xdevicefamily="artix...]
Compiling architecture xilinx of entity xfft_v9_1_5.r22_bf_sp [\r22_bf_sp(c_xdevicefamily="arti...]
Compiling architecture synth of entity xfft_v9_1_5.r22_twos_comp_mux [\r22_twos_comp_mux(c_xdevicefami...]
Compiling architecture synth of entity xfft_v9_1_5.r22_twos_comp_mux [\r22_twos_comp_mux(c_xdevicefami...]
Compiling architecture structural of entity c_reg_fd_v12_0_6.c_reg_fd_v12_0_6_viv [\c_reg_fd_v12_0_6_viv(c_width=21...]
Compiling architecture rtl of entity c_addsub_v12_0_14.c_addsub_v12_0_14_lut6_legacy [\c_addsub_v12_0_14_lut6_legacy(c...]
Compiling architecture synth of entity c_addsub_v12_0_14.c_addsub_v12_0_14_fabric_legacy [\c_addsub_v12_0_14_fabric_legacy...]
Compiling architecture synth of entity c_addsub_v12_0_14.c_addsub_v12_0_14_legacy [\c_addsub_v12_0_14_legacy(c_fami...]
Compiling architecture synth of entity c_addsub_v12_0_14.c_addsub_v12_0_14_viv [\c_addsub_v12_0_14_viv(c_xdevice...]
Compiling architecture xilinx of entity xfft_v9_1_5.adder [\adder(c_xdevicefamily="artix7",...]
Compiling architecture xilinx of entity xfft_v9_1_5.shift_ram [\shift_ram(c_xdevicefamily="arti...]
Compiling architecture struct of entity c_shift_ram_v12_0_14.c_shift_ram_v12_0_14_legacy [\c_shift_ram_v12_0_14_legacy(c_x...]
Compiling architecture synth of entity c_shift_ram_v12_0_14.c_shift_ram_v12_0_14_viv [\c_shift_ram_v12_0_14_viv(c_xdev...]
Compiling architecture xilinx of entity xfft_v9_1_5.shift_ram [\shift_ram(c_xdevicefamily="arti...]
Compiling architecture xilinx of entity xfft_v9_1_5.shift_ram [\shift_ram(c_xdevicefamily="arti...]
Compiling architecture xilinx of entity xfft_v9_1_5.mux_bus2 [\mux_bus2(c_xdevicefamily="artix...]
Compiling architecture xilinx of entity xfft_v9_1_5.r22_bf_sp [\r22_bf_sp(c_xdevicefamily="arti...]
Compiling architecture struct of entity c_shift_ram_v12_0_14.c_shift_ram_v12_0_14_legacy [\c_shift_ram_v12_0_14_legacy(c_x...]
Compiling architecture synth of entity c_shift_ram_v12_0_14.c_shift_ram_v12_0_14_viv [\c_shift_ram_v12_0_14_viv(c_xdev...]
Compiling architecture xilinx of entity xfft_v9_1_5.shift_ram [\shift_ram(c_xdevicefamily="arti...]
Compiling architecture struct of entity c_shift_ram_v12_0_14.c_shift_ram_v12_0_14_legacy [\c_shift_ram_v12_0_14_legacy(c_x...]
Compiling architecture synth of entity c_shift_ram_v12_0_14.c_shift_ram_v12_0_14_viv [\c_shift_ram_v12_0_14_viv(c_xdev...]
Compiling architecture xilinx of entity xfft_v9_1_5.shift_ram [\shift_ram(c_xdevicefamily="arti...]
Compiling architecture structural of entity c_reg_fd_v12_0_6.c_reg_fd_v12_0_6_viv [\c_reg_fd_v12_0_6_viv(c_width=5,...]
Compiling architecture rtl of entity c_addsub_v12_0_14.c_addsub_v12_0_14_lut6_legacy [\c_addsub_v12_0_14_lut6_legacy(c...]
Compiling architecture synth of entity c_addsub_v12_0_14.c_addsub_v12_0_14_fabric_legacy [\c_addsub_v12_0_14_fabric_legacy...]
Compiling architecture synth of entity c_addsub_v12_0_14.c_addsub_v12_0_14_legacy [\c_addsub_v12_0_14_legacy(c_fami...]
Compiling architecture synth of entity c_addsub_v12_0_14.c_addsub_v12_0_14_viv [\c_addsub_v12_0_14_viv(c_xdevice...]
Compiling architecture xilinx of entity xfft_v9_1_5.adder [\adder(c_xdevicefamily="artix7",...]
Compiling architecture xilinx of entity xfft_v9_1_5.mux_bus4 [\mux_bus4(c_xdevicefamily="artix...]
Compiling architecture xilinx of entity xfft_v9_1_5.twgen_distmem [\twgen_distmem(theta_width=4,pip...]
Compiling architecture xilinx of entity xfft_v9_1_5.twiddle_gen [\twiddle_gen(c_xdevicefamily="ar...]
Compiling architecture xilinx of entity xfft_v9_1_5.r22_tw_gen [\r22_tw_gen(c_xdevicefamily="art...]
Compiling architecture xilinx of entity cmpy_v6_0_19.delay_line [\delay_line(c_xdevicefamily="art...]
Compiling architecture xilinx of entity cmpy_v6_0_19.delay_line [\delay_line(c_xdevicefamily="art...]
Compiling architecture xilinx of entity mult_gen_v12_0_16.op_resize [\op_resize(ai_width=22,bi_width=...]
Compiling architecture xilinx of entity mult_gen_v12_0_16.dsp [\dsp(c_xdevicefamily="artix7",c_...]
Compiling architecture xilinx of entity cmpy_v6_0_19.cmpy_3_dsp48_mult [\cmpy_3_dsp48_mult(c_xdevicefami...]
Compiling architecture xilinx of entity cmpy_v6_0_19.delay_line [\delay_line(c_xdevicefamily="art...]
Compiling architecture dsp48e1_v of entity unisim.DSP48E1 [\DSP48E1(acascreg=2,alumodereg=0...]
Compiling architecture xilinx of entity mult_gen_v12_0_16.op_resize [\op_resize(ai_width=21,bi_width=...]
Compiling architecture xilinx of entity mult_gen_v12_0_16.dsp [\dsp(c_xdevicefamily="artix7",c_...]
Compiling architecture xilinx of entity cmpy_v6_0_19.cmpy_3_dsp48_mult [\cmpy_3_dsp48_mult(c_xdevicefami...]
Compiling architecture xilinx of entity mult_gen_v12_0_16.dsp [\dsp(c_xdevicefamily="artix7",c_...]
Compiling architecture xilinx of entity cmpy_v6_0_19.cmpy_3_dsp48_mult [\cmpy_3_dsp48_mult(c_xdevicefami...]
Compiling architecture xilinx of entity cmpy_v6_0_19.input_negation [\input_negation(c_xdevicefamily=...]
Compiling architecture xilinx of entity cmpy_v6_0_19.delay_line [\delay_line(c_xdevicefamily="art...]
Compiling architecture xilinx of entity cmpy_v6_0_19.cmpy_3_dsp48 [\cmpy_3_dsp48(c_xdevicefamily="a...]
Compiling architecture xilinx of entity cmpy_v6_0_19.cmpy_v6_0_19_synth [\cmpy_v6_0_19_synth(c_xdevicefam...]
Compiling architecture xilinx of entity xfft_v9_1_5.cmpy [\cmpy(c_xdevicefamily="artix7",a...]
Compiling architecture xilinx of entity xfft_v9_1_5.shift_ram [\shift_ram(c_xdevicefamily="arti...]
Compiling architecture xilinx of entity xfft_v9_1_5.logic_gate [\logic_gate(c_xdevicefamily="art...]
Compiling architecture rtl of entity c_addsub_v12_0_14.c_addsub_v12_0_14_lut6_legacy [\c_addsub_v12_0_14_lut6_legacy(c...]
Compiling architecture synth of entity c_addsub_v12_0_14.c_addsub_v12_0_14_fabric_legacy [\c_addsub_v12_0_14_fabric_legacy...]
Compiling architecture synth of entity c_addsub_v12_0_14.c_addsub_v12_0_14_legacy [\c_addsub_v12_0_14_legacy(c_fami...]
Compiling architecture synth of entity c_addsub_v12_0_14.c_addsub_v12_0_14_viv [\c_addsub_v12_0_14_viv(c_xdevice...]
Compiling architecture xilinx of entity xfft_v9_1_5.unbiased_round [\unbiased_round(c_xdevicefamily=...]
Compiling architecture struct of entity c_shift_ram_v12_0_14.c_shift_ram_v12_0_14_legacy [\c_shift_ram_v12_0_14_legacy(c_x...]
Compiling architecture synth of entity c_shift_ram_v12_0_14.c_shift_ram_v12_0_14_viv [\c_shift_ram_v12_0_14_viv(c_xdev...]
Compiling architecture xilinx of entity xfft_v9_1_5.shift_ram [\shift_ram(c_xdevicefamily="arti...]
Compiling architecture xilinx of entity xfft_v9_1_5.shift_ram [\shift_ram(c_xdevicefamily="arti...]
Compiling architecture xilinx of entity xfft_v9_1_5.r22_pe [\r22_pe(c_xdevicefamily="artix7"...]
Compiling architecture xilinx of entity xfft_v9_1_5.r22_cnt_ctrl [\r22_cnt_ctrl(c_xdevicefamily="a...]
Compiling architecture xilinx of entity xfft_v9_1_5.r22_cnt_ctrl [\r22_cnt_ctrl(c_xdevicefamily="a...]
Compiling architecture struct of entity c_shift_ram_v12_0_14.c_shift_ram_v12_0_14_legacy [\c_shift_ram_v12_0_14_legacy(c_x...]
Compiling architecture synth of entity c_shift_ram_v12_0_14.c_shift_ram_v12_0_14_viv [\c_shift_ram_v12_0_14_viv(c_xdev...]
Compiling architecture xilinx of entity xfft_v9_1_5.shift_ram [\shift_ram(c_xdevicefamily="arti...]
Compiling architecture struct of entity c_shift_ram_v12_0_14.c_shift_ram_v12_0_14_legacy [\c_shift_ram_v12_0_14_legacy(c_x...]
Compiling architecture synth of entity c_shift_ram_v12_0_14.c_shift_ram_v12_0_14_viv [\c_shift_ram_v12_0_14_viv(c_xdev...]
Compiling architecture xilinx of entity xfft_v9_1_5.shift_ram [\shift_ram(c_xdevicefamily="arti...]
Compiling architecture struct of entity c_shift_ram_v12_0_14.c_shift_ram_v12_0_14_legacy [\c_shift_ram_v12_0_14_legacy(c_x...]
Compiling architecture synth of entity c_shift_ram_v12_0_14.c_shift_ram_v12_0_14_viv [\c_shift_ram_v12_0_14_viv(c_xdev...]
Compiling architecture xilinx of entity xfft_v9_1_5.shift_ram [\shift_ram(c_xdevicefamily="arti...]
Compiling architecture struct of entity c_shift_ram_v12_0_14.c_shift_ram_v12_0_14_legacy [\c_shift_ram_v12_0_14_legacy(c_x...]
Compiling architecture synth of entity c_shift_ram_v12_0_14.c_shift_ram_v12_0_14_viv [\c_shift_ram_v12_0_14_viv(c_xdev...]
Compiling architecture xilinx of entity xfft_v9_1_5.shift_ram [\shift_ram(c_xdevicefamily="arti...]
Compiling architecture structural of entity c_reg_fd_v12_0_6.c_reg_fd_v12_0_6_viv [\c_reg_fd_v12_0_6_viv(c_width=22...]
Compiling architecture rtl of entity c_addsub_v12_0_14.c_addsub_v12_0_14_lut6_legacy [\c_addsub_v12_0_14_lut6_legacy(c...]
Compiling architecture synth of entity c_addsub_v12_0_14.c_addsub_v12_0_14_fabric_legacy [\c_addsub_v12_0_14_fabric_legacy...]
Compiling architecture synth of entity c_addsub_v12_0_14.c_addsub_v12_0_14_legacy [\c_addsub_v12_0_14_legacy(c_fami...]
Compiling architecture synth of entity c_addsub_v12_0_14.c_addsub_v12_0_14_viv [\c_addsub_v12_0_14_viv(c_xdevice...]
Compiling architecture xilinx of entity xfft_v9_1_5.adder [\adder(c_xdevicefamily="artix7",...]
Compiling architecture xilinx of entity xfft_v9_1_5.shift_ram [\shift_ram(c_xdevicefamily="arti...]
Compiling architecture xilinx of entity xfft_v9_1_5.shift_ram [\shift_ram(c_xdevicefamily="arti...]
Compiling architecture xilinx of entity xfft_v9_1_5.mux_bus2 [\mux_bus2(c_xdevicefamily="artix...]
Compiling architecture xilinx of entity xfft_v9_1_5.r22_bf_sp [\r22_bf_sp(c_xdevicefamily="arti...]
Compiling architecture synth of entity xfft_v9_1_5.r22_twos_comp_mux [\r22_twos_comp_mux(c_xdevicefami...]
Compiling architecture synth of entity xfft_v9_1_5.r22_twos_comp_mux [\r22_twos_comp_mux(c_xdevicefami...]
Compiling architecture structural of entity c_reg_fd_v12_0_6.c_reg_fd_v12_0_6_viv [\c_reg_fd_v12_0_6_viv(c_width=23...]
Compiling architecture rtl of entity c_addsub_v12_0_14.c_addsub_v12_0_14_lut6_legacy [\c_addsub_v12_0_14_lut6_legacy(c...]
Compiling architecture synth of entity c_addsub_v12_0_14.c_addsub_v12_0_14_fabric_legacy [\c_addsub_v12_0_14_fabric_legacy...]
Compiling architecture synth of entity c_addsub_v12_0_14.c_addsub_v12_0_14_legacy [\c_addsub_v12_0_14_legacy(c_fami...]
Compiling architecture synth of entity c_addsub_v12_0_14.c_addsub_v12_0_14_viv [\c_addsub_v12_0_14_viv(c_xdevice...]
Compiling architecture xilinx of entity xfft_v9_1_5.adder [\adder(c_xdevicefamily="artix7",...]
Compiling architecture xilinx of entity xfft_v9_1_5.shift_ram [\shift_ram(c_xdevicefamily="arti...]
Compiling architecture xilinx of entity xfft_v9_1_5.mux_bus2 [\mux_bus2(c_xdevicefamily="artix...]
Compiling architecture xilinx of entity xfft_v9_1_5.r22_bf_sp [\r22_bf_sp(c_xdevicefamily="arti...]
Compiling architecture xilinx of entity xfft_v9_1_5.shift_ram [\shift_ram(c_xdevicefamily="arti...]
Compiling architecture struct of entity c_shift_ram_v12_0_14.c_shift_ram_v12_0_14_legacy [\c_shift_ram_v12_0_14_legacy(c_x...]
Compiling architecture synth of entity c_shift_ram_v12_0_14.c_shift_ram_v12_0_14_viv [\c_shift_ram_v12_0_14_viv(c_xdev...]
Compiling architecture xilinx of entity xfft_v9_1_5.shift_ram [\shift_ram(c_xdevicefamily="arti...]
Compiling architecture structural of entity c_reg_fd_v12_0_6.c_reg_fd_v12_0_6_viv [\c_reg_fd_v12_0_6_viv(c_width=3,...]
Compiling architecture rtl of entity c_addsub_v12_0_14.c_addsub_v12_0_14_lut6_legacy [\c_addsub_v12_0_14_lut6_legacy(c...]
Compiling architecture synth of entity c_addsub_v12_0_14.c_addsub_v12_0_14_fabric_legacy [\c_addsub_v12_0_14_fabric_legacy...]
Compiling architecture synth of entity c_addsub_v12_0_14.c_addsub_v12_0_14_legacy [\c_addsub_v12_0_14_legacy(c_fami...]
Compiling architecture synth of entity c_addsub_v12_0_14.c_addsub_v12_0_14_viv [\c_addsub_v12_0_14_viv(c_xdevice...]
Compiling architecture xilinx of entity xfft_v9_1_5.adder [\adder(c_xdevicefamily="artix7",...]
Compiling architecture xilinx of entity xfft_v9_1_5.mux_bus4 [\mux_bus4(c_xdevicefamily="artix...]
Compiling architecture xilinx of entity xfft_v9_1_5.twgen_distmem [\twgen_distmem(theta_width=2,pip...]
Compiling architecture xilinx of entity xfft_v9_1_5.twiddle_gen [\twiddle_gen(c_xdevicefamily="ar...]
Compiling architecture xilinx of entity xfft_v9_1_5.r22_tw_gen [\r22_tw_gen(c_xdevicefamily="art...]
Compiling architecture xilinx of entity cmpy_v6_0_19.delay_line [\delay_line(c_xdevicefamily="art...]
Compiling architecture xilinx of entity mult_gen_v12_0_16.op_resize [\op_resize(ai_width=24,bi_width=...]
Compiling architecture xilinx of entity mult_gen_v12_0_16.dsp [\dsp(c_xdevicefamily="artix7",c_...]
Compiling architecture xilinx of entity cmpy_v6_0_19.cmpy_3_dsp48_mult [\cmpy_3_dsp48_mult(c_xdevicefami...]
Compiling architecture xilinx of entity cmpy_v6_0_19.delay_line [\delay_line(c_xdevicefamily="art...]
Compiling architecture xilinx of entity mult_gen_v12_0_16.op_resize [\op_resize(ai_width=23,bi_width=...]
Compiling architecture xilinx of entity mult_gen_v12_0_16.dsp [\dsp(c_xdevicefamily="artix7",c_...]
Compiling architecture xilinx of entity cmpy_v6_0_19.cmpy_3_dsp48_mult [\cmpy_3_dsp48_mult(c_xdevicefami...]
Compiling architecture xilinx of entity mult_gen_v12_0_16.dsp [\dsp(c_xdevicefamily="artix7",c_...]
Compiling architecture xilinx of entity cmpy_v6_0_19.cmpy_3_dsp48_mult [\cmpy_3_dsp48_mult(c_xdevicefami...]
Compiling architecture xilinx of entity cmpy_v6_0_19.input_negation [\input_negation(c_xdevicefamily=...]
Compiling architecture xilinx of entity cmpy_v6_0_19.delay_line [\delay_line(c_xdevicefamily="art...]
Compiling architecture xilinx of entity cmpy_v6_0_19.cmpy_3_dsp48 [\cmpy_3_dsp48(c_xdevicefamily="a...]
Compiling architecture xilinx of entity cmpy_v6_0_19.cmpy_v6_0_19_synth [\cmpy_v6_0_19_synth(c_xdevicefam...]
Compiling architecture xilinx of entity xfft_v9_1_5.cmpy [\cmpy(c_xdevicefamily="artix7",a...]
Compiling architecture xilinx of entity xfft_v9_1_5.shift_ram [\shift_ram(c_xdevicefamily="arti...]
Compiling architecture xilinx of entity xfft_v9_1_5.logic_gate [\logic_gate(c_xdevicefamily="art...]
Compiling architecture rtl of entity c_addsub_v12_0_14.c_addsub_v12_0_14_lut6_legacy [\c_addsub_v12_0_14_lut6_legacy(c...]
Compiling architecture synth of entity c_addsub_v12_0_14.c_addsub_v12_0_14_fabric_legacy [\c_addsub_v12_0_14_fabric_legacy...]
Compiling architecture synth of entity c_addsub_v12_0_14.c_addsub_v12_0_14_legacy [\c_addsub_v12_0_14_legacy(c_fami...]
Compiling architecture synth of entity c_addsub_v12_0_14.c_addsub_v12_0_14_viv [\c_addsub_v12_0_14_viv(c_xdevice...]
Compiling architecture xilinx of entity xfft_v9_1_5.unbiased_round [\unbiased_round(c_xdevicefamily=...]
Compiling architecture xilinx of entity xfft_v9_1_5.shift_ram [\shift_ram(c_xdevicefamily="arti...]
Compiling architecture xilinx of entity xfft_v9_1_5.shift_ram [\shift_ram(c_xdevicefamily="arti...]
Compiling architecture xilinx of entity xfft_v9_1_5.r22_pe [\r22_pe(c_xdevicefamily="artix7"...]
Compiling architecture structural of entity c_reg_fd_v12_0_6.c_reg_fd_v12_0_6_viv [\c_reg_fd_v12_0_6_viv(c_width=24...]
Compiling architecture rtl of entity c_addsub_v12_0_14.c_addsub_v12_0_14_lut6_legacy [\c_addsub_v12_0_14_lut6_legacy(c...]
Compiling architecture synth of entity c_addsub_v12_0_14.c_addsub_v12_0_14_fabric_legacy [\c_addsub_v12_0_14_fabric_legacy...]
Compiling architecture synth of entity c_addsub_v12_0_14.c_addsub_v12_0_14_legacy [\c_addsub_v12_0_14_legacy(c_fami...]
Compiling architecture synth of entity c_addsub_v12_0_14.c_addsub_v12_0_14_viv [\c_addsub_v12_0_14_viv(c_xdevice...]
Compiling architecture xilinx of entity xfft_v9_1_5.adder [\adder(c_xdevicefamily="artix7",...]
Compiling architecture xilinx of entity xfft_v9_1_5.shift_ram [\shift_ram(c_xdevicefamily="arti...]
Compiling architecture xilinx of entity xfft_v9_1_5.shift_ram [\shift_ram(c_xdevicefamily="arti...]
Compiling architecture xilinx of entity xfft_v9_1_5.mux_bus2 [\mux_bus2(c_xdevicefamily="artix...]
Compiling architecture xilinx of entity xfft_v9_1_5.r22_bf_sp [\r22_bf_sp(c_xdevicefamily="arti...]
Compiling architecture xilinx of entity xfft_v9_1_5.shift_ram [\shift_ram(c_xdevicefamily="arti...]
Compiling architecture xilinx of entity xfft_v9_1_5.shift_ram [\shift_ram(c_xdevicefamily="arti...]
Compiling architecture xilinx of entity xfft_v9_1_5.shift_ram [\shift_ram(c_xdevicefamily="arti...]
Compiling architecture xilinx of entity xfft_v9_1_5.r22_pe [\r22_pe(c_xdevicefamily="artix7"...]
Compiling architecture xilinx of entity xfft_v9_1_5.shift_ram [\shift_ram(c_xdevicefamily="arti...]
Compiling architecture xilinx of entity xfft_v9_1_5.shift_ram [\shift_ram(c_xdevicefamily="arti...]
Compiling architecture xilinx of entity xfft_v9_1_5.shift_ram [\shift_ram(c_xdevicefamily="arti...]
Compiling architecture xilinx of entity xfft_v9_1_5.shift_ram [\shift_ram(c_xdevicefamily="arti...]
Compiling architecture xilinx of entity xfft_v9_1_5.shift_ram [\shift_ram(c_xdevicefamily="arti...]
Compiling architecture synth of entity xfft_v9_1_5.r22_shift_decode [\r22_shift_decode(c_nfft_max=7,c...]
Compiling architecture muxf7_v of entity unisim.MUXF7 [muxf7_default]
Compiling architecture muxf8_v of entity unisim.MUXF8 [muxf8_default]
Compiling architecture xilinx of entity xfft_v9_1_5.mux_bus16 [\mux_bus16(c_xdevicefamily="arti...]
Compiling architecture xilinx of entity xfft_v9_1_5.r22_right_shift [\r22_right_shift(c_xdevicefamily...]
Compiling architecture xilinx of entity xfft_v9_1_5.shift_ram [\shift_ram(c_xdevicefamily="arti...]
Compiling architecture xilinx of entity xfft_v9_1_5.r22_var_unbiased_round [\r22_var_unbiased_round(c_xdevic...]
Compiling architecture xilinx of entity xfft_v9_1_5.shift_ram [\shift_ram(c_xdevicefamily="arti...]
Compiling architecture xilinx of entity xfft_v9_1_5.shift_ram [\shift_ram(c_xdevicefamily="arti...]
Compiling architecture xilinx of entity xfft_v9_1_5.shift_ram [\shift_ram(c_xdevicefamily="arti...]
Compiling architecture rb18_internal_vhdl_v of entity unisim.RB18_INTERNAL_VHDL [\RB18_INTERNAL_VHDL(bram_size=18...]
Compiling architecture ramb18e1_v of entity unisim.RAMB18E1 [\RAMB18E1(doa_reg=1,dob_reg=1,ra...]
Compiling architecture xilinx of entity xfft_v9_1_5.dpm [\dpm(c_xdevicefamily="artix7",wm...]
Compiling architecture xilinx of entity xfft_v9_1_5.r22_memory [\r22_memory(c_xdevicefamily="art...]
Compiling architecture xilinx of entity xfft_v9_1_5.shift_ram [\shift_ram(c_xdevicefamily="arti...]
Compiling architecture xilinx of entity xfft_v9_1_5.shift_ram [\shift_ram(c_xdevicefamily="arti...]
Compiling architecture xilinx of entity xfft_v9_1_5.shift_ram [\shift_ram(c_xdevicefamily="arti...]
Compiling architecture xilinx of entity xfft_v9_1_5.shift_ram [\shift_ram(c_xdevicefamily="arti...]
Compiling architecture xilinx of entity xfft_v9_1_5.r22_busy [\r22_busy(c_xdevicefamily="artix...]
Compiling architecture fdre_v of entity unisim.FDRE [fdre_default]
Compiling architecture muxcy_v of entity unisim.MUXCY [muxcy_default]
Compiling architecture xorcy_v of entity unisim.XORCY [xorcy_default]
Compiling architecture rtl of entity c_addsub_v12_0_14.c_addsub_v12_0_14_lut6_legacy [\c_addsub_v12_0_14_lut6_legacy(c...]
Compiling architecture synth of entity c_addsub_v12_0_14.c_addsub_v12_0_14_fabric_legacy [\c_addsub_v12_0_14_fabric_legacy...]
Compiling architecture synth of entity c_addsub_v12_0_14.c_addsub_v12_0_14_legacy [\c_addsub_v12_0_14_legacy(c_fami...]
Compiling architecture synth of entity c_addsub_v12_0_14.c_addsub_v12_0_14_viv [\c_addsub_v12_0_14_viv(c_xdevice...]
Compiling architecture xilinx of entity xfft_v9_1_5.logic_gate [\logic_gate(c_xdevicefamily="art...]
Compiling architecture fdse_v of entity unisim.FDSE [fdse_default]
Compiling architecture xilinx of entity xfft_v9_1_5.cnt_sat [\cnt_sat(c_xdevicefamily="artix7...]
Compiling architecture rtl of entity c_addsub_v12_0_14.c_addsub_v12_0_14_lut6_legacy [\c_addsub_v12_0_14_lut6_legacy(c...]
Compiling architecture synth of entity c_addsub_v12_0_14.c_addsub_v12_0_14_fabric_legacy [\c_addsub_v12_0_14_fabric_legacy...]
Compiling architecture synth of entity c_addsub_v12_0_14.c_addsub_v12_0_14_legacy [\c_addsub_v12_0_14_legacy(c_fami...]
Compiling architecture synth of entity c_addsub_v12_0_14.c_addsub_v12_0_14_viv [\c_addsub_v12_0_14_viv(c_xdevice...]
Compiling architecture xilinx of entity xfft_v9_1_5.logic_gate [\logic_gate(c_xdevicefamily="art...]
Compiling architecture xilinx of entity xfft_v9_1_5.cnt_sat [\cnt_sat(c_xdevicefamily="artix7...]
Compiling architecture rtl of entity c_addsub_v12_0_14.c_addsub_v12_0_14_lut6_legacy [\c_addsub_v12_0_14_lut6_legacy(c...]
Compiling architecture synth of entity c_addsub_v12_0_14.c_addsub_v12_0_14_fabric_legacy [\c_addsub_v12_0_14_fabric_legacy...]
Compiling architecture synth of entity c_addsub_v12_0_14.c_addsub_v12_0_14_legacy [\c_addsub_v12_0_14_legacy(c_fami...]
Compiling architecture synth of entity c_addsub_v12_0_14.c_addsub_v12_0_14_viv [\c_addsub_v12_0_14_viv(c_xdevice...]
Compiling architecture xilinx of entity xfft_v9_1_5.logic_gate [\logic_gate(c_xdevicefamily="art...]
Compiling architecture xilinx of entity xfft_v9_1_5.cnt_sat [\cnt_sat(c_xdevicefamily="artix7...]
Compiling architecture xilinx of entity xfft_v9_1_5.logic_gate [\logic_gate(c_xdevicefamily="art...]
Compiling architecture xilinx of entity xfft_v9_1_5.cnt_sat [\cnt_sat(c_xdevicefamily="artix7...]
Compiling architecture rtl of entity c_addsub_v12_0_14.c_addsub_v12_0_14_lut6_legacy [\c_addsub_v12_0_14_lut6_legacy(c...]
Compiling architecture synth of entity c_addsub_v12_0_14.c_addsub_v12_0_14_fabric_legacy [\c_addsub_v12_0_14_fabric_legacy...]
Compiling architecture synth of entity c_addsub_v12_0_14.c_addsub_v12_0_14_legacy [\c_addsub_v12_0_14_legacy(c_fami...]
Compiling architecture synth of entity c_addsub_v12_0_14.c_addsub_v12_0_14_viv [\c_addsub_v12_0_14_viv(c_xdevice...]
Compiling architecture xilinx of entity xfft_v9_1_5.logic_gate [\logic_gate(c_xdevicefamily="art...]
Compiling architecture xilinx of entity xfft_v9_1_5.cnt_sat [\cnt_sat(c_xdevicefamily="artix7...]
Compiling architecture structural of entity c_reg_fd_v12_0_6.c_reg_fd_v12_0_6_viv [\c_reg_fd_v12_0_6_viv(c_width=7,...]
Compiling architecture rtl of entity c_addsub_v12_0_14.c_addsub_v12_0_14_lut6_legacy [\c_addsub_v12_0_14_lut6_legacy(c...]
Compiling architecture synth of entity c_addsub_v12_0_14.c_addsub_v12_0_14_fabric_legacy [\c_addsub_v12_0_14_fabric_legacy...]
Compiling architecture synth of entity c_addsub_v12_0_14.c_addsub_v12_0_14_legacy [\c_addsub_v12_0_14_legacy(c_fami...]
Compiling architecture synth of entity c_addsub_v12_0_14.c_addsub_v12_0_14_viv [\c_addsub_v12_0_14_viv(c_xdevice...]
Compiling architecture lut6_v of entity unisim.LUT6 [\LUT6(init="10010000000010010000...]
Compiling architecture xilinx of entity xfft_v9_1_5.equ_rtl [\equ_rtl(c_xdevicefamily="artix7...]
Compiling architecture xilinx of entity xfft_v9_1_5.cnt_tc_rtl_a [\cnt_tc_rtl_a(c_xdevicefamily="a...]
Compiling architecture struct of entity c_shift_ram_v12_0_14.c_shift_ram_v12_0_14_legacy [\c_shift_ram_v12_0_14_legacy(c_x...]
Compiling architecture synth of entity c_shift_ram_v12_0_14.c_shift_ram_v12_0_14_viv [\c_shift_ram_v12_0_14_viv(c_xdev...]
Compiling architecture xilinx of entity xfft_v9_1_5.shift_ram [\shift_ram(c_xdevicefamily="arti...]
Compiling architecture xilinx of entity xfft_v9_1_5.r22_flow_ctrl [\r22_flow_ctrl(c_xdevicefamily="...]
Compiling architecture lut3_v of entity unisim.LUT3 [\LUT3(init="10101110")(0,7)\]
Compiling architecture xilinx of entity xfft_v9_1_5.r22_cnt_ctrl [\r22_cnt_ctrl(c_xdevicefamily="a...]
Compiling architecture srl16e_v of entity unisim.SRL16E [\SRL16E(0,15)\]
Compiling architecture xilinx of entity xfft_v9_1_5.shift_ram [\shift_ram(c_xdevicefamily="arti...]
Compiling architecture fdr_v of entity unisim.FDR [fdr_default]
Compiling architecture xilinx of entity xfft_v9_1_5.shift_ram [\shift_ram(c_xdevicefamily="arti...]
Compiling architecture xilinx of entity xfft_v9_1_5.shift_ram [\shift_ram(c_xdevicefamily="arti...]
Compiling architecture xilinx of entity xfft_v9_1_5.xfft_v9_1_5_d [\xfft_v9_1_5_d(c_xdevicefamily="...]
Compiling architecture synth of entity xfft_v9_1_5.xfft_v9_1_5_core [\xfft_v9_1_5_core(c_xdevicefamil...]
Compiling architecture synth of entity xfft_v9_1_5.xfft_v9_1_5_viv [\xfft_v9_1_5_viv(c_xdevicefamily...]
Compiling architecture xilinx of entity xfft_v9_1_5.xfft_v9_1_5 [\xfft_v9_1_5(c_xdevicefamily="ar...]
Compiling architecture xfft_0_arch of entity xil_defaultlib.xfft_0 [xfft_0_default]
Compiling architecture synth of entity xbip_pipe_v3_0_6.xbip_pipe_v3_0_6_viv [\xbip_pipe_v3_0_6_viv(c_latency=...]
Compiling architecture struct_all of entity cordic_v6_0_16.delay [\delay(delay_len=0,family="artix...]
Compiling architecture rtl of entity c_addsub_v12_0_14.c_addsub_v12_0_14_lut6_legacy [\c_addsub_v12_0_14_lut6_legacy(c...]
Compiling architecture synth of entity c_addsub_v12_0_14.c_addsub_v12_0_14_fabric_legacy [\c_addsub_v12_0_14_fabric_legacy...]
Compiling architecture synth of entity c_addsub_v12_0_14.c_addsub_v12_0_14_legacy [\c_addsub_v12_0_14_legacy(c_fami...]
Compiling architecture synth of entity c_addsub_v12_0_14.c_addsub_v12_0_14_viv [\c_addsub_v12_0_14_viv(c_xdevice...]
Compiling architecture synth of entity cordic_v6_0_16.addsub [\addsub(family="artix7",add_mode...]
Compiling architecture struct_all of entity cordic_v6_0_16.delay [\delay(delay_len=0,family="artix...]
Compiling architecture struct_all of entity cordic_v6_0_16.delay [\delay(delay_len=4,family="artix...]
Compiling architecture synth of entity cordic_v6_0_16.cordic_sqrt_mod [\cordic_sqrt_mod(p_xdevicefamily...]
Compiling architecture struct_all of entity cordic_v6_0_16.delay [\delay(delay_len=1,family="artix...]
Compiling architecture rtl of entity c_addsub_v12_0_14.c_addsub_v12_0_14_lut6_legacy [\c_addsub_v12_0_14_lut6_legacy(c...]
Compiling architecture synth of entity c_addsub_v12_0_14.c_addsub_v12_0_14_fabric_legacy [\c_addsub_v12_0_14_fabric_legacy...]
Compiling architecture synth of entity c_addsub_v12_0_14.c_addsub_v12_0_14_legacy [\c_addsub_v12_0_14_legacy(c_fami...]
Compiling architecture synth of entity c_addsub_v12_0_14.c_addsub_v12_0_14_viv [\c_addsub_v12_0_14_viv(c_xdevice...]
Compiling architecture synth of entity cordic_v6_0_16.addsub [\addsub(family="artix7",add_mode...]
Compiling architecture struct_all of entity cordic_v6_0_16.delay [\delay(delay_len=1,family="artix...]
Compiling architecture synth of entity cordic_v6_0_16.cordic_sqrt_mod [\cordic_sqrt_mod(p_xdevicefamily...]
Compiling architecture struct_all of entity cordic_v6_0_16.delay [\delay(delay_len=1,family="artix...]
Compiling architecture rtl of entity c_addsub_v12_0_14.c_addsub_v12_0_14_lut6_legacy [\c_addsub_v12_0_14_lut6_legacy(c...]
Compiling architecture synth of entity c_addsub_v12_0_14.c_addsub_v12_0_14_fabric_legacy [\c_addsub_v12_0_14_fabric_legacy...]
Compiling architecture synth of entity c_addsub_v12_0_14.c_addsub_v12_0_14_legacy [\c_addsub_v12_0_14_legacy(c_fami...]
Compiling architecture synth of entity c_addsub_v12_0_14.c_addsub_v12_0_14_viv [\c_addsub_v12_0_14_viv(c_xdevice...]
Compiling architecture synth of entity cordic_v6_0_16.addsub [\addsub(family="artix7",add_mode...]
Compiling architecture struct_all of entity cordic_v6_0_16.delay [\delay(delay_len=1,family="artix...]
Compiling architecture struct_all of entity cordic_v6_0_16.delay [\delay(delay_len=3,family="artix...]
Compiling architecture synth of entity cordic_v6_0_16.cordic_sqrt_mod [\cordic_sqrt_mod(p_xdevicefamily...]
Compiling architecture struct_all of entity cordic_v6_0_16.delay [\delay(delay_len=0,family="artix...]
Compiling architecture rtl of entity c_addsub_v12_0_14.c_addsub_v12_0_14_lut6_legacy [\c_addsub_v12_0_14_lut6_legacy(c...]
Compiling architecture synth of entity c_addsub_v12_0_14.c_addsub_v12_0_14_fabric_legacy [\c_addsub_v12_0_14_fabric_legacy...]
Compiling architecture synth of entity c_addsub_v12_0_14.c_addsub_v12_0_14_legacy [\c_addsub_v12_0_14_legacy(c_fami...]
Compiling architecture synth of entity c_addsub_v12_0_14.c_addsub_v12_0_14_viv [\c_addsub_v12_0_14_viv(c_xdevice...]
Compiling architecture synth of entity cordic_v6_0_16.addsub [\addsub(family="artix7",add_mode...]
Compiling architecture struct_all of entity cordic_v6_0_16.delay [\delay(delay_len=0,family="artix...]
Compiling architecture struct_all of entity cordic_v6_0_16.delay [\delay(delay_len=5,family="artix...]
Compiling architecture synth of entity cordic_v6_0_16.cordic_sqrt_mod [\cordic_sqrt_mod(p_xdevicefamily...]
Compiling architecture struct_all of entity cordic_v6_0_16.delay [\delay(delay_len=0,family="artix...]
Compiling architecture rtl of entity c_addsub_v12_0_14.c_addsub_v12_0_14_lut6_legacy [\c_addsub_v12_0_14_lut6_legacy(c...]
Compiling architecture synth of entity c_addsub_v12_0_14.c_addsub_v12_0_14_fabric_legacy [\c_addsub_v12_0_14_fabric_legacy...]
Compiling architecture synth of entity c_addsub_v12_0_14.c_addsub_v12_0_14_legacy [\c_addsub_v12_0_14_legacy(c_fami...]
Compiling architecture synth of entity c_addsub_v12_0_14.c_addsub_v12_0_14_viv [\c_addsub_v12_0_14_viv(c_xdevice...]
Compiling architecture synth of entity cordic_v6_0_16.addsub [\addsub(family="artix7",add_mode...]
Compiling architecture struct_all of entity cordic_v6_0_16.delay [\delay(delay_len=0,family="artix...]
Compiling architecture synth of entity cordic_v6_0_16.cordic_sqrt_mod [\cordic_sqrt_mod(p_xdevicefamily...]
Compiling architecture struct_all of entity cordic_v6_0_16.delay [\delay(delay_len=1,family="artix...]
Compiling architecture rtl of entity c_addsub_v12_0_14.c_addsub_v12_0_14_lut6_legacy [\c_addsub_v12_0_14_lut6_legacy(c...]
Compiling architecture synth of entity c_addsub_v12_0_14.c_addsub_v12_0_14_fabric_legacy [\c_addsub_v12_0_14_fabric_legacy...]
Compiling architecture synth of entity c_addsub_v12_0_14.c_addsub_v12_0_14_legacy [\c_addsub_v12_0_14_legacy(c_fami...]
Compiling architecture synth of entity c_addsub_v12_0_14.c_addsub_v12_0_14_viv [\c_addsub_v12_0_14_viv(c_xdevice...]
Compiling architecture synth of entity cordic_v6_0_16.addsub [\addsub(family="artix7",add_mode...]
Compiling architecture struct_all of entity cordic_v6_0_16.delay [\delay(delay_len=1,family="artix...]
Compiling architecture synth of entity cordic_v6_0_16.cordic_sqrt_mod [\cordic_sqrt_mod(p_xdevicefamily...]
Compiling architecture struct_all of entity cordic_v6_0_16.delay [\delay(delay_len=1,family="artix...]
Compiling architecture rtl of entity c_addsub_v12_0_14.c_addsub_v12_0_14_lut6_legacy [\c_addsub_v12_0_14_lut6_legacy(c...]
Compiling architecture synth of entity c_addsub_v12_0_14.c_addsub_v12_0_14_fabric_legacy [\c_addsub_v12_0_14_fabric_legacy...]
Compiling architecture synth of entity c_addsub_v12_0_14.c_addsub_v12_0_14_legacy [\c_addsub_v12_0_14_legacy(c_fami...]
Compiling architecture synth of entity c_addsub_v12_0_14.c_addsub_v12_0_14_viv [\c_addsub_v12_0_14_viv(c_xdevice...]
Compiling architecture synth of entity cordic_v6_0_16.addsub [\addsub(family="artix7",add_mode...]
Compiling architecture struct_all of entity cordic_v6_0_16.delay [\delay(delay_len=1,family="artix...]
Compiling architecture struct_all of entity cordic_v6_0_16.delay [\delay(delay_len=2,family="artix...]
Compiling architecture synth of entity cordic_v6_0_16.cordic_sqrt_mod [\cordic_sqrt_mod(p_xdevicefamily...]
Compiling architecture struct_all of entity cordic_v6_0_16.delay [\delay(delay_len=0,family="artix...]
Compiling architecture rtl of entity c_addsub_v12_0_14.c_addsub_v12_0_14_lut6_legacy [\c_addsub_v12_0_14_lut6_legacy(c...]
Compiling architecture synth of entity c_addsub_v12_0_14.c_addsub_v12_0_14_fabric_legacy [\c_addsub_v12_0_14_fabric_legacy...]
Compiling architecture synth of entity c_addsub_v12_0_14.c_addsub_v12_0_14_legacy [\c_addsub_v12_0_14_legacy(c_fami...]
Compiling architecture synth of entity c_addsub_v12_0_14.c_addsub_v12_0_14_viv [\c_addsub_v12_0_14_viv(c_xdevice...]
Compiling architecture synth of entity cordic_v6_0_16.addsub [\addsub(family="artix7",add_mode...]
Compiling architecture struct_all of entity cordic_v6_0_16.delay [\delay(delay_len=0,family="artix...]
Compiling architecture struct_all of entity cordic_v6_0_16.delay [\delay(delay_len=6,family="artix...]
Compiling architecture synth of entity cordic_v6_0_16.cordic_sqrt_mod [\cordic_sqrt_mod(p_xdevicefamily...]
Compiling architecture struct_all of entity cordic_v6_0_16.delay [\delay(delay_len=0,family="artix...]
Compiling architecture rtl of entity c_addsub_v12_0_14.c_addsub_v12_0_14_lut6_legacy [\c_addsub_v12_0_14_lut6_legacy(c...]
Compiling architecture synth of entity c_addsub_v12_0_14.c_addsub_v12_0_14_fabric_legacy [\c_addsub_v12_0_14_fabric_legacy...]
Compiling architecture synth of entity c_addsub_v12_0_14.c_addsub_v12_0_14_legacy [\c_addsub_v12_0_14_legacy(c_fami...]
Compiling architecture synth of entity c_addsub_v12_0_14.c_addsub_v12_0_14_viv [\c_addsub_v12_0_14_viv(c_xdevice...]
Compiling architecture synth of entity cordic_v6_0_16.addsub [\addsub(family="artix7",add_mode...]
Compiling architecture struct_all of entity cordic_v6_0_16.delay [\delay(delay_len=0,family="artix...]
Compiling architecture synth of entity cordic_v6_0_16.cordic_sqrt_mod [\cordic_sqrt_mod(p_xdevicefamily...]
Compiling architecture struct_all of entity cordic_v6_0_16.delay [\delay(delay_len=1,family="artix...]
Compiling architecture rtl of entity c_addsub_v12_0_14.c_addsub_v12_0_14_lut6_legacy [\c_addsub_v12_0_14_lut6_legacy(c...]
Compiling architecture synth of entity c_addsub_v12_0_14.c_addsub_v12_0_14_fabric_legacy [\c_addsub_v12_0_14_fabric_legacy...]
Compiling architecture synth of entity c_addsub_v12_0_14.c_addsub_v12_0_14_legacy [\c_addsub_v12_0_14_legacy(c_fami...]
Compiling architecture synth of entity c_addsub_v12_0_14.c_addsub_v12_0_14_viv [\c_addsub_v12_0_14_viv(c_xdevice...]
Compiling architecture synth of entity cordic_v6_0_16.addsub [\addsub(family="artix7",add_mode...]
Compiling architecture struct_all of entity cordic_v6_0_16.delay [\delay(delay_len=1,family="artix...]
Compiling architecture synth of entity cordic_v6_0_16.cordic_sqrt_mod [\cordic_sqrt_mod(p_xdevicefamily...]
Compiling architecture struct_all of entity cordic_v6_0_16.delay [\delay(delay_len=1,family="artix...]
Compiling architecture rtl of entity c_addsub_v12_0_14.c_addsub_v12_0_14_lut6_legacy [\c_addsub_v12_0_14_lut6_legacy(c...]
Compiling architecture synth of entity c_addsub_v12_0_14.c_addsub_v12_0_14_fabric_legacy [\c_addsub_v12_0_14_fabric_legacy...]
Compiling architecture synth of entity c_addsub_v12_0_14.c_addsub_v12_0_14_legacy [\c_addsub_v12_0_14_legacy(c_fami...]
Compiling architecture synth of entity c_addsub_v12_0_14.c_addsub_v12_0_14_viv [\c_addsub_v12_0_14_viv(c_xdevice...]
Compiling architecture synth of entity cordic_v6_0_16.addsub [\addsub(family="artix7",add_mode...]
Compiling architecture struct_all of entity cordic_v6_0_16.delay [\delay(delay_len=1,family="artix...]
Compiling architecture struct_all of entity cordic_v6_0_16.delay [\delay(delay_len=1,family="artix...]
Compiling architecture synth of entity cordic_v6_0_16.cordic_sqrt_mod [\cordic_sqrt_mod(p_xdevicefamily...]
Compiling architecture struct_all of entity cordic_v6_0_16.delay [\delay(delay_len=0,family="artix...]
Compiling architecture rtl of entity c_addsub_v12_0_14.c_addsub_v12_0_14_lut6_legacy [\c_addsub_v12_0_14_lut6_legacy(c...]
Compiling architecture synth of entity c_addsub_v12_0_14.c_addsub_v12_0_14_fabric_legacy [\c_addsub_v12_0_14_fabric_legacy...]
Compiling architecture synth of entity c_addsub_v12_0_14.c_addsub_v12_0_14_legacy [\c_addsub_v12_0_14_legacy(c_fami...]
Compiling architecture synth of entity c_addsub_v12_0_14.c_addsub_v12_0_14_viv [\c_addsub_v12_0_14_viv(c_xdevice...]
Compiling architecture synth of entity cordic_v6_0_16.addsub [\addsub(family="artix7",add_mode...]
Compiling architecture struct_all of entity cordic_v6_0_16.delay [\delay(delay_len=0,family="artix...]
Compiling architecture struct_all of entity cordic_v6_0_16.delay [\delay(delay_len=7,family="artix...]
Compiling architecture synth of entity cordic_v6_0_16.cordic_sqrt_mod [\cordic_sqrt_mod(p_xdevicefamily...]
Compiling architecture struct_all of entity cordic_v6_0_16.delay [\delay(delay_len=0,family="artix...]
Compiling architecture rtl of entity c_addsub_v12_0_14.c_addsub_v12_0_14_lut6_legacy [\c_addsub_v12_0_14_lut6_legacy(c...]
Compiling architecture synth of entity c_addsub_v12_0_14.c_addsub_v12_0_14_fabric_legacy [\c_addsub_v12_0_14_fabric_legacy...]
Compiling architecture synth of entity c_addsub_v12_0_14.c_addsub_v12_0_14_legacy [\c_addsub_v12_0_14_legacy(c_fami...]
Compiling architecture synth of entity c_addsub_v12_0_14.c_addsub_v12_0_14_viv [\c_addsub_v12_0_14_viv(c_xdevice...]
Compiling architecture synth of entity cordic_v6_0_16.addsub [\addsub(family="artix7",add_mode...]
Compiling architecture struct_all of entity cordic_v6_0_16.delay [\delay(delay_len=0,family="artix...]
Compiling architecture synth of entity cordic_v6_0_16.cordic_sqrt_mod [\cordic_sqrt_mod(p_xdevicefamily...]
Compiling architecture struct_all of entity cordic_v6_0_16.delay [\delay(delay_len=1,family="artix...]
Compiling architecture rtl of entity c_addsub_v12_0_14.c_addsub_v12_0_14_lut6_legacy [\c_addsub_v12_0_14_lut6_legacy(c...]
Compiling architecture synth of entity c_addsub_v12_0_14.c_addsub_v12_0_14_fabric_legacy [\c_addsub_v12_0_14_fabric_legacy...]
Compiling architecture synth of entity c_addsub_v12_0_14.c_addsub_v12_0_14_legacy [\c_addsub_v12_0_14_legacy(c_fami...]
Compiling architecture synth of entity c_addsub_v12_0_14.c_addsub_v12_0_14_viv [\c_addsub_v12_0_14_viv(c_xdevice...]
Compiling architecture synth of entity cordic_v6_0_16.addsub [\addsub(family="artix7",add_mode...]
Compiling architecture struct_all of entity cordic_v6_0_16.delay [\delay(delay_len=1,family="artix...]
Compiling architecture synth of entity cordic_v6_0_16.cordic_sqrt_mod [\cordic_sqrt_mod(p_xdevicefamily...]
Compiling architecture struct_all of entity cordic_v6_0_16.delay [\delay(delay_len=1,family="artix...]
Compiling architecture rtl of entity c_addsub_v12_0_14.c_addsub_v12_0_14_lut6_legacy [\c_addsub_v12_0_14_lut6_legacy(c...]
Compiling architecture synth of entity c_addsub_v12_0_14.c_addsub_v12_0_14_fabric_legacy [\c_addsub_v12_0_14_fabric_legacy...]
Compiling architecture synth of entity c_addsub_v12_0_14.c_addsub_v12_0_14_legacy [\c_addsub_v12_0_14_legacy(c_fami...]
Compiling architecture synth of entity c_addsub_v12_0_14.c_addsub_v12_0_14_viv [\c_addsub_v12_0_14_viv(c_xdevice...]
Compiling architecture synth of entity cordic_v6_0_16.addsub [\addsub(family="artix7",add_mode...]
Compiling architecture struct_all of entity cordic_v6_0_16.delay [\delay(delay_len=1,family="artix...]
Compiling architecture struct_all of entity cordic_v6_0_16.delay [\delay(delay_len=0,family="artix...]
Compiling architecture synth of entity cordic_v6_0_16.cordic_sqrt_mod [\cordic_sqrt_mod(p_xdevicefamily...]
Compiling architecture structural of entity c_reg_fd_v12_0_6.c_reg_fd_v12_0_6_viv [\c_reg_fd_v12_0_6_viv(c_width=19...]
Compiling architecture rtl of entity c_addsub_v12_0_14.c_addsub_v12_0_14_lut6_legacy [\c_addsub_v12_0_14_lut6_legacy(c...]
Compiling architecture synth of entity c_addsub_v12_0_14.c_addsub_v12_0_14_fabric_legacy [\c_addsub_v12_0_14_fabric_legacy...]
Compiling architecture synth of entity c_addsub_v12_0_14.c_addsub_v12_0_14_legacy [\c_addsub_v12_0_14_legacy(c_fami...]
Compiling architecture synth of entity c_addsub_v12_0_14.c_addsub_v12_0_14_viv [\c_addsub_v12_0_14_viv(c_xdevice...]
Compiling architecture synth of entity cordic_v6_0_16.addsub [\addsub(family="artix7",add_mode...]
Compiling architecture rtl of entity c_addsub_v12_0_14.c_addsub_v12_0_14_lut6_legacy [\c_addsub_v12_0_14_lut6_legacy(c...]
Compiling architecture synth of entity c_addsub_v12_0_14.c_addsub_v12_0_14_fabric_legacy [\c_addsub_v12_0_14_fabric_legacy...]
Compiling architecture synth of entity c_addsub_v12_0_14.c_addsub_v12_0_14_legacy [\c_addsub_v12_0_14_legacy(c_fami...]
Compiling architecture synth of entity c_addsub_v12_0_14.c_addsub_v12_0_14_viv [\c_addsub_v12_0_14_viv(c_xdevice...]
Compiling architecture synth of entity cordic_v6_0_16.addsub [\addsub(family="artix7",add_mode...]
Compiling architecture struct_all of entity cordic_v6_0_16.delay [\delay(delay_len=0,family="artix...]
Compiling architecture struct_all of entity cordic_v6_0_16.delay [\delay(delay_len=8,family="artix...]
Compiling architecture synth of entity cordic_v6_0_16.cordic_sqrt_mod [\cordic_sqrt_mod(p_xdevicefamily...]
Compiling architecture struct_all of entity cordic_v6_0_16.delay [\delay(delay_len=0,family="artix...]
Compiling architecture struct_all of entity cordic_v6_0_16.delay_bit [\delay_bit(delay_len=0,family="a...]
Compiling architecture struct_all of entity cordic_v6_0_16.delay_bit [\delay_bit(delay_len=8,family="a...]
Compiling architecture synth of entity cordic_v6_0_16.cordic_sqrt [\cordic_sqrt(p_xdevicefamily="ar...]
Compiling architecture synth of entity cordic_v6_0_16.cordic_v6_0_16_synth [\cordic_v6_0_16_synth(c_architec...]
Compiling architecture synth of entity cordic_v6_0_16.cordic_v6_0_16_viv [\cordic_v6_0_16_viv(c_architectu...]
Compiling architecture xilinx of entity cordic_v6_0_16.cordic_v6_0_16 [\cordic_v6_0_16(c_architecture=2...]
Compiling architecture cordic_0_arch of entity xil_defaultlib.cordic_0 [cordic_0_default]
Compiling module xil_defaultlib.data_modulus
Compiling module xil_defaultlib.ram_wr_ctrl
Compiling module blk_mem_gen_v8_4_4.blk_mem_gen_v8_4_4_output_stage(...
Compiling module blk_mem_gen_v8_4_4.blk_mem_gen_v8_4_4_softecc_outpu...
Compiling module blk_mem_gen_v8_4_4.blk_mem_gen_v8_4_4_mem_module(C_...
Compiling module blk_mem_gen_v8_4_4.blk_mem_gen_v8_4_4(C_FAMILY="art...
Compiling module xil_defaultlib.ram_4096x16
Compiling module xil_defaultlib.wave_freq
Compiling module xil_defaultlib.dds
Compiling module xil_defaultlib.top
Compiling module xil_defaultlib.top_tb
Compiling module xil_defaultlib.glbl
Built simulation snapshot top_tb_behav
run_program: Time (s): cpu = 00:00:02 ; elapsed = 00:00:52 . Memory (MB): peak = 1447.160 ; gain = 0.000
INFO: [USF-XSim-69] 'elaborate' step finished in '52' seconds
INFO: [USF-XSim-4] XSim::Simulate design
INFO: [USF-XSim-61] Executing 'SIMULATE' step in 'C:/Users/sb/Desktop/git/jnu2023h/jnu2023h.sim/sim_1/behav/xsim'
INFO: [USF-XSim-98] *** Running xsim
   with args "top_tb_behav -key {Behavioral:sim_1:Functional:top_tb} -tclbatch {top_tb.tcl} -log {simulate.log}"
INFO: [USF-XSim-8] Loading simulator feature
Vivado Simulator 2020.2
Time resolution is 1 ps
source top_tb.tcl
# set curr_wave [current_wave_config]
# if { [string length $curr_wave] == 0 } {
#   if { [llength [get_objects]] > 0} {
#     add_wave /
#     set_property needs_save false [current_wave_config]
#   } else {
#      send_msg_id Add_Wave-1 WARNING "No top level signals found. Simulator will start without a wave window. If you want to open a wave window go to 'File->New Waveform Configuration' or type 'create_wave_config' in the TCL console."
#   }
# }
# run 1000ns
 Block Memory Generator module loading initial data...
 Block Memory Generator data initialization complete.
Block Memory Generator module top_tb.u_rom_1000x8b1.inst.\native_mem_module.blk_mem_gen_v8_4_4_inst  is using a behavioral model for simulation which will not precisely model memory collision behavior.
 Block Memory Generator module loading initial data...
 Block Memory Generator data initialization complete.
Block Memory Generator module top_tb.u_rom_1000x8b2.inst.\native_mem_module.blk_mem_gen_v8_4_4_inst  is using a behavioral model for simulation which will not precisely model memory collision behavior.
Block Memory Generator module top_tb.u_top.u_ram_4096x16.inst.\native_mem_module.blk_mem_gen_v8_4_4_inst  is using a behavioral model for simulation which will not precisely model memory collision behavior.
 Block Memory Generator module loading initial data...
 Block Memory Generator data initialization complete.
Block Memory Generator module top_tb.u_top.u_dds.u_rom_1000x8b1.inst.\native_mem_module.blk_mem_gen_v8_4_4_inst  is using a behavioral model for simulation which will not precisely model memory collision behavior.
 Block Memory Generator module loading initial data...
 Block Memory Generator data initialization complete.
Block Memory Generator module top_tb.u_top.u_dds.u_rom_1000x8b2.inst.\native_mem_module.blk_mem_gen_v8_4_4_inst  is using a behavioral model for simulation which will not precisely model memory collision behavior.
INFO: [USF-XSim-96] XSim completed. Design snapshot 'top_tb_behav' loaded.
INFO: [USF-XSim-97] XSim simulation ran for 1000ns
launch_simulation: Time (s): cpu = 00:00:06 ; elapsed = 00:00:59 . Memory (MB): peak = 1447.160 ; gain = 0.000
close_sim
INFO: [Simtcl 6-16] Simulation closed
launch_simulation
Command: launch_simulation 
INFO: [Vivado 12-5698] Checking validity of IPs in the design for the 'XSim' simulator...
INFO: [Vivado 12-5682] Launching behavioral simulation in 'C:/Users/sb/Desktop/git/jnu2023h/jnu2023h.sim/sim_1/behav/xsim'
INFO: [Vivado 12-4795] Using compiled simulation libraries for IPs
INFO: [SIM-utils-51] Simulation object is 'sim_1'
INFO: [USF-XSim-7] Finding pre-compiled libraries...
INFO: [USF-XSim-11] File 'E:/Xilinx/Vivado/2020.2/data/xsim/xsim.ini' copied to run dir:'C:/Users/sb/Desktop/git/jnu2023h/jnu2023h.sim/sim_1/behav/xsim'
INFO: [SIM-utils-54] Inspecting design source files for 'top_tb' in fileset 'sim_1'...
INFO: [SIM-utils-43] Exported 'C:/Users/sb/Desktop/git/jnu2023h/jnu2023h.sim/sim_1/behav/xsim/rom_1000x8b.mif'
INFO: [SIM-utils-43] Exported 'C:/Users/sb/Desktop/git/jnu2023h/jnu2023h.sim/sim_1/behav/xsim/rom_1000x8.coe'
INFO: [USF-XSim-97] Finding global include files...
INFO: [USF-XSim-98] Fetching design files from 'sim_1'...
INFO: [USF-XSim-2] XSim::Compile design
INFO: [USF-XSim-61] Executing 'COMPILE and ANALYZE' step in 'C:/Users/sb/Desktop/git/jnu2023h/jnu2023h.sim/sim_1/behav/xsim'
"xvlog --incr --relax -prj top_tb_vlog.prj"
INFO: [VRFC 10-2263] Analyzing Verilog file "C:/Users/sb/Desktop/git/jnu2023h/jnu2023h.gen/sources_1/ip/rom_1000x8b/sim/rom_1000x8b.v" into library xil_defaultlib
INFO: [VRFC 10-311] analyzing module rom_1000x8b
INFO: [VRFC 10-2263] Analyzing Verilog file "C:/Users/sb/Desktop/git/jnu2023h/jnu2023h.gen/sources_1/ip/ram_4096x16/sim/ram_4096x16.v" into library xil_defaultlib
INFO: [VRFC 10-311] analyzing module ram_4096x16
INFO: [VRFC 10-2263] Analyzing Verilog file "C:/Users/sb/Desktop/git/jnu2023h/jnu2023h.gen/sources_1/ip/clk_wiz_0/clk_wiz_0_clk_wiz.v" into library xil_defaultlib
INFO: [VRFC 10-311] analyzing module clk_wiz_0_clk_wiz
INFO: [VRFC 10-2263] Analyzing Verilog file "C:/Users/sb/Desktop/git/jnu2023h/jnu2023h.gen/sources_1/ip/clk_wiz_0/clk_wiz_0.v" into library xil_defaultlib
INFO: [VRFC 10-311] analyzing module clk_wiz_0
INFO: [VRFC 10-2263] Analyzing Verilog file "C:/Users/sb/Desktop/git/jnu2023h/code/da_wave_send.v" into library xil_defaultlib
INFO: [VRFC 10-311] analyzing module da_wave_send
INFO: [VRFC 10-2263] Analyzing Verilog file "C:/Users/sb/Desktop/git/jnu2023h/code/data_modulus.v" into library xil_defaultlib
INFO: [VRFC 10-311] analyzing module data_modulus
INFO: [VRFC 10-2263] Analyzing Verilog file "C:/Users/sb/Desktop/git/jnu2023h/code/dds.v" into library xil_defaultlib
INFO: [VRFC 10-311] analyzing module dds
WARNING: [VRFC 10-986] literal value truncated to fit in 20 bits [C:/Users/sb/Desktop/git/jnu2023h/code/dds.v:42]
INFO: [VRFC 10-2263] Analyzing Verilog file "C:/Users/sb/Desktop/git/jnu2023h/code/ftt_clk.v" into library xil_defaultlib
INFO: [VRFC 10-311] analyzing module fft_clk
INFO: [VRFC 10-2263] Analyzing Verilog file "C:/Users/sb/Desktop/git/jnu2023h/code/ram_wr_ctrl.v" into library xil_defaultlib
INFO: [VRFC 10-311] analyzing module ram_wr_ctrl
INFO: [VRFC 10-2263] Analyzing Verilog file "C:/Users/sb/Desktop/git/jnu2023h/code/top.v" into library xil_defaultlib
INFO: [VRFC 10-311] analyzing module top
INFO: [VRFC 10-2458] undeclared symbol data_valid, assumed default net type wire [C:/Users/sb/Desktop/git/jnu2023h/code/top.v:159]
INFO: [VRFC 10-2263] Analyzing Verilog file "C:/Users/sb/Desktop/git/jnu2023h/code/wave_freq.v" into library xil_defaultlib
INFO: [VRFC 10-311] analyzing module wave_freq
INFO: [VRFC 10-2263] Analyzing Verilog file "C:/Users/sb/Desktop/git/jnu2023h/code/sim/top_tb.v" into library xil_defaultlib
INFO: [VRFC 10-311] analyzing module top_tb
"xvhdl --incr --relax -prj top_tb_vhdl.prj"
INFO: [USF-XSim-69] 'compile' step finished in '3' seconds
INFO: [USF-XSim-3] XSim::Elaborate design
INFO: [USF-XSim-61] Executing 'ELABORATE' step in 'C:/Users/sb/Desktop/git/jnu2023h/jnu2023h.sim/sim_1/behav/xsim'
"xelab -wto 733bc6238e3a4b91923eb927ee1788cd --incr --debug typical --relax --mt 2 -L xil_defaultlib -L blk_mem_gen_v8_4_4 -L xbip_utils_v3_0_10 -L c_reg_fd_v12_0_6 -L xbip_dsp48_wrapper_v3_0_4 -L xbip_pipe_v3_0_6 -L xbip_dsp48_addsub_v3_0_6 -L xbip_addsub_v3_0_6 -L c_addsub_v12_0_14 -L xbip_bram18k_v3_0_6 -L mult_gen_v12_0_16 -L axi_utils_v2_0_6 -L cordic_v6_0_16 -L c_mux_bit_v12_0_6 -L c_shift_ram_v12_0_14 -L cmpy_v6_0_19 -L floating_point_v7_0_18 -L xfft_v9_1_5 -L unisims_ver -L unimacro_ver -L secureip -L xpm --snapshot top_tb_behav xil_defaultlib.top_tb xil_defaultlib.glbl -log elaborate.log"
Vivado Simulator 2020.2
Copyright 1986-1999, 2001-2020 Xilinx, Inc. All Rights Reserved.
Running: E:/Xilinx/Vivado/2020.2/bin/unwrapped/win64.o/xelab.exe -wto 733bc6238e3a4b91923eb927ee1788cd --incr --debug typical --relax --mt 2 -L xil_defaultlib -L blk_mem_gen_v8_4_4 -L xbip_utils_v3_0_10 -L c_reg_fd_v12_0_6 -L xbip_dsp48_wrapper_v3_0_4 -L xbip_pipe_v3_0_6 -L xbip_dsp48_addsub_v3_0_6 -L xbip_addsub_v3_0_6 -L c_addsub_v12_0_14 -L xbip_bram18k_v3_0_6 -L mult_gen_v12_0_16 -L axi_utils_v2_0_6 -L cordic_v6_0_16 -L c_mux_bit_v12_0_6 -L c_shift_ram_v12_0_14 -L cmpy_v6_0_19 -L floating_point_v7_0_18 -L xfft_v9_1_5 -L unisims_ver -L unimacro_ver -L secureip -L xpm --snapshot top_tb_behav xil_defaultlib.top_tb xil_defaultlib.glbl -log elaborate.log 
Using 2 slave threads.
Starting static elaboration
Pass Through NonSizing Optimizer
WARNING: [VRFC 10-8389] size mismatch in mixed language port association, VHDL port 'm_axis_data_tdata' [C:/Users/sb/Desktop/git/jnu2023h/code/top.v:108]
WARNING: [VRFC 10-8389] size mismatch in mixed language port association, VHDL port 's_axis_cartesian_tdata' [C:/Users/sb/Desktop/git/jnu2023h/code/data_modulus.v:95]
WARNING: [VRFC 10-3091] actual bit length 8 differs from formal bit length 10 for port 'ad_data_1' [C:/Users/sb/Desktop/git/jnu2023h/code/sim/top_tb.v:111]
WARNING: [VRFC 10-3091] actual bit length 8 differs from formal bit length 10 for port 'ad_data_2' [C:/Users/sb/Desktop/git/jnu2023h/code/sim/top_tb.v:116]
WARNING: [VRFC 10-3091] actual bit length 8 differs from formal bit length 12 for port 'waveA_freq' [C:/Users/sb/Desktop/git/jnu2023h/code/top.v:202]
WARNING: [VRFC 10-3091] actual bit length 8 differs from formal bit length 12 for port 'waveB_freq' [C:/Users/sb/Desktop/git/jnu2023h/code/top.v:204]
WARNING: [VRFC 10-3091] actual bit length 8 differs from formal bit length 6 for port 'freq_select' [C:/Users/sb/Desktop/git/jnu2023h/code/dds.v:89]
WARNING: [VRFC 10-3091] actual bit length 8 differs from formal bit length 6 for port 'freq_select' [C:/Users/sb/Desktop/git/jnu2023h/code/dds.v:102]
WARNING: [VRFC 10-5021] port 'reset' is not connected on this instance [C:/Users/sb/Desktop/git/jnu2023h/code/top.v:70]
Completed static elaboration
Starting simulation data flow analysis
Completed simulation data flow analysis
Time Resolution for simulation is 1ps
Compiling package std.standard
Compiling package std.textio
Compiling package ieee.std_logic_1164
Compiling package ieee.numeric_std
Compiling package xbip_utils_v3_0_10.xbip_utils_v3_0_10_pkg
Compiling package xfft_v9_1_5.xfft_v9_1_5_viv_comp
Compiling package ieee.std_logic_arith
Compiling package ieee.std_logic_unsigned
Compiling package ieee.math_real
Compiling package axi_utils_v2_0_6.axi_utils_v2_0_6_pkg
Compiling package mult_gen_v12_0_16.mult_gen_v12_0_16_pkg
Compiling package ieee.std_logic_signed
Compiling package cmpy_v6_0_19.cmpy_v6_0_19_pkg
Compiling package floating_point_v7_0_18.floating_point_v7_0_18_consts
Compiling package floating_point_v7_0_18.floating_point_v7_0_18_exp_table...
Compiling package floating_point_v7_0_18.floating_point_v7_0_18_pkg
Compiling package xfft_v9_1_5.pkg
Compiling package xfft_v9_1_5.xfft_v9_1_5_axi_pkg
Compiling package axi_utils_v2_0_6.global_util_pkg
Compiling package axi_utils_v2_0_6.axi_utils_comps
Compiling package unisim.vcomponents
Compiling package xbip_pipe_v3_0_6.xbip_pipe_v3_0_6_viv_comp
Compiling package xbip_addsub_v3_0_6.xbip_addsub_v3_0_6_viv_comp
Compiling package c_addsub_v12_0_14.c_addsub_v12_0_14_pkg
Compiling package c_addsub_v12_0_14.c_addsub_v12_0_14_pkg_legacy
Compiling package c_reg_fd_v12_0_6.c_reg_fd_v12_0_6_viv_comp
Compiling package ieee.vital_timing
Compiling package ieee.vital_primitives
Compiling package unisim.vpkg
Compiling package c_shift_ram_v12_0_14.c_shift_ram_v12_0_14_pkg
Compiling package c_mux_bit_v12_0_6.c_mux_bit_v12_0_6_viv_comp
Compiling package xfft_v9_1_5.quarter_sin_tw_table
Compiling package xfft_v9_1_5.quarter2_sin_tw_table
Compiling package mult_gen_v12_0_16.dsp_pkg
Compiling package xpm.vcomponents
Compiling package ieee.std_logic_textio
Compiling package cordic_v6_0_16.cordic_v6_0_16_viv_comp
Compiling package cordic_v6_0_16.cordic_pack
Compiling package cordic_v6_0_16.cordic_hdl_comps
Compiling package c_addsub_v12_0_14.c_addsub_v12_0_14_viv_comp
Compiling module blk_mem_gen_v8_4_4.blk_mem_gen_v8_4_4_output_stage(...
Compiling module blk_mem_gen_v8_4_4.blk_mem_gen_v8_4_4_softecc_outpu...
Compiling module blk_mem_gen_v8_4_4.blk_mem_gen_v8_4_4_mem_module(C_...
Compiling module blk_mem_gen_v8_4_4.blk_mem_gen_v8_4_4(C_FAMILY="art...
Compiling module xil_defaultlib.rom_1000x8b
Compiling module xil_defaultlib.da_wave_send
Compiling module unisims_ver.IBUF
Compiling module unisims_ver.MMCME2_ADV(CLKFBOUT_MULT_F=16.0,...
Compiling module unisims_ver.BUFG
Compiling module xil_defaultlib.clk_wiz_0_clk_wiz
Compiling module xil_defaultlib.clk_wiz_0
Compiling module xil_defaultlib.fft_clk
Compiling architecture xilinx of entity axi_utils_v2_0_6.glb_srl_fifo [\glb_srl_fifo(width=5,has_uvprot...]
Compiling architecture xilinx of entity axi_utils_v2_0_6.glb_ifx_master [\glb_ifx_master(width=5,afull_th...]
Compiling architecture synth of entity xfft_v9_1_5.axi_wrapper_output_fifo [\axi_wrapper_output_fifo(c_fifo_...]
Compiling architecture xilinx of entity axi_utils_v2_0_6.glb_srl_fifo [\glb_srl_fifo(width=1,has_uvprot...]
Compiling architecture xilinx of entity axi_utils_v2_0_6.glb_ifx_slave [\glb_ifx_slave(width=1,has_uvpro...]
Compiling architecture synth of entity xfft_v9_1_5.axi_wrapper_input_fifo [\axi_wrapper_input_fifo(c_fifo_w...]
Compiling architecture xilinx of entity axi_utils_v2_0_6.glb_srl_fifo [\glb_srl_fifo(width=33,has_uvpro...]
Compiling architecture xilinx of entity axi_utils_v2_0_6.glb_ifx_slave [\glb_ifx_slave(width=33,has_uvpr...]
Compiling architecture synth of entity xfft_v9_1_5.axi_wrapper_input_fifo [\axi_wrapper_input_fifo(c_fifo_w...]
Compiling architecture xilinx of entity axi_utils_v2_0_6.glb_srl_fifo [\glb_srl_fifo(width=38,has_uvpro...]
Compiling architecture xilinx of entity axi_utils_v2_0_6.glb_ifx_master [\glb_ifx_master(width=38,afull_t...]
Compiling architecture synth of entity xfft_v9_1_5.axi_wrapper_output_fifo [\axi_wrapper_output_fifo(c_fifo_...]
Compiling architecture synth of entity xfft_v9_1_5.axi_wrapper [\axi_wrapper(c_nfft_max=7,c_arch...]
Compiling architecture xilinx of entity xfft_v9_1_5.equ_rtl [\equ_rtl(c_xdevicefamily="artix7...]
Compiling architecture xilinx of entity xfft_v9_1_5.r22_cnt_ctrl [\r22_cnt_ctrl(c_xdevicefamily="a...]
Compiling architecture xilinx of entity xfft_v9_1_5.r22_cnt_ctrl [\r22_cnt_ctrl(c_xdevicefamily="a...]
Compiling architecture struct of entity c_shift_ram_v12_0_14.c_shift_ram_v12_0_14_legacy [\c_shift_ram_v12_0_14_legacy(c_x...]
Compiling architecture synth of entity c_shift_ram_v12_0_14.c_shift_ram_v12_0_14_viv [\c_shift_ram_v12_0_14_viv(c_xdev...]
Compiling architecture xilinx of entity xfft_v9_1_5.shift_ram [\shift_ram(c_xdevicefamily="arti...]
Compiling architecture struct of entity c_shift_ram_v12_0_14.c_shift_ram_v12_0_14_legacy [\c_shift_ram_v12_0_14_legacy(c_x...]
Compiling architecture synth of entity c_shift_ram_v12_0_14.c_shift_ram_v12_0_14_viv [\c_shift_ram_v12_0_14_viv(c_xdev...]
Compiling architecture xilinx of entity xfft_v9_1_5.shift_ram [\shift_ram(c_xdevicefamily="arti...]
Compiling architecture fd_v of entity unisim.FD [fd_default]
Compiling architecture struct of entity c_shift_ram_v12_0_14.c_shift_ram_v12_0_14_legacy [\c_shift_ram_v12_0_14_legacy(c_x...]
Compiling architecture synth of entity c_shift_ram_v12_0_14.c_shift_ram_v12_0_14_viv [\c_shift_ram_v12_0_14_viv(c_xdev...]
Compiling architecture xilinx of entity xfft_v9_1_5.shift_ram [\shift_ram(c_xdevicefamily="arti...]
Compiling architecture struct of entity c_shift_ram_v12_0_14.c_shift_ram_v12_0_14_legacy [\c_shift_ram_v12_0_14_legacy(c_x...]
Compiling architecture synth of entity c_shift_ram_v12_0_14.c_shift_ram_v12_0_14_viv [\c_shift_ram_v12_0_14_viv(c_xdev...]
Compiling architecture xilinx of entity xfft_v9_1_5.shift_ram [\shift_ram(c_xdevicefamily="arti...]
Compiling architecture xilinx of entity xfft_v9_1_5.shift_ram [\shift_ram(c_xdevicefamily="arti...]
Compiling architecture xilinx of entity xfft_v9_1_5.shift_ram [\shift_ram(c_xdevicefamily="arti...]
Compiling architecture xilinx of entity xfft_v9_1_5.shift_ram [\shift_ram(c_xdevicefamily="arti...]
Compiling architecture lut3_v of entity unisim.LUT3 [\LUT3(init="11001010")(0,7)\]
Compiling architecture xilinx of entity xfft_v9_1_5.mux_bus2 [\mux_bus2(c_xdevicefamily="artix...]
Compiling architecture xilinx of entity xfft_v9_1_5.r22_delay_mux [\r22_delay_mux(c_xdevicefamily="...]
Compiling architecture xilinx of entity xfft_v9_1_5.r22_delay_mux [\r22_delay_mux(c_xdevicefamily="...]
Compiling architecture xilinx of entity xfft_v9_1_5.shift_ram [\shift_ram(c_xdevicefamily="arti...]
Compiling architecture xilinx of entity xfft_v9_1_5.shift_ram [\shift_ram(c_xdevicefamily="arti...]
Compiling architecture struct of entity c_shift_ram_v12_0_14.c_shift_ram_v12_0_14_legacy [\c_shift_ram_v12_0_14_legacy(c_x...]
Compiling architecture synth of entity c_shift_ram_v12_0_14.c_shift_ram_v12_0_14_viv [\c_shift_ram_v12_0_14_viv(c_xdev...]
Compiling architecture synth of entity xfft_v9_1_5.r22_srl_memory [\r22_srl_memory(c_xdevicefamily=...]
Compiling architecture xilinx of entity xfft_v9_1_5.r22_memory [\r22_memory(c_xdevicefamily="art...]
Compiling architecture structural of entity c_reg_fd_v12_0_6.c_reg_fd_v12_0_6_viv [\c_reg_fd_v12_0_6_viv(c_width=18...]
Compiling architecture rtl of entity c_addsub_v12_0_14.c_addsub_v12_0_14_lut6_legacy [\c_addsub_v12_0_14_lut6_legacy(c...]
Compiling architecture synth of entity c_addsub_v12_0_14.c_addsub_v12_0_14_fabric_legacy [\c_addsub_v12_0_14_fabric_legacy...]
Compiling architecture synth of entity c_addsub_v12_0_14.c_addsub_v12_0_14_legacy [\c_addsub_v12_0_14_legacy(c_fami...]
Compiling architecture synth of entity c_addsub_v12_0_14.c_addsub_v12_0_14_viv [\c_addsub_v12_0_14_viv(c_xdevice...]
Compiling architecture xilinx of entity xfft_v9_1_5.adder_bypass [\adder_bypass(c_xdevicefamily="a...]
Compiling architecture structural of entity c_reg_fd_v12_0_6.c_reg_fd_v12_0_6_viv [\c_reg_fd_v12_0_6_viv(c_width=18...]
Compiling architecture rtl of entity c_addsub_v12_0_14.c_addsub_v12_0_14_lut6_legacy [\c_addsub_v12_0_14_lut6_legacy(c...]
Compiling architecture synth of entity c_addsub_v12_0_14.c_addsub_v12_0_14_fabric_legacy [\c_addsub_v12_0_14_fabric_legacy...]
Compiling architecture synth of entity c_addsub_v12_0_14.c_addsub_v12_0_14_legacy [\c_addsub_v12_0_14_legacy(c_fami...]
Compiling architecture synth of entity c_addsub_v12_0_14.c_addsub_v12_0_14_viv [\c_addsub_v12_0_14_viv(c_xdevice...]
Compiling architecture xilinx of entity xfft_v9_1_5.sub_byp [\sub_byp(c_xdevicefamily="artix7...]
Compiling architecture xilinx of entity xfft_v9_1_5.r22_bfly_byp [\r22_bfly_byp(c_xdevicefamily="a...]
Compiling architecture xilinx of entity xfft_v9_1_5.r22_bf [\r22_bf(c_xdevicefamily="artix7"...]
Compiling architecture xilinx of entity xfft_v9_1_5.shift_ram [\shift_ram(c_xdevicefamily="arti...]
Compiling architecture fde_v of entity unisim.FDE [fde_default]
Compiling architecture synth of entity xfft_v9_1_5.r22_twos_comp_mux [\r22_twos_comp_mux(c_xdevicefami...]
Compiling architecture synth of entity xfft_v9_1_5.r22_twos_comp_mux [\r22_twos_comp_mux(c_xdevicefami...]
Compiling architecture xilinx of entity xfft_v9_1_5.shift_ram [\shift_ram(c_xdevicefamily="arti...]
Compiling architecture xilinx of entity xfft_v9_1_5.shift_ram [\shift_ram(c_xdevicefamily="arti...]
Compiling architecture xilinx of entity xfft_v9_1_5.shift_ram [\shift_ram(c_xdevicefamily="arti...]
Compiling architecture xilinx of entity xfft_v9_1_5.mux_bus2 [\mux_bus2(c_xdevicefamily="artix...]
Compiling architecture xilinx of entity xfft_v9_1_5.r22_delay_mux [\r22_delay_mux(c_xdevicefamily="...]
Compiling architecture xilinx of entity xfft_v9_1_5.r22_delay_mux [\r22_delay_mux(c_xdevicefamily="...]
Compiling architecture xilinx of entity xfft_v9_1_5.shift_ram [\shift_ram(c_xdevicefamily="arti...]
Compiling architecture xilinx of entity xfft_v9_1_5.shift_ram [\shift_ram(c_xdevicefamily="arti...]
Compiling architecture struct of entity c_shift_ram_v12_0_14.c_shift_ram_v12_0_14_legacy [\c_shift_ram_v12_0_14_legacy(c_x...]
Compiling architecture synth of entity c_shift_ram_v12_0_14.c_shift_ram_v12_0_14_viv [\c_shift_ram_v12_0_14_viv(c_xdev...]
Compiling architecture synth of entity xfft_v9_1_5.r22_srl_memory [\r22_srl_memory(c_xdevicefamily=...]
Compiling architecture xilinx of entity xfft_v9_1_5.r22_memory [\r22_memory(c_xdevicefamily="art...]
Compiling architecture structural of entity c_reg_fd_v12_0_6.c_reg_fd_v12_0_6_viv [\c_reg_fd_v12_0_6_viv(c_width=19...]
Compiling architecture rtl of entity c_addsub_v12_0_14.c_addsub_v12_0_14_lut6_legacy [\c_addsub_v12_0_14_lut6_legacy(c...]
Compiling architecture synth of entity c_addsub_v12_0_14.c_addsub_v12_0_14_fabric_legacy [\c_addsub_v12_0_14_fabric_legacy...]
Compiling architecture synth of entity c_addsub_v12_0_14.c_addsub_v12_0_14_legacy [\c_addsub_v12_0_14_legacy(c_fami...]
Compiling architecture synth of entity c_addsub_v12_0_14.c_addsub_v12_0_14_viv [\c_addsub_v12_0_14_viv(c_xdevice...]
Compiling architecture xilinx of entity xfft_v9_1_5.adder_bypass [\adder_bypass(c_xdevicefamily="a...]
Compiling architecture structural of entity c_reg_fd_v12_0_6.c_reg_fd_v12_0_6_viv [\c_reg_fd_v12_0_6_viv(c_width=19...]
Compiling architecture rtl of entity c_addsub_v12_0_14.c_addsub_v12_0_14_lut6_legacy [\c_addsub_v12_0_14_lut6_legacy(c...]
Compiling architecture synth of entity c_addsub_v12_0_14.c_addsub_v12_0_14_fabric_legacy [\c_addsub_v12_0_14_fabric_legacy...]
Compiling architecture synth of entity c_addsub_v12_0_14.c_addsub_v12_0_14_legacy [\c_addsub_v12_0_14_legacy(c_fami...]
Compiling architecture synth of entity c_addsub_v12_0_14.c_addsub_v12_0_14_viv [\c_addsub_v12_0_14_viv(c_xdevice...]
Compiling architecture xilinx of entity xfft_v9_1_5.sub_byp [\sub_byp(c_xdevicefamily="artix7...]
Compiling architecture xilinx of entity xfft_v9_1_5.r22_bfly_byp [\r22_bfly_byp(c_xdevicefamily="a...]
Compiling architecture xilinx of entity xfft_v9_1_5.r22_bf [\r22_bf(c_xdevicefamily="artix7"...]
Compiling architecture structural of entity c_reg_fd_v12_0_6.c_reg_fd_v12_0_6_viv [\c_reg_fd_v12_0_6_viv(c_width=7,...]
Compiling architecture rtl of entity c_addsub_v12_0_14.c_addsub_v12_0_14_lut6_legacy [\c_addsub_v12_0_14_lut6_legacy(c...]
Compiling architecture synth of entity c_addsub_v12_0_14.c_addsub_v12_0_14_fabric_legacy [\c_addsub_v12_0_14_fabric_legacy...]
Compiling architecture synth of entity c_addsub_v12_0_14.c_addsub_v12_0_14_legacy [\c_addsub_v12_0_14_legacy(c_fami...]
Compiling architecture synth of entity c_addsub_v12_0_14.c_addsub_v12_0_14_viv [\c_addsub_v12_0_14_viv(c_xdevice...]
Compiling architecture xilinx of entity xfft_v9_1_5.adder [\adder(c_xdevicefamily="artix7",...]
Compiling architecture lut6_v of entity unisim.LUT6 [\LUT6(init="11111111000000001111...]
Compiling architecture xilinx of entity xfft_v9_1_5.mux_bus4 [\mux_bus4(c_xdevicefamily="artix...]
Compiling architecture struct of entity c_shift_ram_v12_0_14.c_shift_ram_v12_0_14_legacy [\c_shift_ram_v12_0_14_legacy(c_x...]
Compiling architecture synth of entity c_shift_ram_v12_0_14.c_shift_ram_v12_0_14_viv [\c_shift_ram_v12_0_14_viv(c_xdev...]
Compiling architecture xilinx of entity xfft_v9_1_5.shift_ram [\shift_ram(c_xdevicefamily="arti...]
Compiling architecture xilinx of entity xfft_v9_1_5.twgen_distmem [\twgen_distmem(theta_width=6,pip...]
Compiling architecture xilinx of entity xfft_v9_1_5.twiddle_gen [\twiddle_gen(c_xdevicefamily="ar...]
Compiling architecture xilinx of entity xfft_v9_1_5.r22_tw_gen [\r22_tw_gen(c_xdevicefamily="art...]
Compiling architecture xilinx of entity cmpy_v6_0_19.delay_line [\delay_line(c_xdevicefamily="art...]
Compiling architecture xilinx of entity cmpy_v6_0_19.delay_line [\delay_line(c_xdevicefamily="art...]
Compiling architecture xilinx of entity mult_gen_v12_0_16.delay_line [\delay_line(c_xdevicefamily="art...]
Compiling architecture xilinx of entity mult_gen_v12_0_16.delay_line [\delay_line(c_xdevicefamily="art...]
Compiling architecture dsp48e1_v of entity unisim.DSP48E1 [\DSP48E1(acascreg=2,alumodereg=0...]
Compiling architecture xilinx of entity mult_gen_v12_0_16.delay_line [\delay_line(c_xdevicefamily="art...]
Compiling architecture xilinx of entity mult_gen_v12_0_16.op_resize [\op_resize(ai_width=18,bi_width=...]
Compiling architecture xilinx of entity mult_gen_v12_0_16.dsp [\dsp(c_xdevicefamily="artix7",c_...]
Compiling architecture xilinx of entity cmpy_v6_0_19.cmpy_3_dsp48_mult [\cmpy_3_dsp48_mult(c_xdevicefami...]
Compiling architecture xilinx of entity mult_gen_v12_0_16.delay_line [\delay_line(c_xdevicefamily="art...]
Compiling architecture xilinx of entity mult_gen_v12_0_16.delay_line [\delay_line(c_xdevicefamily="art...]
Compiling architecture dsp48e1_v of entity unisim.DSP48E1 [\DSP48E1(alumodereg=0,bcascreg=2...]
Compiling architecture xilinx of entity mult_gen_v12_0_16.op_resize [\op_resize(ai_width=19,bi_width=...]
Compiling architecture xilinx of entity mult_gen_v12_0_16.dsp [\dsp(c_xdevicefamily="artix7",c_...]
Compiling architecture xilinx of entity cmpy_v6_0_19.cmpy_3_dsp48_mult [\cmpy_3_dsp48_mult(c_xdevicefami...]
Compiling architecture xilinx of entity mult_gen_v12_0_16.dsp [\dsp(c_xdevicefamily="artix7",c_...]
Compiling architecture xilinx of entity cmpy_v6_0_19.cmpy_3_dsp48_mult [\cmpy_3_dsp48_mult(c_xdevicefami...]
Compiling architecture xilinx of entity cmpy_v6_0_19.input_negation [\input_negation(c_xdevicefamily=...]
Compiling architecture xilinx of entity cmpy_v6_0_19.delay_line [\delay_line(c_xdevicefamily="art...]
Compiling architecture xilinx of entity cmpy_v6_0_19.delay_line [\delay_line(c_xdevicefamily="art...]
Compiling architecture xilinx of entity cmpy_v6_0_19.cmpy_3_dsp48 [\cmpy_3_dsp48(c_xdevicefamily="a...]
Compiling architecture xilinx of entity cmpy_v6_0_19.cmpy_v6_0_19_synth [\cmpy_v6_0_19_synth(c_xdevicefam...]
Compiling architecture xilinx of entity xfft_v9_1_5.cmpy [\cmpy(c_xdevicefamily="artix7",a...]
Compiling architecture xilinx of entity xfft_v9_1_5.logic_gate [\logic_gate(c_xdevicefamily="art...]
Compiling architecture xilinx of entity xfft_v9_1_5.shift_ram [\shift_ram(c_xdevicefamily="arti...]
Compiling architecture lut6_v of entity unisim.LUT6 [\LUT6(init="10000000000000000000...]
Compiling architecture xilinx of entity xfft_v9_1_5.logic_gate [\logic_gate(c_xdevicefamily="art...]
Compiling architecture rtl of entity c_addsub_v12_0_14.c_addsub_v12_0_14_lut6_legacy [\c_addsub_v12_0_14_lut6_legacy(c...]
Compiling architecture synth of entity c_addsub_v12_0_14.c_addsub_v12_0_14_fabric_legacy [\c_addsub_v12_0_14_fabric_legacy...]
Compiling architecture synth of entity c_addsub_v12_0_14.c_addsub_v12_0_14_legacy [\c_addsub_v12_0_14_legacy(c_fami...]
Compiling architecture synth of entity c_addsub_v12_0_14.c_addsub_v12_0_14_viv [\c_addsub_v12_0_14_viv(c_xdevice...]
Compiling architecture xilinx of entity xfft_v9_1_5.unbiased_round [\unbiased_round(c_xdevicefamily=...]
Compiling architecture xilinx of entity xfft_v9_1_5.shift_ram [\shift_ram(c_xdevicefamily="arti...]
Compiling architecture xilinx of entity xfft_v9_1_5.shift_ram [\shift_ram(c_xdevicefamily="arti...]
Compiling architecture xilinx of entity xfft_v9_1_5.r22_pe [\r22_pe(c_xdevicefamily="artix7"...]
Compiling architecture synth of entity xfft_v9_1_5.srl_fifo [\srl_fifo(c_width=1)\]
Compiling architecture xilinx of entity xfft_v9_1_5.r22_cnt_ctrl [\r22_cnt_ctrl(c_xdevicefamily="a...]
Compiling architecture xilinx of entity xfft_v9_1_5.r22_cnt_ctrl [\r22_cnt_ctrl(c_xdevicefamily="a...]
Compiling architecture struct of entity c_shift_ram_v12_0_14.c_shift_ram_v12_0_14_legacy [\c_shift_ram_v12_0_14_legacy(c_x...]
Compiling architecture synth of entity c_shift_ram_v12_0_14.c_shift_ram_v12_0_14_viv [\c_shift_ram_v12_0_14_viv(c_xdev...]
Compiling architecture xilinx of entity xfft_v9_1_5.shift_ram [\shift_ram(c_xdevicefamily="arti...]
Compiling architecture struct of entity c_shift_ram_v12_0_14.c_shift_ram_v12_0_14_legacy [\c_shift_ram_v12_0_14_legacy(c_x...]
Compiling architecture synth of entity c_shift_ram_v12_0_14.c_shift_ram_v12_0_14_viv [\c_shift_ram_v12_0_14_viv(c_xdev...]
Compiling architecture xilinx of entity xfft_v9_1_5.shift_ram [\shift_ram(c_xdevicefamily="arti...]
Compiling architecture struct of entity c_shift_ram_v12_0_14.c_shift_ram_v12_0_14_legacy [\c_shift_ram_v12_0_14_legacy(c_x...]
Compiling architecture synth of entity c_shift_ram_v12_0_14.c_shift_ram_v12_0_14_viv [\c_shift_ram_v12_0_14_viv(c_xdev...]
Compiling architecture xilinx of entity xfft_v9_1_5.shift_ram [\shift_ram(c_xdevicefamily="arti...]
Compiling architecture structural of entity c_reg_fd_v12_0_6.c_reg_fd_v12_0_6_viv [\c_reg_fd_v12_0_6_viv(c_width=20...]
Compiling architecture rtl of entity c_addsub_v12_0_14.c_addsub_v12_0_14_lut6_legacy [\c_addsub_v12_0_14_lut6_legacy(c...]
Compiling architecture synth of entity c_addsub_v12_0_14.c_addsub_v12_0_14_fabric_legacy [\c_addsub_v12_0_14_fabric_legacy...]
Compiling architecture synth of entity c_addsub_v12_0_14.c_addsub_v12_0_14_legacy [\c_addsub_v12_0_14_legacy(c_fami...]
Compiling architecture synth of entity c_addsub_v12_0_14.c_addsub_v12_0_14_viv [\c_addsub_v12_0_14_viv(c_xdevice...]
Compiling architecture xilinx of entity xfft_v9_1_5.adder [\adder(c_xdevicefamily="artix7",...]
Compiling architecture struct of entity c_shift_ram_v12_0_14.c_shift_ram_v12_0_14_legacy [\c_shift_ram_v12_0_14_legacy(c_x...]
Compiling architecture synth of entity c_shift_ram_v12_0_14.c_shift_ram_v12_0_14_viv [\c_shift_ram_v12_0_14_viv(c_xdev...]
Compiling architecture xilinx of entity xfft_v9_1_5.shift_ram [\shift_ram(c_xdevicefamily="arti...]
Compiling architecture xilinx of entity xfft_v9_1_5.shift_ram [\shift_ram(c_xdevicefamily="arti...]
Compiling architecture xilinx of entity xfft_v9_1_5.mux_bus2 [\mux_bus2(c_xdevicefamily="artix...]
Compiling architecture xilinx of entity xfft_v9_1_5.shift_ram [\shift_ram(c_xdevicefamily="arti...]
Compiling architecture xilinx of entity xfft_v9_1_5.mux_bus2 [\mux_bus2(c_xdevicefamily="artix...]
Compiling architecture xilinx of entity xfft_v9_1_5.r22_bf_sp [\r22_bf_sp(c_xdevicefamily="arti...]
Compiling architecture synth of entity xfft_v9_1_5.r22_twos_comp_mux [\r22_twos_comp_mux(c_xdevicefami...]
Compiling architecture synth of entity xfft_v9_1_5.r22_twos_comp_mux [\r22_twos_comp_mux(c_xdevicefami...]
Compiling architecture structural of entity c_reg_fd_v12_0_6.c_reg_fd_v12_0_6_viv [\c_reg_fd_v12_0_6_viv(c_width=21...]
Compiling architecture rtl of entity c_addsub_v12_0_14.c_addsub_v12_0_14_lut6_legacy [\c_addsub_v12_0_14_lut6_legacy(c...]
Compiling architecture synth of entity c_addsub_v12_0_14.c_addsub_v12_0_14_fabric_legacy [\c_addsub_v12_0_14_fabric_legacy...]
Compiling architecture synth of entity c_addsub_v12_0_14.c_addsub_v12_0_14_legacy [\c_addsub_v12_0_14_legacy(c_fami...]
Compiling architecture synth of entity c_addsub_v12_0_14.c_addsub_v12_0_14_viv [\c_addsub_v12_0_14_viv(c_xdevice...]
Compiling architecture xilinx of entity xfft_v9_1_5.adder [\adder(c_xdevicefamily="artix7",...]
Compiling architecture xilinx of entity xfft_v9_1_5.shift_ram [\shift_ram(c_xdevicefamily="arti...]
Compiling architecture struct of entity c_shift_ram_v12_0_14.c_shift_ram_v12_0_14_legacy [\c_shift_ram_v12_0_14_legacy(c_x...]
Compiling architecture synth of entity c_shift_ram_v12_0_14.c_shift_ram_v12_0_14_viv [\c_shift_ram_v12_0_14_viv(c_xdev...]
Compiling architecture xilinx of entity xfft_v9_1_5.shift_ram [\shift_ram(c_xdevicefamily="arti...]
Compiling architecture xilinx of entity xfft_v9_1_5.shift_ram [\shift_ram(c_xdevicefamily="arti...]
Compiling architecture xilinx of entity xfft_v9_1_5.mux_bus2 [\mux_bus2(c_xdevicefamily="artix...]
Compiling architecture xilinx of entity xfft_v9_1_5.r22_bf_sp [\r22_bf_sp(c_xdevicefamily="arti...]
Compiling architecture struct of entity c_shift_ram_v12_0_14.c_shift_ram_v12_0_14_legacy [\c_shift_ram_v12_0_14_legacy(c_x...]
Compiling architecture synth of entity c_shift_ram_v12_0_14.c_shift_ram_v12_0_14_viv [\c_shift_ram_v12_0_14_viv(c_xdev...]
Compiling architecture xilinx of entity xfft_v9_1_5.shift_ram [\shift_ram(c_xdevicefamily="arti...]
Compiling architecture struct of entity c_shift_ram_v12_0_14.c_shift_ram_v12_0_14_legacy [\c_shift_ram_v12_0_14_legacy(c_x...]
Compiling architecture synth of entity c_shift_ram_v12_0_14.c_shift_ram_v12_0_14_viv [\c_shift_ram_v12_0_14_viv(c_xdev...]
Compiling architecture xilinx of entity xfft_v9_1_5.shift_ram [\shift_ram(c_xdevicefamily="arti...]
Compiling architecture structural of entity c_reg_fd_v12_0_6.c_reg_fd_v12_0_6_viv [\c_reg_fd_v12_0_6_viv(c_width=5,...]
Compiling architecture rtl of entity c_addsub_v12_0_14.c_addsub_v12_0_14_lut6_legacy [\c_addsub_v12_0_14_lut6_legacy(c...]
Compiling architecture synth of entity c_addsub_v12_0_14.c_addsub_v12_0_14_fabric_legacy [\c_addsub_v12_0_14_fabric_legacy...]
Compiling architecture synth of entity c_addsub_v12_0_14.c_addsub_v12_0_14_legacy [\c_addsub_v12_0_14_legacy(c_fami...]
Compiling architecture synth of entity c_addsub_v12_0_14.c_addsub_v12_0_14_viv [\c_addsub_v12_0_14_viv(c_xdevice...]
Compiling architecture xilinx of entity xfft_v9_1_5.adder [\adder(c_xdevicefamily="artix7",...]
Compiling architecture xilinx of entity xfft_v9_1_5.mux_bus4 [\mux_bus4(c_xdevicefamily="artix...]
Compiling architecture xilinx of entity xfft_v9_1_5.twgen_distmem [\twgen_distmem(theta_width=4,pip...]
Compiling architecture xilinx of entity xfft_v9_1_5.twiddle_gen [\twiddle_gen(c_xdevicefamily="ar...]
Compiling architecture xilinx of entity xfft_v9_1_5.r22_tw_gen [\r22_tw_gen(c_xdevicefamily="art...]
Compiling architecture xilinx of entity cmpy_v6_0_19.delay_line [\delay_line(c_xdevicefamily="art...]
Compiling architecture xilinx of entity cmpy_v6_0_19.delay_line [\delay_line(c_xdevicefamily="art...]
Compiling architecture xilinx of entity mult_gen_v12_0_16.op_resize [\op_resize(ai_width=22,bi_width=...]
Compiling architecture xilinx of entity mult_gen_v12_0_16.dsp [\dsp(c_xdevicefamily="artix7",c_...]
Compiling architecture xilinx of entity cmpy_v6_0_19.cmpy_3_dsp48_mult [\cmpy_3_dsp48_mult(c_xdevicefami...]
Compiling architecture xilinx of entity cmpy_v6_0_19.delay_line [\delay_line(c_xdevicefamily="art...]
Compiling architecture dsp48e1_v of entity unisim.DSP48E1 [\DSP48E1(acascreg=2,alumodereg=0...]
Compiling architecture xilinx of entity mult_gen_v12_0_16.op_resize [\op_resize(ai_width=21,bi_width=...]
Compiling architecture xilinx of entity mult_gen_v12_0_16.dsp [\dsp(c_xdevicefamily="artix7",c_...]
Compiling architecture xilinx of entity cmpy_v6_0_19.cmpy_3_dsp48_mult [\cmpy_3_dsp48_mult(c_xdevicefami...]
Compiling architecture xilinx of entity mult_gen_v12_0_16.dsp [\dsp(c_xdevicefamily="artix7",c_...]
Compiling architecture xilinx of entity cmpy_v6_0_19.cmpy_3_dsp48_mult [\cmpy_3_dsp48_mult(c_xdevicefami...]
Compiling architecture xilinx of entity cmpy_v6_0_19.input_negation [\input_negation(c_xdevicefamily=...]
Compiling architecture xilinx of entity cmpy_v6_0_19.delay_line [\delay_line(c_xdevicefamily="art...]
Compiling architecture xilinx of entity cmpy_v6_0_19.cmpy_3_dsp48 [\cmpy_3_dsp48(c_xdevicefamily="a...]
Compiling architecture xilinx of entity cmpy_v6_0_19.cmpy_v6_0_19_synth [\cmpy_v6_0_19_synth(c_xdevicefam...]
Compiling architecture xilinx of entity xfft_v9_1_5.cmpy [\cmpy(c_xdevicefamily="artix7",a...]
Compiling architecture xilinx of entity xfft_v9_1_5.shift_ram [\shift_ram(c_xdevicefamily="arti...]
Compiling architecture xilinx of entity xfft_v9_1_5.logic_gate [\logic_gate(c_xdevicefamily="art...]
Compiling architecture rtl of entity c_addsub_v12_0_14.c_addsub_v12_0_14_lut6_legacy [\c_addsub_v12_0_14_lut6_legacy(c...]
Compiling architecture synth of entity c_addsub_v12_0_14.c_addsub_v12_0_14_fabric_legacy [\c_addsub_v12_0_14_fabric_legacy...]
Compiling architecture synth of entity c_addsub_v12_0_14.c_addsub_v12_0_14_legacy [\c_addsub_v12_0_14_legacy(c_fami...]
Compiling architecture synth of entity c_addsub_v12_0_14.c_addsub_v12_0_14_viv [\c_addsub_v12_0_14_viv(c_xdevice...]
Compiling architecture xilinx of entity xfft_v9_1_5.unbiased_round [\unbiased_round(c_xdevicefamily=...]
Compiling architecture struct of entity c_shift_ram_v12_0_14.c_shift_ram_v12_0_14_legacy [\c_shift_ram_v12_0_14_legacy(c_x...]
Compiling architecture synth of entity c_shift_ram_v12_0_14.c_shift_ram_v12_0_14_viv [\c_shift_ram_v12_0_14_viv(c_xdev...]
Compiling architecture xilinx of entity xfft_v9_1_5.shift_ram [\shift_ram(c_xdevicefamily="arti...]
Compiling architecture xilinx of entity xfft_v9_1_5.shift_ram [\shift_ram(c_xdevicefamily="arti...]
Compiling architecture xilinx of entity xfft_v9_1_5.r22_pe [\r22_pe(c_xdevicefamily="artix7"...]
Compiling architecture xilinx of entity xfft_v9_1_5.r22_cnt_ctrl [\r22_cnt_ctrl(c_xdevicefamily="a...]
Compiling architecture xilinx of entity xfft_v9_1_5.r22_cnt_ctrl [\r22_cnt_ctrl(c_xdevicefamily="a...]
Compiling architecture struct of entity c_shift_ram_v12_0_14.c_shift_ram_v12_0_14_legacy [\c_shift_ram_v12_0_14_legacy(c_x...]
Compiling architecture synth of entity c_shift_ram_v12_0_14.c_shift_ram_v12_0_14_viv [\c_shift_ram_v12_0_14_viv(c_xdev...]
Compiling architecture xilinx of entity xfft_v9_1_5.shift_ram [\shift_ram(c_xdevicefamily="arti...]
Compiling architecture struct of entity c_shift_ram_v12_0_14.c_shift_ram_v12_0_14_legacy [\c_shift_ram_v12_0_14_legacy(c_x...]
Compiling architecture synth of entity c_shift_ram_v12_0_14.c_shift_ram_v12_0_14_viv [\c_shift_ram_v12_0_14_viv(c_xdev...]
Compiling architecture xilinx of entity xfft_v9_1_5.shift_ram [\shift_ram(c_xdevicefamily="arti...]
Compiling architecture struct of entity c_shift_ram_v12_0_14.c_shift_ram_v12_0_14_legacy [\c_shift_ram_v12_0_14_legacy(c_x...]
Compiling architecture synth of entity c_shift_ram_v12_0_14.c_shift_ram_v12_0_14_viv [\c_shift_ram_v12_0_14_viv(c_xdev...]
Compiling architecture xilinx of entity xfft_v9_1_5.shift_ram [\shift_ram(c_xdevicefamily="arti...]
Compiling architecture struct of entity c_shift_ram_v12_0_14.c_shift_ram_v12_0_14_legacy [\c_shift_ram_v12_0_14_legacy(c_x...]
Compiling architecture synth of entity c_shift_ram_v12_0_14.c_shift_ram_v12_0_14_viv [\c_shift_ram_v12_0_14_viv(c_xdev...]
Compiling architecture xilinx of entity xfft_v9_1_5.shift_ram [\shift_ram(c_xdevicefamily="arti...]
Compiling architecture structural of entity c_reg_fd_v12_0_6.c_reg_fd_v12_0_6_viv [\c_reg_fd_v12_0_6_viv(c_width=22...]
Compiling architecture rtl of entity c_addsub_v12_0_14.c_addsub_v12_0_14_lut6_legacy [\c_addsub_v12_0_14_lut6_legacy(c...]
Compiling architecture synth of entity c_addsub_v12_0_14.c_addsub_v12_0_14_fabric_legacy [\c_addsub_v12_0_14_fabric_legacy...]
Compiling architecture synth of entity c_addsub_v12_0_14.c_addsub_v12_0_14_legacy [\c_addsub_v12_0_14_legacy(c_fami...]
Compiling architecture synth of entity c_addsub_v12_0_14.c_addsub_v12_0_14_viv [\c_addsub_v12_0_14_viv(c_xdevice...]
Compiling architecture xilinx of entity xfft_v9_1_5.adder [\adder(c_xdevicefamily="artix7",...]
Compiling architecture xilinx of entity xfft_v9_1_5.shift_ram [\shift_ram(c_xdevicefamily="arti...]
Compiling architecture xilinx of entity xfft_v9_1_5.shift_ram [\shift_ram(c_xdevicefamily="arti...]
Compiling architecture xilinx of entity xfft_v9_1_5.mux_bus2 [\mux_bus2(c_xdevicefamily="artix...]
Compiling architecture xilinx of entity xfft_v9_1_5.r22_bf_sp [\r22_bf_sp(c_xdevicefamily="arti...]
Compiling architecture synth of entity xfft_v9_1_5.r22_twos_comp_mux [\r22_twos_comp_mux(c_xdevicefami...]
Compiling architecture synth of entity xfft_v9_1_5.r22_twos_comp_mux [\r22_twos_comp_mux(c_xdevicefami...]
Compiling architecture structural of entity c_reg_fd_v12_0_6.c_reg_fd_v12_0_6_viv [\c_reg_fd_v12_0_6_viv(c_width=23...]
Compiling architecture rtl of entity c_addsub_v12_0_14.c_addsub_v12_0_14_lut6_legacy [\c_addsub_v12_0_14_lut6_legacy(c...]
Compiling architecture synth of entity c_addsub_v12_0_14.c_addsub_v12_0_14_fabric_legacy [\c_addsub_v12_0_14_fabric_legacy...]
Compiling architecture synth of entity c_addsub_v12_0_14.c_addsub_v12_0_14_legacy [\c_addsub_v12_0_14_legacy(c_fami...]
Compiling architecture synth of entity c_addsub_v12_0_14.c_addsub_v12_0_14_viv [\c_addsub_v12_0_14_viv(c_xdevice...]
Compiling architecture xilinx of entity xfft_v9_1_5.adder [\adder(c_xdevicefamily="artix7",...]
Compiling architecture xilinx of entity xfft_v9_1_5.shift_ram [\shift_ram(c_xdevicefamily="arti...]
Compiling architecture xilinx of entity xfft_v9_1_5.mux_bus2 [\mux_bus2(c_xdevicefamily="artix...]
Compiling architecture xilinx of entity xfft_v9_1_5.r22_bf_sp [\r22_bf_sp(c_xdevicefamily="arti...]
Compiling architecture xilinx of entity xfft_v9_1_5.shift_ram [\shift_ram(c_xdevicefamily="arti...]
Compiling architecture struct of entity c_shift_ram_v12_0_14.c_shift_ram_v12_0_14_legacy [\c_shift_ram_v12_0_14_legacy(c_x...]
Compiling architecture synth of entity c_shift_ram_v12_0_14.c_shift_ram_v12_0_14_viv [\c_shift_ram_v12_0_14_viv(c_xdev...]
Compiling architecture xilinx of entity xfft_v9_1_5.shift_ram [\shift_ram(c_xdevicefamily="arti...]
Compiling architecture structural of entity c_reg_fd_v12_0_6.c_reg_fd_v12_0_6_viv [\c_reg_fd_v12_0_6_viv(c_width=3,...]
Compiling architecture rtl of entity c_addsub_v12_0_14.c_addsub_v12_0_14_lut6_legacy [\c_addsub_v12_0_14_lut6_legacy(c...]
Compiling architecture synth of entity c_addsub_v12_0_14.c_addsub_v12_0_14_fabric_legacy [\c_addsub_v12_0_14_fabric_legacy...]
Compiling architecture synth of entity c_addsub_v12_0_14.c_addsub_v12_0_14_legacy [\c_addsub_v12_0_14_legacy(c_fami...]
Compiling architecture synth of entity c_addsub_v12_0_14.c_addsub_v12_0_14_viv [\c_addsub_v12_0_14_viv(c_xdevice...]
Compiling architecture xilinx of entity xfft_v9_1_5.adder [\adder(c_xdevicefamily="artix7",...]
Compiling architecture xilinx of entity xfft_v9_1_5.mux_bus4 [\mux_bus4(c_xdevicefamily="artix...]
Compiling architecture xilinx of entity xfft_v9_1_5.twgen_distmem [\twgen_distmem(theta_width=2,pip...]
Compiling architecture xilinx of entity xfft_v9_1_5.twiddle_gen [\twiddle_gen(c_xdevicefamily="ar...]
Compiling architecture xilinx of entity xfft_v9_1_5.r22_tw_gen [\r22_tw_gen(c_xdevicefamily="art...]
Compiling architecture xilinx of entity cmpy_v6_0_19.delay_line [\delay_line(c_xdevicefamily="art...]
Compiling architecture xilinx of entity mult_gen_v12_0_16.op_resize [\op_resize(ai_width=24,bi_width=...]
Compiling architecture xilinx of entity mult_gen_v12_0_16.dsp [\dsp(c_xdevicefamily="artix7",c_...]
Compiling architecture xilinx of entity cmpy_v6_0_19.cmpy_3_dsp48_mult [\cmpy_3_dsp48_mult(c_xdevicefami...]
Compiling architecture xilinx of entity cmpy_v6_0_19.delay_line [\delay_line(c_xdevicefamily="art...]
Compiling architecture xilinx of entity mult_gen_v12_0_16.op_resize [\op_resize(ai_width=23,bi_width=...]
Compiling architecture xilinx of entity mult_gen_v12_0_16.dsp [\dsp(c_xdevicefamily="artix7",c_...]
Compiling architecture xilinx of entity cmpy_v6_0_19.cmpy_3_dsp48_mult [\cmpy_3_dsp48_mult(c_xdevicefami...]
Compiling architecture xilinx of entity mult_gen_v12_0_16.dsp [\dsp(c_xdevicefamily="artix7",c_...]
Compiling architecture xilinx of entity cmpy_v6_0_19.cmpy_3_dsp48_mult [\cmpy_3_dsp48_mult(c_xdevicefami...]
Compiling architecture xilinx of entity cmpy_v6_0_19.input_negation [\input_negation(c_xdevicefamily=...]
Compiling architecture xilinx of entity cmpy_v6_0_19.delay_line [\delay_line(c_xdevicefamily="art...]
Compiling architecture xilinx of entity cmpy_v6_0_19.cmpy_3_dsp48 [\cmpy_3_dsp48(c_xdevicefamily="a...]
Compiling architecture xilinx of entity cmpy_v6_0_19.cmpy_v6_0_19_synth [\cmpy_v6_0_19_synth(c_xdevicefam...]
Compiling architecture xilinx of entity xfft_v9_1_5.cmpy [\cmpy(c_xdevicefamily="artix7",a...]
Compiling architecture xilinx of entity xfft_v9_1_5.shift_ram [\shift_ram(c_xdevicefamily="arti...]
Compiling architecture xilinx of entity xfft_v9_1_5.logic_gate [\logic_gate(c_xdevicefamily="art...]
Compiling architecture rtl of entity c_addsub_v12_0_14.c_addsub_v12_0_14_lut6_legacy [\c_addsub_v12_0_14_lut6_legacy(c...]
Compiling architecture synth of entity c_addsub_v12_0_14.c_addsub_v12_0_14_fabric_legacy [\c_addsub_v12_0_14_fabric_legacy...]
Compiling architecture synth of entity c_addsub_v12_0_14.c_addsub_v12_0_14_legacy [\c_addsub_v12_0_14_legacy(c_fami...]
Compiling architecture synth of entity c_addsub_v12_0_14.c_addsub_v12_0_14_viv [\c_addsub_v12_0_14_viv(c_xdevice...]
Compiling architecture xilinx of entity xfft_v9_1_5.unbiased_round [\unbiased_round(c_xdevicefamily=...]
Compiling architecture xilinx of entity xfft_v9_1_5.shift_ram [\shift_ram(c_xdevicefamily="arti...]
Compiling architecture xilinx of entity xfft_v9_1_5.shift_ram [\shift_ram(c_xdevicefamily="arti...]
Compiling architecture xilinx of entity xfft_v9_1_5.r22_pe [\r22_pe(c_xdevicefamily="artix7"...]
Compiling architecture structural of entity c_reg_fd_v12_0_6.c_reg_fd_v12_0_6_viv [\c_reg_fd_v12_0_6_viv(c_width=24...]
Compiling architecture rtl of entity c_addsub_v12_0_14.c_addsub_v12_0_14_lut6_legacy [\c_addsub_v12_0_14_lut6_legacy(c...]
Compiling architecture synth of entity c_addsub_v12_0_14.c_addsub_v12_0_14_fabric_legacy [\c_addsub_v12_0_14_fabric_legacy...]
Compiling architecture synth of entity c_addsub_v12_0_14.c_addsub_v12_0_14_legacy [\c_addsub_v12_0_14_legacy(c_fami...]
Compiling architecture synth of entity c_addsub_v12_0_14.c_addsub_v12_0_14_viv [\c_addsub_v12_0_14_viv(c_xdevice...]
Compiling architecture xilinx of entity xfft_v9_1_5.adder [\adder(c_xdevicefamily="artix7",...]
Compiling architecture xilinx of entity xfft_v9_1_5.shift_ram [\shift_ram(c_xdevicefamily="arti...]
Compiling architecture xilinx of entity xfft_v9_1_5.shift_ram [\shift_ram(c_xdevicefamily="arti...]
Compiling architecture xilinx of entity xfft_v9_1_5.mux_bus2 [\mux_bus2(c_xdevicefamily="artix...]
Compiling architecture xilinx of entity xfft_v9_1_5.r22_bf_sp [\r22_bf_sp(c_xdevicefamily="arti...]
Compiling architecture xilinx of entity xfft_v9_1_5.shift_ram [\shift_ram(c_xdevicefamily="arti...]
Compiling architecture xilinx of entity xfft_v9_1_5.shift_ram [\shift_ram(c_xdevicefamily="arti...]
Compiling architecture xilinx of entity xfft_v9_1_5.shift_ram [\shift_ram(c_xdevicefamily="arti...]
Compiling architecture xilinx of entity xfft_v9_1_5.r22_pe [\r22_pe(c_xdevicefamily="artix7"...]
Compiling architecture xilinx of entity xfft_v9_1_5.shift_ram [\shift_ram(c_xdevicefamily="arti...]
Compiling architecture xilinx of entity xfft_v9_1_5.shift_ram [\shift_ram(c_xdevicefamily="arti...]
Compiling architecture xilinx of entity xfft_v9_1_5.shift_ram [\shift_ram(c_xdevicefamily="arti...]
Compiling architecture xilinx of entity xfft_v9_1_5.shift_ram [\shift_ram(c_xdevicefamily="arti...]
Compiling architecture xilinx of entity xfft_v9_1_5.shift_ram [\shift_ram(c_xdevicefamily="arti...]
Compiling architecture synth of entity xfft_v9_1_5.r22_shift_decode [\r22_shift_decode(c_nfft_max=7,c...]
Compiling architecture muxf7_v of entity unisim.MUXF7 [muxf7_default]
Compiling architecture muxf8_v of entity unisim.MUXF8 [muxf8_default]
Compiling architecture xilinx of entity xfft_v9_1_5.mux_bus16 [\mux_bus16(c_xdevicefamily="arti...]
Compiling architecture xilinx of entity xfft_v9_1_5.r22_right_shift [\r22_right_shift(c_xdevicefamily...]
Compiling architecture xilinx of entity xfft_v9_1_5.shift_ram [\shift_ram(c_xdevicefamily="arti...]
Compiling architecture xilinx of entity xfft_v9_1_5.r22_var_unbiased_round [\r22_var_unbiased_round(c_xdevic...]
Compiling architecture xilinx of entity xfft_v9_1_5.shift_ram [\shift_ram(c_xdevicefamily="arti...]
Compiling architecture xilinx of entity xfft_v9_1_5.shift_ram [\shift_ram(c_xdevicefamily="arti...]
Compiling architecture xilinx of entity xfft_v9_1_5.shift_ram [\shift_ram(c_xdevicefamily="arti...]
Compiling architecture rb18_internal_vhdl_v of entity unisim.RB18_INTERNAL_VHDL [\RB18_INTERNAL_VHDL(bram_size=18...]
Compiling architecture ramb18e1_v of entity unisim.RAMB18E1 [\RAMB18E1(doa_reg=1,dob_reg=1,ra...]
Compiling architecture xilinx of entity xfft_v9_1_5.dpm [\dpm(c_xdevicefamily="artix7",wm...]
Compiling architecture xilinx of entity xfft_v9_1_5.r22_memory [\r22_memory(c_xdevicefamily="art...]
Compiling architecture xilinx of entity xfft_v9_1_5.shift_ram [\shift_ram(c_xdevicefamily="arti...]
Compiling architecture xilinx of entity xfft_v9_1_5.shift_ram [\shift_ram(c_xdevicefamily="arti...]
Compiling architecture xilinx of entity xfft_v9_1_5.shift_ram [\shift_ram(c_xdevicefamily="arti...]
Compiling architecture xilinx of entity xfft_v9_1_5.shift_ram [\shift_ram(c_xdevicefamily="arti...]
Compiling architecture xilinx of entity xfft_v9_1_5.r22_busy [\r22_busy(c_xdevicefamily="artix...]
Compiling architecture fdre_v of entity unisim.FDRE [fdre_default]
Compiling architecture muxcy_v of entity unisim.MUXCY [muxcy_default]
Compiling architecture xorcy_v of entity unisim.XORCY [xorcy_default]
Compiling architecture rtl of entity c_addsub_v12_0_14.c_addsub_v12_0_14_lut6_legacy [\c_addsub_v12_0_14_lut6_legacy(c...]
Compiling architecture synth of entity c_addsub_v12_0_14.c_addsub_v12_0_14_fabric_legacy [\c_addsub_v12_0_14_fabric_legacy...]
Compiling architecture synth of entity c_addsub_v12_0_14.c_addsub_v12_0_14_legacy [\c_addsub_v12_0_14_legacy(c_fami...]
Compiling architecture synth of entity c_addsub_v12_0_14.c_addsub_v12_0_14_viv [\c_addsub_v12_0_14_viv(c_xdevice...]
Compiling architecture xilinx of entity xfft_v9_1_5.logic_gate [\logic_gate(c_xdevicefamily="art...]
Compiling architecture fdse_v of entity unisim.FDSE [fdse_default]
Compiling architecture xilinx of entity xfft_v9_1_5.cnt_sat [\cnt_sat(c_xdevicefamily="artix7...]
Compiling architecture rtl of entity c_addsub_v12_0_14.c_addsub_v12_0_14_lut6_legacy [\c_addsub_v12_0_14_lut6_legacy(c...]
Compiling architecture synth of entity c_addsub_v12_0_14.c_addsub_v12_0_14_fabric_legacy [\c_addsub_v12_0_14_fabric_legacy...]
Compiling architecture synth of entity c_addsub_v12_0_14.c_addsub_v12_0_14_legacy [\c_addsub_v12_0_14_legacy(c_fami...]
Compiling architecture synth of entity c_addsub_v12_0_14.c_addsub_v12_0_14_viv [\c_addsub_v12_0_14_viv(c_xdevice...]
Compiling architecture xilinx of entity xfft_v9_1_5.logic_gate [\logic_gate(c_xdevicefamily="art...]
Compiling architecture xilinx of entity xfft_v9_1_5.cnt_sat [\cnt_sat(c_xdevicefamily="artix7...]
Compiling architecture rtl of entity c_addsub_v12_0_14.c_addsub_v12_0_14_lut6_legacy [\c_addsub_v12_0_14_lut6_legacy(c...]
Compiling architecture synth of entity c_addsub_v12_0_14.c_addsub_v12_0_14_fabric_legacy [\c_addsub_v12_0_14_fabric_legacy...]
Compiling architecture synth of entity c_addsub_v12_0_14.c_addsub_v12_0_14_legacy [\c_addsub_v12_0_14_legacy(c_fami...]
Compiling architecture synth of entity c_addsub_v12_0_14.c_addsub_v12_0_14_viv [\c_addsub_v12_0_14_viv(c_xdevice...]
Compiling architecture xilinx of entity xfft_v9_1_5.logic_gate [\logic_gate(c_xdevicefamily="art...]
Compiling architecture xilinx of entity xfft_v9_1_5.cnt_sat [\cnt_sat(c_xdevicefamily="artix7...]
Compiling architecture xilinx of entity xfft_v9_1_5.logic_gate [\logic_gate(c_xdevicefamily="art...]
Compiling architecture xilinx of entity xfft_v9_1_5.cnt_sat [\cnt_sat(c_xdevicefamily="artix7...]
Compiling architecture rtl of entity c_addsub_v12_0_14.c_addsub_v12_0_14_lut6_legacy [\c_addsub_v12_0_14_lut6_legacy(c...]
Compiling architecture synth of entity c_addsub_v12_0_14.c_addsub_v12_0_14_fabric_legacy [\c_addsub_v12_0_14_fabric_legacy...]
Compiling architecture synth of entity c_addsub_v12_0_14.c_addsub_v12_0_14_legacy [\c_addsub_v12_0_14_legacy(c_fami...]
Compiling architecture synth of entity c_addsub_v12_0_14.c_addsub_v12_0_14_viv [\c_addsub_v12_0_14_viv(c_xdevice...]
Compiling architecture xilinx of entity xfft_v9_1_5.logic_gate [\logic_gate(c_xdevicefamily="art...]
Compiling architecture xilinx of entity xfft_v9_1_5.cnt_sat [\cnt_sat(c_xdevicefamily="artix7...]
Compiling architecture structural of entity c_reg_fd_v12_0_6.c_reg_fd_v12_0_6_viv [\c_reg_fd_v12_0_6_viv(c_width=7,...]
Compiling architecture rtl of entity c_addsub_v12_0_14.c_addsub_v12_0_14_lut6_legacy [\c_addsub_v12_0_14_lut6_legacy(c...]
Compiling architecture synth of entity c_addsub_v12_0_14.c_addsub_v12_0_14_fabric_legacy [\c_addsub_v12_0_14_fabric_legacy...]
Compiling architecture synth of entity c_addsub_v12_0_14.c_addsub_v12_0_14_legacy [\c_addsub_v12_0_14_legacy(c_fami...]
Compiling architecture synth of entity c_addsub_v12_0_14.c_addsub_v12_0_14_viv [\c_addsub_v12_0_14_viv(c_xdevice...]
Compiling architecture lut6_v of entity unisim.LUT6 [\LUT6(init="10010000000010010000...]
Compiling architecture xilinx of entity xfft_v9_1_5.equ_rtl [\equ_rtl(c_xdevicefamily="artix7...]
Compiling architecture xilinx of entity xfft_v9_1_5.cnt_tc_rtl_a [\cnt_tc_rtl_a(c_xdevicefamily="a...]
Compiling architecture struct of entity c_shift_ram_v12_0_14.c_shift_ram_v12_0_14_legacy [\c_shift_ram_v12_0_14_legacy(c_x...]
Compiling architecture synth of entity c_shift_ram_v12_0_14.c_shift_ram_v12_0_14_viv [\c_shift_ram_v12_0_14_viv(c_xdev...]
Compiling architecture xilinx of entity xfft_v9_1_5.shift_ram [\shift_ram(c_xdevicefamily="arti...]
Compiling architecture xilinx of entity xfft_v9_1_5.r22_flow_ctrl [\r22_flow_ctrl(c_xdevicefamily="...]
Compiling architecture lut3_v of entity unisim.LUT3 [\LUT3(init="10101110")(0,7)\]
Compiling architecture xilinx of entity xfft_v9_1_5.r22_cnt_ctrl [\r22_cnt_ctrl(c_xdevicefamily="a...]
Compiling architecture srl16e_v of entity unisim.SRL16E [\SRL16E(0,15)\]
Compiling architecture xilinx of entity xfft_v9_1_5.shift_ram [\shift_ram(c_xdevicefamily="arti...]
Compiling architecture fdr_v of entity unisim.FDR [fdr_default]
Compiling architecture xilinx of entity xfft_v9_1_5.shift_ram [\shift_ram(c_xdevicefamily="arti...]
Compiling architecture xilinx of entity xfft_v9_1_5.shift_ram [\shift_ram(c_xdevicefamily="arti...]
Compiling architecture xilinx of entity xfft_v9_1_5.xfft_v9_1_5_d [\xfft_v9_1_5_d(c_xdevicefamily="...]
Compiling architecture synth of entity xfft_v9_1_5.xfft_v9_1_5_core [\xfft_v9_1_5_core(c_xdevicefamil...]
Compiling architecture synth of entity xfft_v9_1_5.xfft_v9_1_5_viv [\xfft_v9_1_5_viv(c_xdevicefamily...]
Compiling architecture xilinx of entity xfft_v9_1_5.xfft_v9_1_5 [\xfft_v9_1_5(c_xdevicefamily="ar...]
Compiling architecture xfft_0_arch of entity xil_defaultlib.xfft_0 [xfft_0_default]
Compiling architecture synth of entity xbip_pipe_v3_0_6.xbip_pipe_v3_0_6_viv [\xbip_pipe_v3_0_6_viv(c_latency=...]
Compiling architecture struct_all of entity cordic_v6_0_16.delay [\delay(delay_len=0,family="artix...]
Compiling architecture rtl of entity c_addsub_v12_0_14.c_addsub_v12_0_14_lut6_legacy [\c_addsub_v12_0_14_lut6_legacy(c...]
Compiling architecture synth of entity c_addsub_v12_0_14.c_addsub_v12_0_14_fabric_legacy [\c_addsub_v12_0_14_fabric_legacy...]
Compiling architecture synth of entity c_addsub_v12_0_14.c_addsub_v12_0_14_legacy [\c_addsub_v12_0_14_legacy(c_fami...]
Compiling architecture synth of entity c_addsub_v12_0_14.c_addsub_v12_0_14_viv [\c_addsub_v12_0_14_viv(c_xdevice...]
Compiling architecture synth of entity cordic_v6_0_16.addsub [\addsub(family="artix7",add_mode...]
Compiling architecture struct_all of entity cordic_v6_0_16.delay [\delay(delay_len=0,family="artix...]
Compiling architecture struct_all of entity cordic_v6_0_16.delay [\delay(delay_len=4,family="artix...]
Compiling architecture synth of entity cordic_v6_0_16.cordic_sqrt_mod [\cordic_sqrt_mod(p_xdevicefamily...]
Compiling architecture struct_all of entity cordic_v6_0_16.delay [\delay(delay_len=1,family="artix...]
Compiling architecture rtl of entity c_addsub_v12_0_14.c_addsub_v12_0_14_lut6_legacy [\c_addsub_v12_0_14_lut6_legacy(c...]
Compiling architecture synth of entity c_addsub_v12_0_14.c_addsub_v12_0_14_fabric_legacy [\c_addsub_v12_0_14_fabric_legacy...]
Compiling architecture synth of entity c_addsub_v12_0_14.c_addsub_v12_0_14_legacy [\c_addsub_v12_0_14_legacy(c_fami...]
Compiling architecture synth of entity c_addsub_v12_0_14.c_addsub_v12_0_14_viv [\c_addsub_v12_0_14_viv(c_xdevice...]
Compiling architecture synth of entity cordic_v6_0_16.addsub [\addsub(family="artix7",add_mode...]
Compiling architecture struct_all of entity cordic_v6_0_16.delay [\delay(delay_len=1,family="artix...]
Compiling architecture synth of entity cordic_v6_0_16.cordic_sqrt_mod [\cordic_sqrt_mod(p_xdevicefamily...]
Compiling architecture struct_all of entity cordic_v6_0_16.delay [\delay(delay_len=1,family="artix...]
Compiling architecture rtl of entity c_addsub_v12_0_14.c_addsub_v12_0_14_lut6_legacy [\c_addsub_v12_0_14_lut6_legacy(c...]
Compiling architecture synth of entity c_addsub_v12_0_14.c_addsub_v12_0_14_fabric_legacy [\c_addsub_v12_0_14_fabric_legacy...]
Compiling architecture synth of entity c_addsub_v12_0_14.c_addsub_v12_0_14_legacy [\c_addsub_v12_0_14_legacy(c_fami...]
Compiling architecture synth of entity c_addsub_v12_0_14.c_addsub_v12_0_14_viv [\c_addsub_v12_0_14_viv(c_xdevice...]
Compiling architecture synth of entity cordic_v6_0_16.addsub [\addsub(family="artix7",add_mode...]
Compiling architecture struct_all of entity cordic_v6_0_16.delay [\delay(delay_len=1,family="artix...]
Compiling architecture struct_all of entity cordic_v6_0_16.delay [\delay(delay_len=3,family="artix...]
Compiling architecture synth of entity cordic_v6_0_16.cordic_sqrt_mod [\cordic_sqrt_mod(p_xdevicefamily...]
Compiling architecture struct_all of entity cordic_v6_0_16.delay [\delay(delay_len=0,family="artix...]
Compiling architecture rtl of entity c_addsub_v12_0_14.c_addsub_v12_0_14_lut6_legacy [\c_addsub_v12_0_14_lut6_legacy(c...]
Compiling architecture synth of entity c_addsub_v12_0_14.c_addsub_v12_0_14_fabric_legacy [\c_addsub_v12_0_14_fabric_legacy...]
Compiling architecture synth of entity c_addsub_v12_0_14.c_addsub_v12_0_14_legacy [\c_addsub_v12_0_14_legacy(c_fami...]
Compiling architecture synth of entity c_addsub_v12_0_14.c_addsub_v12_0_14_viv [\c_addsub_v12_0_14_viv(c_xdevice...]
Compiling architecture synth of entity cordic_v6_0_16.addsub [\addsub(family="artix7",add_mode...]
Compiling architecture struct_all of entity cordic_v6_0_16.delay [\delay(delay_len=0,family="artix...]
Compiling architecture struct_all of entity cordic_v6_0_16.delay [\delay(delay_len=5,family="artix...]
Compiling architecture synth of entity cordic_v6_0_16.cordic_sqrt_mod [\cordic_sqrt_mod(p_xdevicefamily...]
Compiling architecture struct_all of entity cordic_v6_0_16.delay [\delay(delay_len=0,family="artix...]
Compiling architecture rtl of entity c_addsub_v12_0_14.c_addsub_v12_0_14_lut6_legacy [\c_addsub_v12_0_14_lut6_legacy(c...]
Compiling architecture synth of entity c_addsub_v12_0_14.c_addsub_v12_0_14_fabric_legacy [\c_addsub_v12_0_14_fabric_legacy...]
Compiling architecture synth of entity c_addsub_v12_0_14.c_addsub_v12_0_14_legacy [\c_addsub_v12_0_14_legacy(c_fami...]
Compiling architecture synth of entity c_addsub_v12_0_14.c_addsub_v12_0_14_viv [\c_addsub_v12_0_14_viv(c_xdevice...]
Compiling architecture synth of entity cordic_v6_0_16.addsub [\addsub(family="artix7",add_mode...]
Compiling architecture struct_all of entity cordic_v6_0_16.delay [\delay(delay_len=0,family="artix...]
Compiling architecture synth of entity cordic_v6_0_16.cordic_sqrt_mod [\cordic_sqrt_mod(p_xdevicefamily...]
Compiling architecture struct_all of entity cordic_v6_0_16.delay [\delay(delay_len=1,family="artix...]
Compiling architecture rtl of entity c_addsub_v12_0_14.c_addsub_v12_0_14_lut6_legacy [\c_addsub_v12_0_14_lut6_legacy(c...]
Compiling architecture synth of entity c_addsub_v12_0_14.c_addsub_v12_0_14_fabric_legacy [\c_addsub_v12_0_14_fabric_legacy...]
Compiling architecture synth of entity c_addsub_v12_0_14.c_addsub_v12_0_14_legacy [\c_addsub_v12_0_14_legacy(c_fami...]
Compiling architecture synth of entity c_addsub_v12_0_14.c_addsub_v12_0_14_viv [\c_addsub_v12_0_14_viv(c_xdevice...]
Compiling architecture synth of entity cordic_v6_0_16.addsub [\addsub(family="artix7",add_mode...]
Compiling architecture struct_all of entity cordic_v6_0_16.delay [\delay(delay_len=1,family="artix...]
Compiling architecture synth of entity cordic_v6_0_16.cordic_sqrt_mod [\cordic_sqrt_mod(p_xdevicefamily...]
Compiling architecture struct_all of entity cordic_v6_0_16.delay [\delay(delay_len=1,family="artix...]
Compiling architecture rtl of entity c_addsub_v12_0_14.c_addsub_v12_0_14_lut6_legacy [\c_addsub_v12_0_14_lut6_legacy(c...]
Compiling architecture synth of entity c_addsub_v12_0_14.c_addsub_v12_0_14_fabric_legacy [\c_addsub_v12_0_14_fabric_legacy...]
Compiling architecture synth of entity c_addsub_v12_0_14.c_addsub_v12_0_14_legacy [\c_addsub_v12_0_14_legacy(c_fami...]
Compiling architecture synth of entity c_addsub_v12_0_14.c_addsub_v12_0_14_viv [\c_addsub_v12_0_14_viv(c_xdevice...]
Compiling architecture synth of entity cordic_v6_0_16.addsub [\addsub(family="artix7",add_mode...]
Compiling architecture struct_all of entity cordic_v6_0_16.delay [\delay(delay_len=1,family="artix...]
Compiling architecture struct_all of entity cordic_v6_0_16.delay [\delay(delay_len=2,family="artix...]
Compiling architecture synth of entity cordic_v6_0_16.cordic_sqrt_mod [\cordic_sqrt_mod(p_xdevicefamily...]
Compiling architecture struct_all of entity cordic_v6_0_16.delay [\delay(delay_len=0,family="artix...]
Compiling architecture rtl of entity c_addsub_v12_0_14.c_addsub_v12_0_14_lut6_legacy [\c_addsub_v12_0_14_lut6_legacy(c...]
Compiling architecture synth of entity c_addsub_v12_0_14.c_addsub_v12_0_14_fabric_legacy [\c_addsub_v12_0_14_fabric_legacy...]
Compiling architecture synth of entity c_addsub_v12_0_14.c_addsub_v12_0_14_legacy [\c_addsub_v12_0_14_legacy(c_fami...]
Compiling architecture synth of entity c_addsub_v12_0_14.c_addsub_v12_0_14_viv [\c_addsub_v12_0_14_viv(c_xdevice...]
Compiling architecture synth of entity cordic_v6_0_16.addsub [\addsub(family="artix7",add_mode...]
Compiling architecture struct_all of entity cordic_v6_0_16.delay [\delay(delay_len=0,family="artix...]
Compiling architecture struct_all of entity cordic_v6_0_16.delay [\delay(delay_len=6,family="artix...]
Compiling architecture synth of entity cordic_v6_0_16.cordic_sqrt_mod [\cordic_sqrt_mod(p_xdevicefamily...]
Compiling architecture struct_all of entity cordic_v6_0_16.delay [\delay(delay_len=0,family="artix...]
Compiling architecture rtl of entity c_addsub_v12_0_14.c_addsub_v12_0_14_lut6_legacy [\c_addsub_v12_0_14_lut6_legacy(c...]
Compiling architecture synth of entity c_addsub_v12_0_14.c_addsub_v12_0_14_fabric_legacy [\c_addsub_v12_0_14_fabric_legacy...]
Compiling architecture synth of entity c_addsub_v12_0_14.c_addsub_v12_0_14_legacy [\c_addsub_v12_0_14_legacy(c_fami...]
Compiling architecture synth of entity c_addsub_v12_0_14.c_addsub_v12_0_14_viv [\c_addsub_v12_0_14_viv(c_xdevice...]
Compiling architecture synth of entity cordic_v6_0_16.addsub [\addsub(family="artix7",add_mode...]
Compiling architecture struct_all of entity cordic_v6_0_16.delay [\delay(delay_len=0,family="artix...]
Compiling architecture synth of entity cordic_v6_0_16.cordic_sqrt_mod [\cordic_sqrt_mod(p_xdevicefamily...]
Compiling architecture struct_all of entity cordic_v6_0_16.delay [\delay(delay_len=1,family="artix...]
Compiling architecture rtl of entity c_addsub_v12_0_14.c_addsub_v12_0_14_lut6_legacy [\c_addsub_v12_0_14_lut6_legacy(c...]
Compiling architecture synth of entity c_addsub_v12_0_14.c_addsub_v12_0_14_fabric_legacy [\c_addsub_v12_0_14_fabric_legacy...]
Compiling architecture synth of entity c_addsub_v12_0_14.c_addsub_v12_0_14_legacy [\c_addsub_v12_0_14_legacy(c_fami...]
Compiling architecture synth of entity c_addsub_v12_0_14.c_addsub_v12_0_14_viv [\c_addsub_v12_0_14_viv(c_xdevice...]
Compiling architecture synth of entity cordic_v6_0_16.addsub [\addsub(family="artix7",add_mode...]
Compiling architecture struct_all of entity cordic_v6_0_16.delay [\delay(delay_len=1,family="artix...]
Compiling architecture synth of entity cordic_v6_0_16.cordic_sqrt_mod [\cordic_sqrt_mod(p_xdevicefamily...]
Compiling architecture struct_all of entity cordic_v6_0_16.delay [\delay(delay_len=1,family="artix...]
Compiling architecture rtl of entity c_addsub_v12_0_14.c_addsub_v12_0_14_lut6_legacy [\c_addsub_v12_0_14_lut6_legacy(c...]
Compiling architecture synth of entity c_addsub_v12_0_14.c_addsub_v12_0_14_fabric_legacy [\c_addsub_v12_0_14_fabric_legacy...]
Compiling architecture synth of entity c_addsub_v12_0_14.c_addsub_v12_0_14_legacy [\c_addsub_v12_0_14_legacy(c_fami...]
Compiling architecture synth of entity c_addsub_v12_0_14.c_addsub_v12_0_14_viv [\c_addsub_v12_0_14_viv(c_xdevice...]
Compiling architecture synth of entity cordic_v6_0_16.addsub [\addsub(family="artix7",add_mode...]
Compiling architecture struct_all of entity cordic_v6_0_16.delay [\delay(delay_len=1,family="artix...]
Compiling architecture struct_all of entity cordic_v6_0_16.delay [\delay(delay_len=1,family="artix...]
Compiling architecture synth of entity cordic_v6_0_16.cordic_sqrt_mod [\cordic_sqrt_mod(p_xdevicefamily...]
Compiling architecture struct_all of entity cordic_v6_0_16.delay [\delay(delay_len=0,family="artix...]
Compiling architecture rtl of entity c_addsub_v12_0_14.c_addsub_v12_0_14_lut6_legacy [\c_addsub_v12_0_14_lut6_legacy(c...]
Compiling architecture synth of entity c_addsub_v12_0_14.c_addsub_v12_0_14_fabric_legacy [\c_addsub_v12_0_14_fabric_legacy...]
Compiling architecture synth of entity c_addsub_v12_0_14.c_addsub_v12_0_14_legacy [\c_addsub_v12_0_14_legacy(c_fami...]
Compiling architecture synth of entity c_addsub_v12_0_14.c_addsub_v12_0_14_viv [\c_addsub_v12_0_14_viv(c_xdevice...]
Compiling architecture synth of entity cordic_v6_0_16.addsub [\addsub(family="artix7",add_mode...]
Compiling architecture struct_all of entity cordic_v6_0_16.delay [\delay(delay_len=0,family="artix...]
Compiling architecture struct_all of entity cordic_v6_0_16.delay [\delay(delay_len=7,family="artix...]
Compiling architecture synth of entity cordic_v6_0_16.cordic_sqrt_mod [\cordic_sqrt_mod(p_xdevicefamily...]
Compiling architecture struct_all of entity cordic_v6_0_16.delay [\delay(delay_len=0,family="artix...]
Compiling architecture rtl of entity c_addsub_v12_0_14.c_addsub_v12_0_14_lut6_legacy [\c_addsub_v12_0_14_lut6_legacy(c...]
Compiling architecture synth of entity c_addsub_v12_0_14.c_addsub_v12_0_14_fabric_legacy [\c_addsub_v12_0_14_fabric_legacy...]
Compiling architecture synth of entity c_addsub_v12_0_14.c_addsub_v12_0_14_legacy [\c_addsub_v12_0_14_legacy(c_fami...]
Compiling architecture synth of entity c_addsub_v12_0_14.c_addsub_v12_0_14_viv [\c_addsub_v12_0_14_viv(c_xdevice...]
Compiling architecture synth of entity cordic_v6_0_16.addsub [\addsub(family="artix7",add_mode...]
Compiling architecture struct_all of entity cordic_v6_0_16.delay [\delay(delay_len=0,family="artix...]
Compiling architecture synth of entity cordic_v6_0_16.cordic_sqrt_mod [\cordic_sqrt_mod(p_xdevicefamily...]
Compiling architecture struct_all of entity cordic_v6_0_16.delay [\delay(delay_len=1,family="artix...]
Compiling architecture rtl of entity c_addsub_v12_0_14.c_addsub_v12_0_14_lut6_legacy [\c_addsub_v12_0_14_lut6_legacy(c...]
Compiling architecture synth of entity c_addsub_v12_0_14.c_addsub_v12_0_14_fabric_legacy [\c_addsub_v12_0_14_fabric_legacy...]
Compiling architecture synth of entity c_addsub_v12_0_14.c_addsub_v12_0_14_legacy [\c_addsub_v12_0_14_legacy(c_fami...]
Compiling architecture synth of entity c_addsub_v12_0_14.c_addsub_v12_0_14_viv [\c_addsub_v12_0_14_viv(c_xdevice...]
Compiling architecture synth of entity cordic_v6_0_16.addsub [\addsub(family="artix7",add_mode...]
Compiling architecture struct_all of entity cordic_v6_0_16.delay [\delay(delay_len=1,family="artix...]
Compiling architecture synth of entity cordic_v6_0_16.cordic_sqrt_mod [\cordic_sqrt_mod(p_xdevicefamily...]
Compiling architecture struct_all of entity cordic_v6_0_16.delay [\delay(delay_len=1,family="artix...]
Compiling architecture rtl of entity c_addsub_v12_0_14.c_addsub_v12_0_14_lut6_legacy [\c_addsub_v12_0_14_lut6_legacy(c...]
Compiling architecture synth of entity c_addsub_v12_0_14.c_addsub_v12_0_14_fabric_legacy [\c_addsub_v12_0_14_fabric_legacy...]
Compiling architecture synth of entity c_addsub_v12_0_14.c_addsub_v12_0_14_legacy [\c_addsub_v12_0_14_legacy(c_fami...]
Compiling architecture synth of entity c_addsub_v12_0_14.c_addsub_v12_0_14_viv [\c_addsub_v12_0_14_viv(c_xdevice...]
Compiling architecture synth of entity cordic_v6_0_16.addsub [\addsub(family="artix7",add_mode...]
Compiling architecture struct_all of entity cordic_v6_0_16.delay [\delay(delay_len=1,family="artix...]
Compiling architecture struct_all of entity cordic_v6_0_16.delay [\delay(delay_len=0,family="artix...]
Compiling architecture synth of entity cordic_v6_0_16.cordic_sqrt_mod [\cordic_sqrt_mod(p_xdevicefamily...]
Compiling architecture structural of entity c_reg_fd_v12_0_6.c_reg_fd_v12_0_6_viv [\c_reg_fd_v12_0_6_viv(c_width=19...]
Compiling architecture rtl of entity c_addsub_v12_0_14.c_addsub_v12_0_14_lut6_legacy [\c_addsub_v12_0_14_lut6_legacy(c...]
Compiling architecture synth of entity c_addsub_v12_0_14.c_addsub_v12_0_14_fabric_legacy [\c_addsub_v12_0_14_fabric_legacy...]
Compiling architecture synth of entity c_addsub_v12_0_14.c_addsub_v12_0_14_legacy [\c_addsub_v12_0_14_legacy(c_fami...]
Compiling architecture synth of entity c_addsub_v12_0_14.c_addsub_v12_0_14_viv [\c_addsub_v12_0_14_viv(c_xdevice...]
Compiling architecture synth of entity cordic_v6_0_16.addsub [\addsub(family="artix7",add_mode...]
Compiling architecture rtl of entity c_addsub_v12_0_14.c_addsub_v12_0_14_lut6_legacy [\c_addsub_v12_0_14_lut6_legacy(c...]
Compiling architecture synth of entity c_addsub_v12_0_14.c_addsub_v12_0_14_fabric_legacy [\c_addsub_v12_0_14_fabric_legacy...]
Compiling architecture synth of entity c_addsub_v12_0_14.c_addsub_v12_0_14_legacy [\c_addsub_v12_0_14_legacy(c_fami...]
Compiling architecture synth of entity c_addsub_v12_0_14.c_addsub_v12_0_14_viv [\c_addsub_v12_0_14_viv(c_xdevice...]
Compiling architecture synth of entity cordic_v6_0_16.addsub [\addsub(family="artix7",add_mode...]
Compiling architecture struct_all of entity cordic_v6_0_16.delay [\delay(delay_len=0,family="artix...]
Compiling architecture struct_all of entity cordic_v6_0_16.delay [\delay(delay_len=8,family="artix...]
Compiling architecture synth of entity cordic_v6_0_16.cordic_sqrt_mod [\cordic_sqrt_mod(p_xdevicefamily...]
Compiling architecture struct_all of entity cordic_v6_0_16.delay [\delay(delay_len=0,family="artix...]
Compiling architecture struct_all of entity cordic_v6_0_16.delay_bit [\delay_bit(delay_len=0,family="a...]
Compiling architecture struct_all of entity cordic_v6_0_16.delay_bit [\delay_bit(delay_len=8,family="a...]
Compiling architecture synth of entity cordic_v6_0_16.cordic_sqrt [\cordic_sqrt(p_xdevicefamily="ar...]
Compiling architecture synth of entity cordic_v6_0_16.cordic_v6_0_16_synth [\cordic_v6_0_16_synth(c_architec...]
Compiling architecture synth of entity cordic_v6_0_16.cordic_v6_0_16_viv [\cordic_v6_0_16_viv(c_architectu...]
Compiling architecture xilinx of entity cordic_v6_0_16.cordic_v6_0_16 [\cordic_v6_0_16(c_architecture=2...]
Compiling architecture cordic_0_arch of entity xil_defaultlib.cordic_0 [cordic_0_default]
Compiling module xil_defaultlib.data_modulus
Compiling module xil_defaultlib.ram_wr_ctrl
Compiling module blk_mem_gen_v8_4_4.blk_mem_gen_v8_4_4_output_stage(...
Compiling module blk_mem_gen_v8_4_4.blk_mem_gen_v8_4_4_softecc_outpu...
Compiling module blk_mem_gen_v8_4_4.blk_mem_gen_v8_4_4_mem_module(C_...
Compiling module blk_mem_gen_v8_4_4.blk_mem_gen_v8_4_4(C_FAMILY="art...
Compiling module xil_defaultlib.ram_4096x16
Compiling module xil_defaultlib.wave_freq
Compiling module xil_defaultlib.dds
Compiling module xil_defaultlib.top
Compiling module xil_defaultlib.top_tb
Compiling module xil_defaultlib.glbl
Built simulation snapshot top_tb_behav
run_program: Time (s): cpu = 00:00:03 ; elapsed = 00:00:52 . Memory (MB): peak = 1447.531 ; gain = 0.000
INFO: [USF-XSim-69] 'elaborate' step finished in '52' seconds
INFO: [USF-XSim-4] XSim::Simulate design
INFO: [USF-XSim-61] Executing 'SIMULATE' step in 'C:/Users/sb/Desktop/git/jnu2023h/jnu2023h.sim/sim_1/behav/xsim'
INFO: [USF-XSim-98] *** Running xsim
   with args "top_tb_behav -key {Behavioral:sim_1:Functional:top_tb} -tclbatch {top_tb.tcl} -log {simulate.log}"
INFO: [USF-XSim-8] Loading simulator feature
Vivado Simulator 2020.2
Time resolution is 1 ps
source top_tb.tcl
# set curr_wave [current_wave_config]
# if { [string length $curr_wave] == 0 } {
#   if { [llength [get_objects]] > 0} {
#     add_wave /
#     set_property needs_save false [current_wave_config]
#   } else {
#      send_msg_id Add_Wave-1 WARNING "No top level signals found. Simulator will start without a wave window. If you want to open a wave window go to 'File->New Waveform Configuration' or type 'create_wave_config' in the TCL console."
#   }
# }
# run 1000ns
 Block Memory Generator module loading initial data...
 Block Memory Generator data initialization complete.
Block Memory Generator module top_tb.u_rom_1000x8b3.inst.\native_mem_module.blk_mem_gen_v8_4_4_inst  is using a behavioral model for simulation which will not precisely model memory collision behavior.
 Block Memory Generator module loading initial data...
 Block Memory Generator data initialization complete.
Block Memory Generator module top_tb.u_rom_1000x8b4.inst.\native_mem_module.blk_mem_gen_v8_4_4_inst  is using a behavioral model for simulation which will not precisely model memory collision behavior.
Block Memory Generator module top_tb.u_top.u_ram_4096x16.inst.\native_mem_module.blk_mem_gen_v8_4_4_inst  is using a behavioral model for simulation which will not precisely model memory collision behavior.
 Block Memory Generator module loading initial data...
 Block Memory Generator data initialization complete.
Block Memory Generator module top_tb.u_top.u_dds.u_rom_1000x8b1.inst.\native_mem_module.blk_mem_gen_v8_4_4_inst  is using a behavioral model for simulation which will not precisely model memory collision behavior.
 Block Memory Generator module loading initial data...
 Block Memory Generator data initialization complete.
Block Memory Generator module top_tb.u_top.u_dds.u_rom_1000x8b2.inst.\native_mem_module.blk_mem_gen_v8_4_4_inst  is using a behavioral model for simulation which will not precisely model memory collision behavior.
INFO: [USF-XSim-96] XSim completed. Design snapshot 'top_tb_behav' loaded.
INFO: [USF-XSim-97] XSim simulation ran for 1000ns
launch_simulation: Time (s): cpu = 00:00:07 ; elapsed = 00:01:01 . Memory (MB): peak = 1448.223 ; gain = 0.691
close_sim
INFO: [Simtcl 6-16] Simulation closed
launch_simulation
Command: launch_simulation 
INFO: [Vivado 12-5698] Checking validity of IPs in the design for the 'XSim' simulator...
INFO: [Vivado 12-5682] Launching behavioral simulation in 'C:/Users/sb/Desktop/git/jnu2023h/jnu2023h.sim/sim_1/behav/xsim'
INFO: [Vivado 12-4795] Using compiled simulation libraries for IPs
INFO: [SIM-utils-51] Simulation object is 'sim_1'
INFO: [USF-XSim-7] Finding pre-compiled libraries...
INFO: [USF-XSim-11] File 'E:/Xilinx/Vivado/2020.2/data/xsim/xsim.ini' copied to run dir:'C:/Users/sb/Desktop/git/jnu2023h/jnu2023h.sim/sim_1/behav/xsim'
INFO: [SIM-utils-54] Inspecting design source files for 'top_tb' in fileset 'sim_1'...
INFO: [SIM-utils-43] Exported 'C:/Users/sb/Desktop/git/jnu2023h/jnu2023h.sim/sim_1/behav/xsim/rom_1000x8b.mif'
INFO: [SIM-utils-43] Exported 'C:/Users/sb/Desktop/git/jnu2023h/jnu2023h.sim/sim_1/behav/xsim/rom_1000x8.coe'
INFO: [USF-XSim-97] Finding global include files...
INFO: [USF-XSim-98] Fetching design files from 'sim_1'...
INFO: [USF-XSim-2] XSim::Compile design
INFO: [USF-XSim-61] Executing 'COMPILE and ANALYZE' step in 'C:/Users/sb/Desktop/git/jnu2023h/jnu2023h.sim/sim_1/behav/xsim'
"xvlog --incr --relax -prj top_tb_vlog.prj"
INFO: [VRFC 10-2263] Analyzing Verilog file "C:/Users/sb/Desktop/git/jnu2023h/jnu2023h.gen/sources_1/ip/rom_1000x8b/sim/rom_1000x8b.v" into library xil_defaultlib
INFO: [VRFC 10-311] analyzing module rom_1000x8b
INFO: [VRFC 10-2263] Analyzing Verilog file "C:/Users/sb/Desktop/git/jnu2023h/jnu2023h.gen/sources_1/ip/ram_4096x16/sim/ram_4096x16.v" into library xil_defaultlib
INFO: [VRFC 10-311] analyzing module ram_4096x16
INFO: [VRFC 10-2263] Analyzing Verilog file "C:/Users/sb/Desktop/git/jnu2023h/jnu2023h.gen/sources_1/ip/clk_wiz_0/clk_wiz_0_clk_wiz.v" into library xil_defaultlib
INFO: [VRFC 10-311] analyzing module clk_wiz_0_clk_wiz
INFO: [VRFC 10-2263] Analyzing Verilog file "C:/Users/sb/Desktop/git/jnu2023h/jnu2023h.gen/sources_1/ip/clk_wiz_0/clk_wiz_0.v" into library xil_defaultlib
INFO: [VRFC 10-311] analyzing module clk_wiz_0
INFO: [VRFC 10-2263] Analyzing Verilog file "C:/Users/sb/Desktop/git/jnu2023h/code/da_wave_send.v" into library xil_defaultlib
INFO: [VRFC 10-311] analyzing module da_wave_send
INFO: [VRFC 10-2263] Analyzing Verilog file "C:/Users/sb/Desktop/git/jnu2023h/code/data_modulus.v" into library xil_defaultlib
INFO: [VRFC 10-311] analyzing module data_modulus
INFO: [VRFC 10-2263] Analyzing Verilog file "C:/Users/sb/Desktop/git/jnu2023h/code/dds.v" into library xil_defaultlib
INFO: [VRFC 10-311] analyzing module dds
WARNING: [VRFC 10-986] literal value truncated to fit in 20 bits [C:/Users/sb/Desktop/git/jnu2023h/code/dds.v:42]
INFO: [VRFC 10-2263] Analyzing Verilog file "C:/Users/sb/Desktop/git/jnu2023h/code/ftt_clk.v" into library xil_defaultlib
INFO: [VRFC 10-311] analyzing module fft_clk
INFO: [VRFC 10-2263] Analyzing Verilog file "C:/Users/sb/Desktop/git/jnu2023h/code/ram_wr_ctrl.v" into library xil_defaultlib
INFO: [VRFC 10-311] analyzing module ram_wr_ctrl
INFO: [VRFC 10-2263] Analyzing Verilog file "C:/Users/sb/Desktop/git/jnu2023h/code/top.v" into library xil_defaultlib
INFO: [VRFC 10-311] analyzing module top
INFO: [VRFC 10-2458] undeclared symbol data_valid, assumed default net type wire [C:/Users/sb/Desktop/git/jnu2023h/code/top.v:159]
INFO: [VRFC 10-2263] Analyzing Verilog file "C:/Users/sb/Desktop/git/jnu2023h/code/wave_freq.v" into library xil_defaultlib
INFO: [VRFC 10-311] analyzing module wave_freq
INFO: [VRFC 10-2263] Analyzing Verilog file "C:/Users/sb/Desktop/git/jnu2023h/code/sim/top_tb.v" into library xil_defaultlib
INFO: [VRFC 10-311] analyzing module top_tb
"xvhdl --incr --relax -prj top_tb_vhdl.prj"
INFO: [USF-XSim-69] 'compile' step finished in '2' seconds
INFO: [USF-XSim-3] XSim::Elaborate design
INFO: [USF-XSim-61] Executing 'ELABORATE' step in 'C:/Users/sb/Desktop/git/jnu2023h/jnu2023h.sim/sim_1/behav/xsim'
"xelab -wto 733bc6238e3a4b91923eb927ee1788cd --incr --debug typical --relax --mt 2 -L xil_defaultlib -L blk_mem_gen_v8_4_4 -L xbip_utils_v3_0_10 -L c_reg_fd_v12_0_6 -L xbip_dsp48_wrapper_v3_0_4 -L xbip_pipe_v3_0_6 -L xbip_dsp48_addsub_v3_0_6 -L xbip_addsub_v3_0_6 -L c_addsub_v12_0_14 -L xbip_bram18k_v3_0_6 -L mult_gen_v12_0_16 -L axi_utils_v2_0_6 -L cordic_v6_0_16 -L c_mux_bit_v12_0_6 -L c_shift_ram_v12_0_14 -L cmpy_v6_0_19 -L floating_point_v7_0_18 -L xfft_v9_1_5 -L unisims_ver -L unimacro_ver -L secureip -L xpm --snapshot top_tb_behav xil_defaultlib.top_tb xil_defaultlib.glbl -log elaborate.log"
Vivado Simulator 2020.2
Copyright 1986-1999, 2001-2020 Xilinx, Inc. All Rights Reserved.
Running: E:/Xilinx/Vivado/2020.2/bin/unwrapped/win64.o/xelab.exe -wto 733bc6238e3a4b91923eb927ee1788cd --incr --debug typical --relax --mt 2 -L xil_defaultlib -L blk_mem_gen_v8_4_4 -L xbip_utils_v3_0_10 -L c_reg_fd_v12_0_6 -L xbip_dsp48_wrapper_v3_0_4 -L xbip_pipe_v3_0_6 -L xbip_dsp48_addsub_v3_0_6 -L xbip_addsub_v3_0_6 -L c_addsub_v12_0_14 -L xbip_bram18k_v3_0_6 -L mult_gen_v12_0_16 -L axi_utils_v2_0_6 -L cordic_v6_0_16 -L c_mux_bit_v12_0_6 -L c_shift_ram_v12_0_14 -L cmpy_v6_0_19 -L floating_point_v7_0_18 -L xfft_v9_1_5 -L unisims_ver -L unimacro_ver -L secureip -L xpm --snapshot top_tb_behav xil_defaultlib.top_tb xil_defaultlib.glbl -log elaborate.log 
Using 2 slave threads.
Starting static elaboration
Pass Through NonSizing Optimizer
WARNING: [VRFC 10-8389] size mismatch in mixed language port association, VHDL port 'm_axis_data_tdata' [C:/Users/sb/Desktop/git/jnu2023h/code/top.v:108]
WARNING: [VRFC 10-8389] size mismatch in mixed language port association, VHDL port 's_axis_cartesian_tdata' [C:/Users/sb/Desktop/git/jnu2023h/code/data_modulus.v:95]
WARNING: [VRFC 10-3091] actual bit length 8 differs from formal bit length 10 for port 'ad_data_1' [C:/Users/sb/Desktop/git/jnu2023h/code/sim/top_tb.v:112]
WARNING: [VRFC 10-3091] actual bit length 8 differs from formal bit length 10 for port 'ad_data_2' [C:/Users/sb/Desktop/git/jnu2023h/code/sim/top_tb.v:117]
WARNING: [VRFC 10-3091] actual bit length 8 differs from formal bit length 12 for port 'waveA_freq' [C:/Users/sb/Desktop/git/jnu2023h/code/top.v:202]
WARNING: [VRFC 10-3091] actual bit length 8 differs from formal bit length 12 for port 'waveB_freq' [C:/Users/sb/Desktop/git/jnu2023h/code/top.v:204]
WARNING: [VRFC 10-3091] actual bit length 8 differs from formal bit length 6 for port 'freq_select' [C:/Users/sb/Desktop/git/jnu2023h/code/dds.v:89]
WARNING: [VRFC 10-3091] actual bit length 8 differs from formal bit length 6 for port 'freq_select' [C:/Users/sb/Desktop/git/jnu2023h/code/dds.v:102]
WARNING: [VRFC 10-5021] port 'reset' is not connected on this instance [C:/Users/sb/Desktop/git/jnu2023h/code/top.v:70]
Completed static elaboration
Starting simulation data flow analysis
Completed simulation data flow analysis
Time Resolution for simulation is 1ps
Compiling package std.standard
Compiling package std.textio
Compiling package ieee.std_logic_1164
Compiling package ieee.numeric_std
Compiling package xbip_utils_v3_0_10.xbip_utils_v3_0_10_pkg
Compiling package xfft_v9_1_5.xfft_v9_1_5_viv_comp
Compiling package ieee.std_logic_arith
Compiling package ieee.std_logic_unsigned
Compiling package ieee.math_real
Compiling package axi_utils_v2_0_6.axi_utils_v2_0_6_pkg
Compiling package mult_gen_v12_0_16.mult_gen_v12_0_16_pkg
Compiling package ieee.std_logic_signed
Compiling package cmpy_v6_0_19.cmpy_v6_0_19_pkg
Compiling package floating_point_v7_0_18.floating_point_v7_0_18_consts
Compiling package floating_point_v7_0_18.floating_point_v7_0_18_exp_table...
Compiling package floating_point_v7_0_18.floating_point_v7_0_18_pkg
Compiling package xfft_v9_1_5.pkg
Compiling package xfft_v9_1_5.xfft_v9_1_5_axi_pkg
Compiling package axi_utils_v2_0_6.global_util_pkg
Compiling package axi_utils_v2_0_6.axi_utils_comps
Compiling package unisim.vcomponents
Compiling package xbip_pipe_v3_0_6.xbip_pipe_v3_0_6_viv_comp
Compiling package xbip_addsub_v3_0_6.xbip_addsub_v3_0_6_viv_comp
Compiling package c_addsub_v12_0_14.c_addsub_v12_0_14_pkg
Compiling package c_addsub_v12_0_14.c_addsub_v12_0_14_pkg_legacy
Compiling package c_reg_fd_v12_0_6.c_reg_fd_v12_0_6_viv_comp
Compiling package ieee.vital_timing
Compiling package ieee.vital_primitives
Compiling package unisim.vpkg
Compiling package c_shift_ram_v12_0_14.c_shift_ram_v12_0_14_pkg
Compiling package c_mux_bit_v12_0_6.c_mux_bit_v12_0_6_viv_comp
Compiling package xfft_v9_1_5.quarter_sin_tw_table
Compiling package xfft_v9_1_5.quarter2_sin_tw_table
Compiling package mult_gen_v12_0_16.dsp_pkg
Compiling package xpm.vcomponents
Compiling package ieee.std_logic_textio
Compiling package cordic_v6_0_16.cordic_v6_0_16_viv_comp
Compiling package cordic_v6_0_16.cordic_pack
Compiling package cordic_v6_0_16.cordic_hdl_comps
Compiling package c_addsub_v12_0_14.c_addsub_v12_0_14_viv_comp
Compiling module blk_mem_gen_v8_4_4.blk_mem_gen_v8_4_4_output_stage(...
Compiling module blk_mem_gen_v8_4_4.blk_mem_gen_v8_4_4_softecc_outpu...
Compiling module blk_mem_gen_v8_4_4.blk_mem_gen_v8_4_4_mem_module(C_...
Compiling module blk_mem_gen_v8_4_4.blk_mem_gen_v8_4_4(C_FAMILY="art...
Compiling module xil_defaultlib.rom_1000x8b
Compiling module xil_defaultlib.da_wave_send
Compiling module unisims_ver.IBUF
Compiling module unisims_ver.MMCME2_ADV(CLKFBOUT_MULT_F=16.0,...
Compiling module unisims_ver.BUFG
Compiling module xil_defaultlib.clk_wiz_0_clk_wiz
Compiling module xil_defaultlib.clk_wiz_0
Compiling module xil_defaultlib.fft_clk
Compiling architecture xilinx of entity axi_utils_v2_0_6.glb_srl_fifo [\glb_srl_fifo(width=5,has_uvprot...]
Compiling architecture xilinx of entity axi_utils_v2_0_6.glb_ifx_master [\glb_ifx_master(width=5,afull_th...]
Compiling architecture synth of entity xfft_v9_1_5.axi_wrapper_output_fifo [\axi_wrapper_output_fifo(c_fifo_...]
Compiling architecture xilinx of entity axi_utils_v2_0_6.glb_srl_fifo [\glb_srl_fifo(width=1,has_uvprot...]
Compiling architecture xilinx of entity axi_utils_v2_0_6.glb_ifx_slave [\glb_ifx_slave(width=1,has_uvpro...]
Compiling architecture synth of entity xfft_v9_1_5.axi_wrapper_input_fifo [\axi_wrapper_input_fifo(c_fifo_w...]
Compiling architecture xilinx of entity axi_utils_v2_0_6.glb_srl_fifo [\glb_srl_fifo(width=33,has_uvpro...]
Compiling architecture xilinx of entity axi_utils_v2_0_6.glb_ifx_slave [\glb_ifx_slave(width=33,has_uvpr...]
Compiling architecture synth of entity xfft_v9_1_5.axi_wrapper_input_fifo [\axi_wrapper_input_fifo(c_fifo_w...]
Compiling architecture xilinx of entity axi_utils_v2_0_6.glb_srl_fifo [\glb_srl_fifo(width=38,has_uvpro...]
Compiling architecture xilinx of entity axi_utils_v2_0_6.glb_ifx_master [\glb_ifx_master(width=38,afull_t...]
Compiling architecture synth of entity xfft_v9_1_5.axi_wrapper_output_fifo [\axi_wrapper_output_fifo(c_fifo_...]
Compiling architecture synth of entity xfft_v9_1_5.axi_wrapper [\axi_wrapper(c_nfft_max=7,c_arch...]
Compiling architecture xilinx of entity xfft_v9_1_5.equ_rtl [\equ_rtl(c_xdevicefamily="artix7...]
Compiling architecture xilinx of entity xfft_v9_1_5.r22_cnt_ctrl [\r22_cnt_ctrl(c_xdevicefamily="a...]
Compiling architecture xilinx of entity xfft_v9_1_5.r22_cnt_ctrl [\r22_cnt_ctrl(c_xdevicefamily="a...]
Compiling architecture struct of entity c_shift_ram_v12_0_14.c_shift_ram_v12_0_14_legacy [\c_shift_ram_v12_0_14_legacy(c_x...]
Compiling architecture synth of entity c_shift_ram_v12_0_14.c_shift_ram_v12_0_14_viv [\c_shift_ram_v12_0_14_viv(c_xdev...]
Compiling architecture xilinx of entity xfft_v9_1_5.shift_ram [\shift_ram(c_xdevicefamily="arti...]
Compiling architecture struct of entity c_shift_ram_v12_0_14.c_shift_ram_v12_0_14_legacy [\c_shift_ram_v12_0_14_legacy(c_x...]
Compiling architecture synth of entity c_shift_ram_v12_0_14.c_shift_ram_v12_0_14_viv [\c_shift_ram_v12_0_14_viv(c_xdev...]
Compiling architecture xilinx of entity xfft_v9_1_5.shift_ram [\shift_ram(c_xdevicefamily="arti...]
Compiling architecture fd_v of entity unisim.FD [fd_default]
Compiling architecture struct of entity c_shift_ram_v12_0_14.c_shift_ram_v12_0_14_legacy [\c_shift_ram_v12_0_14_legacy(c_x...]
Compiling architecture synth of entity c_shift_ram_v12_0_14.c_shift_ram_v12_0_14_viv [\c_shift_ram_v12_0_14_viv(c_xdev...]
Compiling architecture xilinx of entity xfft_v9_1_5.shift_ram [\shift_ram(c_xdevicefamily="arti...]
Compiling architecture struct of entity c_shift_ram_v12_0_14.c_shift_ram_v12_0_14_legacy [\c_shift_ram_v12_0_14_legacy(c_x...]
Compiling architecture synth of entity c_shift_ram_v12_0_14.c_shift_ram_v12_0_14_viv [\c_shift_ram_v12_0_14_viv(c_xdev...]
Compiling architecture xilinx of entity xfft_v9_1_5.shift_ram [\shift_ram(c_xdevicefamily="arti...]
Compiling architecture xilinx of entity xfft_v9_1_5.shift_ram [\shift_ram(c_xdevicefamily="arti...]
Compiling architecture xilinx of entity xfft_v9_1_5.shift_ram [\shift_ram(c_xdevicefamily="arti...]
Compiling architecture xilinx of entity xfft_v9_1_5.shift_ram [\shift_ram(c_xdevicefamily="arti...]
Compiling architecture lut3_v of entity unisim.LUT3 [\LUT3(init="11001010")(0,7)\]
Compiling architecture xilinx of entity xfft_v9_1_5.mux_bus2 [\mux_bus2(c_xdevicefamily="artix...]
Compiling architecture xilinx of entity xfft_v9_1_5.r22_delay_mux [\r22_delay_mux(c_xdevicefamily="...]
Compiling architecture xilinx of entity xfft_v9_1_5.r22_delay_mux [\r22_delay_mux(c_xdevicefamily="...]
Compiling architecture xilinx of entity xfft_v9_1_5.shift_ram [\shift_ram(c_xdevicefamily="arti...]
Compiling architecture xilinx of entity xfft_v9_1_5.shift_ram [\shift_ram(c_xdevicefamily="arti...]
Compiling architecture struct of entity c_shift_ram_v12_0_14.c_shift_ram_v12_0_14_legacy [\c_shift_ram_v12_0_14_legacy(c_x...]
Compiling architecture synth of entity c_shift_ram_v12_0_14.c_shift_ram_v12_0_14_viv [\c_shift_ram_v12_0_14_viv(c_xdev...]
Compiling architecture synth of entity xfft_v9_1_5.r22_srl_memory [\r22_srl_memory(c_xdevicefamily=...]
Compiling architecture xilinx of entity xfft_v9_1_5.r22_memory [\r22_memory(c_xdevicefamily="art...]
Compiling architecture structural of entity c_reg_fd_v12_0_6.c_reg_fd_v12_0_6_viv [\c_reg_fd_v12_0_6_viv(c_width=18...]
Compiling architecture rtl of entity c_addsub_v12_0_14.c_addsub_v12_0_14_lut6_legacy [\c_addsub_v12_0_14_lut6_legacy(c...]
Compiling architecture synth of entity c_addsub_v12_0_14.c_addsub_v12_0_14_fabric_legacy [\c_addsub_v12_0_14_fabric_legacy...]
Compiling architecture synth of entity c_addsub_v12_0_14.c_addsub_v12_0_14_legacy [\c_addsub_v12_0_14_legacy(c_fami...]
Compiling architecture synth of entity c_addsub_v12_0_14.c_addsub_v12_0_14_viv [\c_addsub_v12_0_14_viv(c_xdevice...]
Compiling architecture xilinx of entity xfft_v9_1_5.adder_bypass [\adder_bypass(c_xdevicefamily="a...]
Compiling architecture structural of entity c_reg_fd_v12_0_6.c_reg_fd_v12_0_6_viv [\c_reg_fd_v12_0_6_viv(c_width=18...]
Compiling architecture rtl of entity c_addsub_v12_0_14.c_addsub_v12_0_14_lut6_legacy [\c_addsub_v12_0_14_lut6_legacy(c...]
Compiling architecture synth of entity c_addsub_v12_0_14.c_addsub_v12_0_14_fabric_legacy [\c_addsub_v12_0_14_fabric_legacy...]
Compiling architecture synth of entity c_addsub_v12_0_14.c_addsub_v12_0_14_legacy [\c_addsub_v12_0_14_legacy(c_fami...]
Compiling architecture synth of entity c_addsub_v12_0_14.c_addsub_v12_0_14_viv [\c_addsub_v12_0_14_viv(c_xdevice...]
Compiling architecture xilinx of entity xfft_v9_1_5.sub_byp [\sub_byp(c_xdevicefamily="artix7...]
Compiling architecture xilinx of entity xfft_v9_1_5.r22_bfly_byp [\r22_bfly_byp(c_xdevicefamily="a...]
Compiling architecture xilinx of entity xfft_v9_1_5.r22_bf [\r22_bf(c_xdevicefamily="artix7"...]
Compiling architecture xilinx of entity xfft_v9_1_5.shift_ram [\shift_ram(c_xdevicefamily="arti...]
Compiling architecture fde_v of entity unisim.FDE [fde_default]
Compiling architecture synth of entity xfft_v9_1_5.r22_twos_comp_mux [\r22_twos_comp_mux(c_xdevicefami...]
Compiling architecture synth of entity xfft_v9_1_5.r22_twos_comp_mux [\r22_twos_comp_mux(c_xdevicefami...]
Compiling architecture xilinx of entity xfft_v9_1_5.shift_ram [\shift_ram(c_xdevicefamily="arti...]
Compiling architecture xilinx of entity xfft_v9_1_5.shift_ram [\shift_ram(c_xdevicefamily="arti...]
Compiling architecture xilinx of entity xfft_v9_1_5.shift_ram [\shift_ram(c_xdevicefamily="arti...]
Compiling architecture xilinx of entity xfft_v9_1_5.mux_bus2 [\mux_bus2(c_xdevicefamily="artix...]
Compiling architecture xilinx of entity xfft_v9_1_5.r22_delay_mux [\r22_delay_mux(c_xdevicefamily="...]
Compiling architecture xilinx of entity xfft_v9_1_5.r22_delay_mux [\r22_delay_mux(c_xdevicefamily="...]
Compiling architecture xilinx of entity xfft_v9_1_5.shift_ram [\shift_ram(c_xdevicefamily="arti...]
Compiling architecture xilinx of entity xfft_v9_1_5.shift_ram [\shift_ram(c_xdevicefamily="arti...]
Compiling architecture struct of entity c_shift_ram_v12_0_14.c_shift_ram_v12_0_14_legacy [\c_shift_ram_v12_0_14_legacy(c_x...]
Compiling architecture synth of entity c_shift_ram_v12_0_14.c_shift_ram_v12_0_14_viv [\c_shift_ram_v12_0_14_viv(c_xdev...]
Compiling architecture synth of entity xfft_v9_1_5.r22_srl_memory [\r22_srl_memory(c_xdevicefamily=...]
Compiling architecture xilinx of entity xfft_v9_1_5.r22_memory [\r22_memory(c_xdevicefamily="art...]
Compiling architecture structural of entity c_reg_fd_v12_0_6.c_reg_fd_v12_0_6_viv [\c_reg_fd_v12_0_6_viv(c_width=19...]
Compiling architecture rtl of entity c_addsub_v12_0_14.c_addsub_v12_0_14_lut6_legacy [\c_addsub_v12_0_14_lut6_legacy(c...]
Compiling architecture synth of entity c_addsub_v12_0_14.c_addsub_v12_0_14_fabric_legacy [\c_addsub_v12_0_14_fabric_legacy...]
Compiling architecture synth of entity c_addsub_v12_0_14.c_addsub_v12_0_14_legacy [\c_addsub_v12_0_14_legacy(c_fami...]
Compiling architecture synth of entity c_addsub_v12_0_14.c_addsub_v12_0_14_viv [\c_addsub_v12_0_14_viv(c_xdevice...]
Compiling architecture xilinx of entity xfft_v9_1_5.adder_bypass [\adder_bypass(c_xdevicefamily="a...]
Compiling architecture structural of entity c_reg_fd_v12_0_6.c_reg_fd_v12_0_6_viv [\c_reg_fd_v12_0_6_viv(c_width=19...]
Compiling architecture rtl of entity c_addsub_v12_0_14.c_addsub_v12_0_14_lut6_legacy [\c_addsub_v12_0_14_lut6_legacy(c...]
Compiling architecture synth of entity c_addsub_v12_0_14.c_addsub_v12_0_14_fabric_legacy [\c_addsub_v12_0_14_fabric_legacy...]
Compiling architecture synth of entity c_addsub_v12_0_14.c_addsub_v12_0_14_legacy [\c_addsub_v12_0_14_legacy(c_fami...]
Compiling architecture synth of entity c_addsub_v12_0_14.c_addsub_v12_0_14_viv [\c_addsub_v12_0_14_viv(c_xdevice...]
Compiling architecture xilinx of entity xfft_v9_1_5.sub_byp [\sub_byp(c_xdevicefamily="artix7...]
Compiling architecture xilinx of entity xfft_v9_1_5.r22_bfly_byp [\r22_bfly_byp(c_xdevicefamily="a...]
Compiling architecture xilinx of entity xfft_v9_1_5.r22_bf [\r22_bf(c_xdevicefamily="artix7"...]
Compiling architecture structural of entity c_reg_fd_v12_0_6.c_reg_fd_v12_0_6_viv [\c_reg_fd_v12_0_6_viv(c_width=7,...]
Compiling architecture rtl of entity c_addsub_v12_0_14.c_addsub_v12_0_14_lut6_legacy [\c_addsub_v12_0_14_lut6_legacy(c...]
Compiling architecture synth of entity c_addsub_v12_0_14.c_addsub_v12_0_14_fabric_legacy [\c_addsub_v12_0_14_fabric_legacy...]
Compiling architecture synth of entity c_addsub_v12_0_14.c_addsub_v12_0_14_legacy [\c_addsub_v12_0_14_legacy(c_fami...]
Compiling architecture synth of entity c_addsub_v12_0_14.c_addsub_v12_0_14_viv [\c_addsub_v12_0_14_viv(c_xdevice...]
Compiling architecture xilinx of entity xfft_v9_1_5.adder [\adder(c_xdevicefamily="artix7",...]
Compiling architecture lut6_v of entity unisim.LUT6 [\LUT6(init="11111111000000001111...]
Compiling architecture xilinx of entity xfft_v9_1_5.mux_bus4 [\mux_bus4(c_xdevicefamily="artix...]
Compiling architecture struct of entity c_shift_ram_v12_0_14.c_shift_ram_v12_0_14_legacy [\c_shift_ram_v12_0_14_legacy(c_x...]
Compiling architecture synth of entity c_shift_ram_v12_0_14.c_shift_ram_v12_0_14_viv [\c_shift_ram_v12_0_14_viv(c_xdev...]
Compiling architecture xilinx of entity xfft_v9_1_5.shift_ram [\shift_ram(c_xdevicefamily="arti...]
Compiling architecture xilinx of entity xfft_v9_1_5.twgen_distmem [\twgen_distmem(theta_width=6,pip...]
Compiling architecture xilinx of entity xfft_v9_1_5.twiddle_gen [\twiddle_gen(c_xdevicefamily="ar...]
Compiling architecture xilinx of entity xfft_v9_1_5.r22_tw_gen [\r22_tw_gen(c_xdevicefamily="art...]
Compiling architecture xilinx of entity cmpy_v6_0_19.delay_line [\delay_line(c_xdevicefamily="art...]
Compiling architecture xilinx of entity cmpy_v6_0_19.delay_line [\delay_line(c_xdevicefamily="art...]
Compiling architecture xilinx of entity mult_gen_v12_0_16.delay_line [\delay_line(c_xdevicefamily="art...]
Compiling architecture xilinx of entity mult_gen_v12_0_16.delay_line [\delay_line(c_xdevicefamily="art...]
Compiling architecture dsp48e1_v of entity unisim.DSP48E1 [\DSP48E1(acascreg=2,alumodereg=0...]
Compiling architecture xilinx of entity mult_gen_v12_0_16.delay_line [\delay_line(c_xdevicefamily="art...]
Compiling architecture xilinx of entity mult_gen_v12_0_16.op_resize [\op_resize(ai_width=18,bi_width=...]
Compiling architecture xilinx of entity mult_gen_v12_0_16.dsp [\dsp(c_xdevicefamily="artix7",c_...]
Compiling architecture xilinx of entity cmpy_v6_0_19.cmpy_3_dsp48_mult [\cmpy_3_dsp48_mult(c_xdevicefami...]
Compiling architecture xilinx of entity mult_gen_v12_0_16.delay_line [\delay_line(c_xdevicefamily="art...]
Compiling architecture xilinx of entity mult_gen_v12_0_16.delay_line [\delay_line(c_xdevicefamily="art...]
Compiling architecture dsp48e1_v of entity unisim.DSP48E1 [\DSP48E1(alumodereg=0,bcascreg=2...]
Compiling architecture xilinx of entity mult_gen_v12_0_16.op_resize [\op_resize(ai_width=19,bi_width=...]
Compiling architecture xilinx of entity mult_gen_v12_0_16.dsp [\dsp(c_xdevicefamily="artix7",c_...]
Compiling architecture xilinx of entity cmpy_v6_0_19.cmpy_3_dsp48_mult [\cmpy_3_dsp48_mult(c_xdevicefami...]
Compiling architecture xilinx of entity mult_gen_v12_0_16.dsp [\dsp(c_xdevicefamily="artix7",c_...]
Compiling architecture xilinx of entity cmpy_v6_0_19.cmpy_3_dsp48_mult [\cmpy_3_dsp48_mult(c_xdevicefami...]
Compiling architecture xilinx of entity cmpy_v6_0_19.input_negation [\input_negation(c_xdevicefamily=...]
Compiling architecture xilinx of entity cmpy_v6_0_19.delay_line [\delay_line(c_xdevicefamily="art...]
Compiling architecture xilinx of entity cmpy_v6_0_19.delay_line [\delay_line(c_xdevicefamily="art...]
Compiling architecture xilinx of entity cmpy_v6_0_19.cmpy_3_dsp48 [\cmpy_3_dsp48(c_xdevicefamily="a...]
Compiling architecture xilinx of entity cmpy_v6_0_19.cmpy_v6_0_19_synth [\cmpy_v6_0_19_synth(c_xdevicefam...]
Compiling architecture xilinx of entity xfft_v9_1_5.cmpy [\cmpy(c_xdevicefamily="artix7",a...]
Compiling architecture xilinx of entity xfft_v9_1_5.logic_gate [\logic_gate(c_xdevicefamily="art...]
Compiling architecture xilinx of entity xfft_v9_1_5.shift_ram [\shift_ram(c_xdevicefamily="arti...]
Compiling architecture lut6_v of entity unisim.LUT6 [\LUT6(init="10000000000000000000...]
Compiling architecture xilinx of entity xfft_v9_1_5.logic_gate [\logic_gate(c_xdevicefamily="art...]
Compiling architecture rtl of entity c_addsub_v12_0_14.c_addsub_v12_0_14_lut6_legacy [\c_addsub_v12_0_14_lut6_legacy(c...]
Compiling architecture synth of entity c_addsub_v12_0_14.c_addsub_v12_0_14_fabric_legacy [\c_addsub_v12_0_14_fabric_legacy...]
Compiling architecture synth of entity c_addsub_v12_0_14.c_addsub_v12_0_14_legacy [\c_addsub_v12_0_14_legacy(c_fami...]
Compiling architecture synth of entity c_addsub_v12_0_14.c_addsub_v12_0_14_viv [\c_addsub_v12_0_14_viv(c_xdevice...]
Compiling architecture xilinx of entity xfft_v9_1_5.unbiased_round [\unbiased_round(c_xdevicefamily=...]
Compiling architecture xilinx of entity xfft_v9_1_5.shift_ram [\shift_ram(c_xdevicefamily="arti...]
Compiling architecture xilinx of entity xfft_v9_1_5.shift_ram [\shift_ram(c_xdevicefamily="arti...]
Compiling architecture xilinx of entity xfft_v9_1_5.r22_pe [\r22_pe(c_xdevicefamily="artix7"...]
Compiling architecture synth of entity xfft_v9_1_5.srl_fifo [\srl_fifo(c_width=1)\]
Compiling architecture xilinx of entity xfft_v9_1_5.r22_cnt_ctrl [\r22_cnt_ctrl(c_xdevicefamily="a...]
Compiling architecture xilinx of entity xfft_v9_1_5.r22_cnt_ctrl [\r22_cnt_ctrl(c_xdevicefamily="a...]
Compiling architecture struct of entity c_shift_ram_v12_0_14.c_shift_ram_v12_0_14_legacy [\c_shift_ram_v12_0_14_legacy(c_x...]
Compiling architecture synth of entity c_shift_ram_v12_0_14.c_shift_ram_v12_0_14_viv [\c_shift_ram_v12_0_14_viv(c_xdev...]
Compiling architecture xilinx of entity xfft_v9_1_5.shift_ram [\shift_ram(c_xdevicefamily="arti...]
Compiling architecture struct of entity c_shift_ram_v12_0_14.c_shift_ram_v12_0_14_legacy [\c_shift_ram_v12_0_14_legacy(c_x...]
Compiling architecture synth of entity c_shift_ram_v12_0_14.c_shift_ram_v12_0_14_viv [\c_shift_ram_v12_0_14_viv(c_xdev...]
Compiling architecture xilinx of entity xfft_v9_1_5.shift_ram [\shift_ram(c_xdevicefamily="arti...]
Compiling architecture struct of entity c_shift_ram_v12_0_14.c_shift_ram_v12_0_14_legacy [\c_shift_ram_v12_0_14_legacy(c_x...]
Compiling architecture synth of entity c_shift_ram_v12_0_14.c_shift_ram_v12_0_14_viv [\c_shift_ram_v12_0_14_viv(c_xdev...]
Compiling architecture xilinx of entity xfft_v9_1_5.shift_ram [\shift_ram(c_xdevicefamily="arti...]
Compiling architecture structural of entity c_reg_fd_v12_0_6.c_reg_fd_v12_0_6_viv [\c_reg_fd_v12_0_6_viv(c_width=20...]
Compiling architecture rtl of entity c_addsub_v12_0_14.c_addsub_v12_0_14_lut6_legacy [\c_addsub_v12_0_14_lut6_legacy(c...]
Compiling architecture synth of entity c_addsub_v12_0_14.c_addsub_v12_0_14_fabric_legacy [\c_addsub_v12_0_14_fabric_legacy...]
Compiling architecture synth of entity c_addsub_v12_0_14.c_addsub_v12_0_14_legacy [\c_addsub_v12_0_14_legacy(c_fami...]
Compiling architecture synth of entity c_addsub_v12_0_14.c_addsub_v12_0_14_viv [\c_addsub_v12_0_14_viv(c_xdevice...]
Compiling architecture xilinx of entity xfft_v9_1_5.adder [\adder(c_xdevicefamily="artix7",...]
Compiling architecture struct of entity c_shift_ram_v12_0_14.c_shift_ram_v12_0_14_legacy [\c_shift_ram_v12_0_14_legacy(c_x...]
Compiling architecture synth of entity c_shift_ram_v12_0_14.c_shift_ram_v12_0_14_viv [\c_shift_ram_v12_0_14_viv(c_xdev...]
Compiling architecture xilinx of entity xfft_v9_1_5.shift_ram [\shift_ram(c_xdevicefamily="arti...]
Compiling architecture xilinx of entity xfft_v9_1_5.shift_ram [\shift_ram(c_xdevicefamily="arti...]
Compiling architecture xilinx of entity xfft_v9_1_5.mux_bus2 [\mux_bus2(c_xdevicefamily="artix...]
Compiling architecture xilinx of entity xfft_v9_1_5.shift_ram [\shift_ram(c_xdevicefamily="arti...]
Compiling architecture xilinx of entity xfft_v9_1_5.mux_bus2 [\mux_bus2(c_xdevicefamily="artix...]
Compiling architecture xilinx of entity xfft_v9_1_5.r22_bf_sp [\r22_bf_sp(c_xdevicefamily="arti...]
Compiling architecture synth of entity xfft_v9_1_5.r22_twos_comp_mux [\r22_twos_comp_mux(c_xdevicefami...]
Compiling architecture synth of entity xfft_v9_1_5.r22_twos_comp_mux [\r22_twos_comp_mux(c_xdevicefami...]
Compiling architecture structural of entity c_reg_fd_v12_0_6.c_reg_fd_v12_0_6_viv [\c_reg_fd_v12_0_6_viv(c_width=21...]
Compiling architecture rtl of entity c_addsub_v12_0_14.c_addsub_v12_0_14_lut6_legacy [\c_addsub_v12_0_14_lut6_legacy(c...]
Compiling architecture synth of entity c_addsub_v12_0_14.c_addsub_v12_0_14_fabric_legacy [\c_addsub_v12_0_14_fabric_legacy...]
Compiling architecture synth of entity c_addsub_v12_0_14.c_addsub_v12_0_14_legacy [\c_addsub_v12_0_14_legacy(c_fami...]
Compiling architecture synth of entity c_addsub_v12_0_14.c_addsub_v12_0_14_viv [\c_addsub_v12_0_14_viv(c_xdevice...]
Compiling architecture xilinx of entity xfft_v9_1_5.adder [\adder(c_xdevicefamily="artix7",...]
Compiling architecture xilinx of entity xfft_v9_1_5.shift_ram [\shift_ram(c_xdevicefamily="arti...]
Compiling architecture struct of entity c_shift_ram_v12_0_14.c_shift_ram_v12_0_14_legacy [\c_shift_ram_v12_0_14_legacy(c_x...]
Compiling architecture synth of entity c_shift_ram_v12_0_14.c_shift_ram_v12_0_14_viv [\c_shift_ram_v12_0_14_viv(c_xdev...]
Compiling architecture xilinx of entity xfft_v9_1_5.shift_ram [\shift_ram(c_xdevicefamily="arti...]
Compiling architecture xilinx of entity xfft_v9_1_5.shift_ram [\shift_ram(c_xdevicefamily="arti...]
Compiling architecture xilinx of entity xfft_v9_1_5.mux_bus2 [\mux_bus2(c_xdevicefamily="artix...]
Compiling architecture xilinx of entity xfft_v9_1_5.r22_bf_sp [\r22_bf_sp(c_xdevicefamily="arti...]
Compiling architecture struct of entity c_shift_ram_v12_0_14.c_shift_ram_v12_0_14_legacy [\c_shift_ram_v12_0_14_legacy(c_x...]
Compiling architecture synth of entity c_shift_ram_v12_0_14.c_shift_ram_v12_0_14_viv [\c_shift_ram_v12_0_14_viv(c_xdev...]
Compiling architecture xilinx of entity xfft_v9_1_5.shift_ram [\shift_ram(c_xdevicefamily="arti...]
Compiling architecture struct of entity c_shift_ram_v12_0_14.c_shift_ram_v12_0_14_legacy [\c_shift_ram_v12_0_14_legacy(c_x...]
Compiling architecture synth of entity c_shift_ram_v12_0_14.c_shift_ram_v12_0_14_viv [\c_shift_ram_v12_0_14_viv(c_xdev...]
Compiling architecture xilinx of entity xfft_v9_1_5.shift_ram [\shift_ram(c_xdevicefamily="arti...]
Compiling architecture structural of entity c_reg_fd_v12_0_6.c_reg_fd_v12_0_6_viv [\c_reg_fd_v12_0_6_viv(c_width=5,...]
Compiling architecture rtl of entity c_addsub_v12_0_14.c_addsub_v12_0_14_lut6_legacy [\c_addsub_v12_0_14_lut6_legacy(c...]
Compiling architecture synth of entity c_addsub_v12_0_14.c_addsub_v12_0_14_fabric_legacy [\c_addsub_v12_0_14_fabric_legacy...]
Compiling architecture synth of entity c_addsub_v12_0_14.c_addsub_v12_0_14_legacy [\c_addsub_v12_0_14_legacy(c_fami...]
Compiling architecture synth of entity c_addsub_v12_0_14.c_addsub_v12_0_14_viv [\c_addsub_v12_0_14_viv(c_xdevice...]
Compiling architecture xilinx of entity xfft_v9_1_5.adder [\adder(c_xdevicefamily="artix7",...]
Compiling architecture xilinx of entity xfft_v9_1_5.mux_bus4 [\mux_bus4(c_xdevicefamily="artix...]
Compiling architecture xilinx of entity xfft_v9_1_5.twgen_distmem [\twgen_distmem(theta_width=4,pip...]
Compiling architecture xilinx of entity xfft_v9_1_5.twiddle_gen [\twiddle_gen(c_xdevicefamily="ar...]
Compiling architecture xilinx of entity xfft_v9_1_5.r22_tw_gen [\r22_tw_gen(c_xdevicefamily="art...]
Compiling architecture xilinx of entity cmpy_v6_0_19.delay_line [\delay_line(c_xdevicefamily="art...]
Compiling architecture xilinx of entity cmpy_v6_0_19.delay_line [\delay_line(c_xdevicefamily="art...]
Compiling architecture xilinx of entity mult_gen_v12_0_16.op_resize [\op_resize(ai_width=22,bi_width=...]
Compiling architecture xilinx of entity mult_gen_v12_0_16.dsp [\dsp(c_xdevicefamily="artix7",c_...]
Compiling architecture xilinx of entity cmpy_v6_0_19.cmpy_3_dsp48_mult [\cmpy_3_dsp48_mult(c_xdevicefami...]
Compiling architecture xilinx of entity cmpy_v6_0_19.delay_line [\delay_line(c_xdevicefamily="art...]
Compiling architecture dsp48e1_v of entity unisim.DSP48E1 [\DSP48E1(acascreg=2,alumodereg=0...]
Compiling architecture xilinx of entity mult_gen_v12_0_16.op_resize [\op_resize(ai_width=21,bi_width=...]
Compiling architecture xilinx of entity mult_gen_v12_0_16.dsp [\dsp(c_xdevicefamily="artix7",c_...]
Compiling architecture xilinx of entity cmpy_v6_0_19.cmpy_3_dsp48_mult [\cmpy_3_dsp48_mult(c_xdevicefami...]
Compiling architecture xilinx of entity mult_gen_v12_0_16.dsp [\dsp(c_xdevicefamily="artix7",c_...]
Compiling architecture xilinx of entity cmpy_v6_0_19.cmpy_3_dsp48_mult [\cmpy_3_dsp48_mult(c_xdevicefami...]
Compiling architecture xilinx of entity cmpy_v6_0_19.input_negation [\input_negation(c_xdevicefamily=...]
Compiling architecture xilinx of entity cmpy_v6_0_19.delay_line [\delay_line(c_xdevicefamily="art...]
Compiling architecture xilinx of entity cmpy_v6_0_19.cmpy_3_dsp48 [\cmpy_3_dsp48(c_xdevicefamily="a...]
Compiling architecture xilinx of entity cmpy_v6_0_19.cmpy_v6_0_19_synth [\cmpy_v6_0_19_synth(c_xdevicefam...]
Compiling architecture xilinx of entity xfft_v9_1_5.cmpy [\cmpy(c_xdevicefamily="artix7",a...]
Compiling architecture xilinx of entity xfft_v9_1_5.shift_ram [\shift_ram(c_xdevicefamily="arti...]
Compiling architecture xilinx of entity xfft_v9_1_5.logic_gate [\logic_gate(c_xdevicefamily="art...]
Compiling architecture rtl of entity c_addsub_v12_0_14.c_addsub_v12_0_14_lut6_legacy [\c_addsub_v12_0_14_lut6_legacy(c...]
Compiling architecture synth of entity c_addsub_v12_0_14.c_addsub_v12_0_14_fabric_legacy [\c_addsub_v12_0_14_fabric_legacy...]
Compiling architecture synth of entity c_addsub_v12_0_14.c_addsub_v12_0_14_legacy [\c_addsub_v12_0_14_legacy(c_fami...]
Compiling architecture synth of entity c_addsub_v12_0_14.c_addsub_v12_0_14_viv [\c_addsub_v12_0_14_viv(c_xdevice...]
Compiling architecture xilinx of entity xfft_v9_1_5.unbiased_round [\unbiased_round(c_xdevicefamily=...]
Compiling architecture struct of entity c_shift_ram_v12_0_14.c_shift_ram_v12_0_14_legacy [\c_shift_ram_v12_0_14_legacy(c_x...]
Compiling architecture synth of entity c_shift_ram_v12_0_14.c_shift_ram_v12_0_14_viv [\c_shift_ram_v12_0_14_viv(c_xdev...]
Compiling architecture xilinx of entity xfft_v9_1_5.shift_ram [\shift_ram(c_xdevicefamily="arti...]
Compiling architecture xilinx of entity xfft_v9_1_5.shift_ram [\shift_ram(c_xdevicefamily="arti...]
Compiling architecture xilinx of entity xfft_v9_1_5.r22_pe [\r22_pe(c_xdevicefamily="artix7"...]
Compiling architecture xilinx of entity xfft_v9_1_5.r22_cnt_ctrl [\r22_cnt_ctrl(c_xdevicefamily="a...]
Compiling architecture xilinx of entity xfft_v9_1_5.r22_cnt_ctrl [\r22_cnt_ctrl(c_xdevicefamily="a...]
Compiling architecture struct of entity c_shift_ram_v12_0_14.c_shift_ram_v12_0_14_legacy [\c_shift_ram_v12_0_14_legacy(c_x...]
Compiling architecture synth of entity c_shift_ram_v12_0_14.c_shift_ram_v12_0_14_viv [\c_shift_ram_v12_0_14_viv(c_xdev...]
Compiling architecture xilinx of entity xfft_v9_1_5.shift_ram [\shift_ram(c_xdevicefamily="arti...]
Compiling architecture struct of entity c_shift_ram_v12_0_14.c_shift_ram_v12_0_14_legacy [\c_shift_ram_v12_0_14_legacy(c_x...]
Compiling architecture synth of entity c_shift_ram_v12_0_14.c_shift_ram_v12_0_14_viv [\c_shift_ram_v12_0_14_viv(c_xdev...]
Compiling architecture xilinx of entity xfft_v9_1_5.shift_ram [\shift_ram(c_xdevicefamily="arti...]
Compiling architecture struct of entity c_shift_ram_v12_0_14.c_shift_ram_v12_0_14_legacy [\c_shift_ram_v12_0_14_legacy(c_x...]
Compiling architecture synth of entity c_shift_ram_v12_0_14.c_shift_ram_v12_0_14_viv [\c_shift_ram_v12_0_14_viv(c_xdev...]
Compiling architecture xilinx of entity xfft_v9_1_5.shift_ram [\shift_ram(c_xdevicefamily="arti...]
Compiling architecture struct of entity c_shift_ram_v12_0_14.c_shift_ram_v12_0_14_legacy [\c_shift_ram_v12_0_14_legacy(c_x...]
Compiling architecture synth of entity c_shift_ram_v12_0_14.c_shift_ram_v12_0_14_viv [\c_shift_ram_v12_0_14_viv(c_xdev...]
Compiling architecture xilinx of entity xfft_v9_1_5.shift_ram [\shift_ram(c_xdevicefamily="arti...]
Compiling architecture structural of entity c_reg_fd_v12_0_6.c_reg_fd_v12_0_6_viv [\c_reg_fd_v12_0_6_viv(c_width=22...]
Compiling architecture rtl of entity c_addsub_v12_0_14.c_addsub_v12_0_14_lut6_legacy [\c_addsub_v12_0_14_lut6_legacy(c...]
Compiling architecture synth of entity c_addsub_v12_0_14.c_addsub_v12_0_14_fabric_legacy [\c_addsub_v12_0_14_fabric_legacy...]
Compiling architecture synth of entity c_addsub_v12_0_14.c_addsub_v12_0_14_legacy [\c_addsub_v12_0_14_legacy(c_fami...]
Compiling architecture synth of entity c_addsub_v12_0_14.c_addsub_v12_0_14_viv [\c_addsub_v12_0_14_viv(c_xdevice...]
Compiling architecture xilinx of entity xfft_v9_1_5.adder [\adder(c_xdevicefamily="artix7",...]
Compiling architecture xilinx of entity xfft_v9_1_5.shift_ram [\shift_ram(c_xdevicefamily="arti...]
Compiling architecture xilinx of entity xfft_v9_1_5.shift_ram [\shift_ram(c_xdevicefamily="arti...]
Compiling architecture xilinx of entity xfft_v9_1_5.mux_bus2 [\mux_bus2(c_xdevicefamily="artix...]
Compiling architecture xilinx of entity xfft_v9_1_5.r22_bf_sp [\r22_bf_sp(c_xdevicefamily="arti...]
Compiling architecture synth of entity xfft_v9_1_5.r22_twos_comp_mux [\r22_twos_comp_mux(c_xdevicefami...]
Compiling architecture synth of entity xfft_v9_1_5.r22_twos_comp_mux [\r22_twos_comp_mux(c_xdevicefami...]
Compiling architecture structural of entity c_reg_fd_v12_0_6.c_reg_fd_v12_0_6_viv [\c_reg_fd_v12_0_6_viv(c_width=23...]
Compiling architecture rtl of entity c_addsub_v12_0_14.c_addsub_v12_0_14_lut6_legacy [\c_addsub_v12_0_14_lut6_legacy(c...]
Compiling architecture synth of entity c_addsub_v12_0_14.c_addsub_v12_0_14_fabric_legacy [\c_addsub_v12_0_14_fabric_legacy...]
Compiling architecture synth of entity c_addsub_v12_0_14.c_addsub_v12_0_14_legacy [\c_addsub_v12_0_14_legacy(c_fami...]
Compiling architecture synth of entity c_addsub_v12_0_14.c_addsub_v12_0_14_viv [\c_addsub_v12_0_14_viv(c_xdevice...]
Compiling architecture xilinx of entity xfft_v9_1_5.adder [\adder(c_xdevicefamily="artix7",...]
Compiling architecture xilinx of entity xfft_v9_1_5.shift_ram [\shift_ram(c_xdevicefamily="arti...]
Compiling architecture xilinx of entity xfft_v9_1_5.mux_bus2 [\mux_bus2(c_xdevicefamily="artix...]
Compiling architecture xilinx of entity xfft_v9_1_5.r22_bf_sp [\r22_bf_sp(c_xdevicefamily="arti...]
Compiling architecture xilinx of entity xfft_v9_1_5.shift_ram [\shift_ram(c_xdevicefamily="arti...]
Compiling architecture struct of entity c_shift_ram_v12_0_14.c_shift_ram_v12_0_14_legacy [\c_shift_ram_v12_0_14_legacy(c_x...]
Compiling architecture synth of entity c_shift_ram_v12_0_14.c_shift_ram_v12_0_14_viv [\c_shift_ram_v12_0_14_viv(c_xdev...]
Compiling architecture xilinx of entity xfft_v9_1_5.shift_ram [\shift_ram(c_xdevicefamily="arti...]
Compiling architecture structural of entity c_reg_fd_v12_0_6.c_reg_fd_v12_0_6_viv [\c_reg_fd_v12_0_6_viv(c_width=3,...]
Compiling architecture rtl of entity c_addsub_v12_0_14.c_addsub_v12_0_14_lut6_legacy [\c_addsub_v12_0_14_lut6_legacy(c...]
Compiling architecture synth of entity c_addsub_v12_0_14.c_addsub_v12_0_14_fabric_legacy [\c_addsub_v12_0_14_fabric_legacy...]
Compiling architecture synth of entity c_addsub_v12_0_14.c_addsub_v12_0_14_legacy [\c_addsub_v12_0_14_legacy(c_fami...]
Compiling architecture synth of entity c_addsub_v12_0_14.c_addsub_v12_0_14_viv [\c_addsub_v12_0_14_viv(c_xdevice...]
Compiling architecture xilinx of entity xfft_v9_1_5.adder [\adder(c_xdevicefamily="artix7",...]
Compiling architecture xilinx of entity xfft_v9_1_5.mux_bus4 [\mux_bus4(c_xdevicefamily="artix...]
Compiling architecture xilinx of entity xfft_v9_1_5.twgen_distmem [\twgen_distmem(theta_width=2,pip...]
Compiling architecture xilinx of entity xfft_v9_1_5.twiddle_gen [\twiddle_gen(c_xdevicefamily="ar...]
Compiling architecture xilinx of entity xfft_v9_1_5.r22_tw_gen [\r22_tw_gen(c_xdevicefamily="art...]
Compiling architecture xilinx of entity cmpy_v6_0_19.delay_line [\delay_line(c_xdevicefamily="art...]
Compiling architecture xilinx of entity mult_gen_v12_0_16.op_resize [\op_resize(ai_width=24,bi_width=...]
Compiling architecture xilinx of entity mult_gen_v12_0_16.dsp [\dsp(c_xdevicefamily="artix7",c_...]
Compiling architecture xilinx of entity cmpy_v6_0_19.cmpy_3_dsp48_mult [\cmpy_3_dsp48_mult(c_xdevicefami...]
Compiling architecture xilinx of entity cmpy_v6_0_19.delay_line [\delay_line(c_xdevicefamily="art...]
Compiling architecture xilinx of entity mult_gen_v12_0_16.op_resize [\op_resize(ai_width=23,bi_width=...]
Compiling architecture xilinx of entity mult_gen_v12_0_16.dsp [\dsp(c_xdevicefamily="artix7",c_...]
Compiling architecture xilinx of entity cmpy_v6_0_19.cmpy_3_dsp48_mult [\cmpy_3_dsp48_mult(c_xdevicefami...]
Compiling architecture xilinx of entity mult_gen_v12_0_16.dsp [\dsp(c_xdevicefamily="artix7",c_...]
Compiling architecture xilinx of entity cmpy_v6_0_19.cmpy_3_dsp48_mult [\cmpy_3_dsp48_mult(c_xdevicefami...]
Compiling architecture xilinx of entity cmpy_v6_0_19.input_negation [\input_negation(c_xdevicefamily=...]
Compiling architecture xilinx of entity cmpy_v6_0_19.delay_line [\delay_line(c_xdevicefamily="art...]
Compiling architecture xilinx of entity cmpy_v6_0_19.cmpy_3_dsp48 [\cmpy_3_dsp48(c_xdevicefamily="a...]
Compiling architecture xilinx of entity cmpy_v6_0_19.cmpy_v6_0_19_synth [\cmpy_v6_0_19_synth(c_xdevicefam...]
Compiling architecture xilinx of entity xfft_v9_1_5.cmpy [\cmpy(c_xdevicefamily="artix7",a...]
Compiling architecture xilinx of entity xfft_v9_1_5.shift_ram [\shift_ram(c_xdevicefamily="arti...]
Compiling architecture xilinx of entity xfft_v9_1_5.logic_gate [\logic_gate(c_xdevicefamily="art...]
Compiling architecture rtl of entity c_addsub_v12_0_14.c_addsub_v12_0_14_lut6_legacy [\c_addsub_v12_0_14_lut6_legacy(c...]
Compiling architecture synth of entity c_addsub_v12_0_14.c_addsub_v12_0_14_fabric_legacy [\c_addsub_v12_0_14_fabric_legacy...]
Compiling architecture synth of entity c_addsub_v12_0_14.c_addsub_v12_0_14_legacy [\c_addsub_v12_0_14_legacy(c_fami...]
Compiling architecture synth of entity c_addsub_v12_0_14.c_addsub_v12_0_14_viv [\c_addsub_v12_0_14_viv(c_xdevice...]
Compiling architecture xilinx of entity xfft_v9_1_5.unbiased_round [\unbiased_round(c_xdevicefamily=...]
Compiling architecture xilinx of entity xfft_v9_1_5.shift_ram [\shift_ram(c_xdevicefamily="arti...]
Compiling architecture xilinx of entity xfft_v9_1_5.shift_ram [\shift_ram(c_xdevicefamily="arti...]
Compiling architecture xilinx of entity xfft_v9_1_5.r22_pe [\r22_pe(c_xdevicefamily="artix7"...]
Compiling architecture structural of entity c_reg_fd_v12_0_6.c_reg_fd_v12_0_6_viv [\c_reg_fd_v12_0_6_viv(c_width=24...]
Compiling architecture rtl of entity c_addsub_v12_0_14.c_addsub_v12_0_14_lut6_legacy [\c_addsub_v12_0_14_lut6_legacy(c...]
Compiling architecture synth of entity c_addsub_v12_0_14.c_addsub_v12_0_14_fabric_legacy [\c_addsub_v12_0_14_fabric_legacy...]
Compiling architecture synth of entity c_addsub_v12_0_14.c_addsub_v12_0_14_legacy [\c_addsub_v12_0_14_legacy(c_fami...]
Compiling architecture synth of entity c_addsub_v12_0_14.c_addsub_v12_0_14_viv [\c_addsub_v12_0_14_viv(c_xdevice...]
Compiling architecture xilinx of entity xfft_v9_1_5.adder [\adder(c_xdevicefamily="artix7",...]
Compiling architecture xilinx of entity xfft_v9_1_5.shift_ram [\shift_ram(c_xdevicefamily="arti...]
Compiling architecture xilinx of entity xfft_v9_1_5.shift_ram [\shift_ram(c_xdevicefamily="arti...]
Compiling architecture xilinx of entity xfft_v9_1_5.mux_bus2 [\mux_bus2(c_xdevicefamily="artix...]
Compiling architecture xilinx of entity xfft_v9_1_5.r22_bf_sp [\r22_bf_sp(c_xdevicefamily="arti...]
Compiling architecture xilinx of entity xfft_v9_1_5.shift_ram [\shift_ram(c_xdevicefamily="arti...]
Compiling architecture xilinx of entity xfft_v9_1_5.shift_ram [\shift_ram(c_xdevicefamily="arti...]
Compiling architecture xilinx of entity xfft_v9_1_5.shift_ram [\shift_ram(c_xdevicefamily="arti...]
Compiling architecture xilinx of entity xfft_v9_1_5.r22_pe [\r22_pe(c_xdevicefamily="artix7"...]
Compiling architecture xilinx of entity xfft_v9_1_5.shift_ram [\shift_ram(c_xdevicefamily="arti...]
Compiling architecture xilinx of entity xfft_v9_1_5.shift_ram [\shift_ram(c_xdevicefamily="arti...]
Compiling architecture xilinx of entity xfft_v9_1_5.shift_ram [\shift_ram(c_xdevicefamily="arti...]
Compiling architecture xilinx of entity xfft_v9_1_5.shift_ram [\shift_ram(c_xdevicefamily="arti...]
Compiling architecture xilinx of entity xfft_v9_1_5.shift_ram [\shift_ram(c_xdevicefamily="arti...]
Compiling architecture synth of entity xfft_v9_1_5.r22_shift_decode [\r22_shift_decode(c_nfft_max=7,c...]
Compiling architecture muxf7_v of entity unisim.MUXF7 [muxf7_default]
Compiling architecture muxf8_v of entity unisim.MUXF8 [muxf8_default]
Compiling architecture xilinx of entity xfft_v9_1_5.mux_bus16 [\mux_bus16(c_xdevicefamily="arti...]
Compiling architecture xilinx of entity xfft_v9_1_5.r22_right_shift [\r22_right_shift(c_xdevicefamily...]
Compiling architecture xilinx of entity xfft_v9_1_5.shift_ram [\shift_ram(c_xdevicefamily="arti...]
Compiling architecture xilinx of entity xfft_v9_1_5.r22_var_unbiased_round [\r22_var_unbiased_round(c_xdevic...]
Compiling architecture xilinx of entity xfft_v9_1_5.shift_ram [\shift_ram(c_xdevicefamily="arti...]
Compiling architecture xilinx of entity xfft_v9_1_5.shift_ram [\shift_ram(c_xdevicefamily="arti...]
Compiling architecture xilinx of entity xfft_v9_1_5.shift_ram [\shift_ram(c_xdevicefamily="arti...]
Compiling architecture rb18_internal_vhdl_v of entity unisim.RB18_INTERNAL_VHDL [\RB18_INTERNAL_VHDL(bram_size=18...]
Compiling architecture ramb18e1_v of entity unisim.RAMB18E1 [\RAMB18E1(doa_reg=1,dob_reg=1,ra...]
Compiling architecture xilinx of entity xfft_v9_1_5.dpm [\dpm(c_xdevicefamily="artix7",wm...]
Compiling architecture xilinx of entity xfft_v9_1_5.r22_memory [\r22_memory(c_xdevicefamily="art...]
Compiling architecture xilinx of entity xfft_v9_1_5.shift_ram [\shift_ram(c_xdevicefamily="arti...]
Compiling architecture xilinx of entity xfft_v9_1_5.shift_ram [\shift_ram(c_xdevicefamily="arti...]
Compiling architecture xilinx of entity xfft_v9_1_5.shift_ram [\shift_ram(c_xdevicefamily="arti...]
Compiling architecture xilinx of entity xfft_v9_1_5.shift_ram [\shift_ram(c_xdevicefamily="arti...]
Compiling architecture xilinx of entity xfft_v9_1_5.r22_busy [\r22_busy(c_xdevicefamily="artix...]
Compiling architecture fdre_v of entity unisim.FDRE [fdre_default]
Compiling architecture muxcy_v of entity unisim.MUXCY [muxcy_default]
Compiling architecture xorcy_v of entity unisim.XORCY [xorcy_default]
Compiling architecture rtl of entity c_addsub_v12_0_14.c_addsub_v12_0_14_lut6_legacy [\c_addsub_v12_0_14_lut6_legacy(c...]
Compiling architecture synth of entity c_addsub_v12_0_14.c_addsub_v12_0_14_fabric_legacy [\c_addsub_v12_0_14_fabric_legacy...]
Compiling architecture synth of entity c_addsub_v12_0_14.c_addsub_v12_0_14_legacy [\c_addsub_v12_0_14_legacy(c_fami...]
Compiling architecture synth of entity c_addsub_v12_0_14.c_addsub_v12_0_14_viv [\c_addsub_v12_0_14_viv(c_xdevice...]
Compiling architecture xilinx of entity xfft_v9_1_5.logic_gate [\logic_gate(c_xdevicefamily="art...]
Compiling architecture fdse_v of entity unisim.FDSE [fdse_default]
Compiling architecture xilinx of entity xfft_v9_1_5.cnt_sat [\cnt_sat(c_xdevicefamily="artix7...]
Compiling architecture rtl of entity c_addsub_v12_0_14.c_addsub_v12_0_14_lut6_legacy [\c_addsub_v12_0_14_lut6_legacy(c...]
Compiling architecture synth of entity c_addsub_v12_0_14.c_addsub_v12_0_14_fabric_legacy [\c_addsub_v12_0_14_fabric_legacy...]
Compiling architecture synth of entity c_addsub_v12_0_14.c_addsub_v12_0_14_legacy [\c_addsub_v12_0_14_legacy(c_fami...]
Compiling architecture synth of entity c_addsub_v12_0_14.c_addsub_v12_0_14_viv [\c_addsub_v12_0_14_viv(c_xdevice...]
Compiling architecture xilinx of entity xfft_v9_1_5.logic_gate [\logic_gate(c_xdevicefamily="art...]
Compiling architecture xilinx of entity xfft_v9_1_5.cnt_sat [\cnt_sat(c_xdevicefamily="artix7...]
Compiling architecture rtl of entity c_addsub_v12_0_14.c_addsub_v12_0_14_lut6_legacy [\c_addsub_v12_0_14_lut6_legacy(c...]
Compiling architecture synth of entity c_addsub_v12_0_14.c_addsub_v12_0_14_fabric_legacy [\c_addsub_v12_0_14_fabric_legacy...]
Compiling architecture synth of entity c_addsub_v12_0_14.c_addsub_v12_0_14_legacy [\c_addsub_v12_0_14_legacy(c_fami...]
Compiling architecture synth of entity c_addsub_v12_0_14.c_addsub_v12_0_14_viv [\c_addsub_v12_0_14_viv(c_xdevice...]
Compiling architecture xilinx of entity xfft_v9_1_5.logic_gate [\logic_gate(c_xdevicefamily="art...]
Compiling architecture xilinx of entity xfft_v9_1_5.cnt_sat [\cnt_sat(c_xdevicefamily="artix7...]
Compiling architecture xilinx of entity xfft_v9_1_5.logic_gate [\logic_gate(c_xdevicefamily="art...]
Compiling architecture xilinx of entity xfft_v9_1_5.cnt_sat [\cnt_sat(c_xdevicefamily="artix7...]
Compiling architecture rtl of entity c_addsub_v12_0_14.c_addsub_v12_0_14_lut6_legacy [\c_addsub_v12_0_14_lut6_legacy(c...]
Compiling architecture synth of entity c_addsub_v12_0_14.c_addsub_v12_0_14_fabric_legacy [\c_addsub_v12_0_14_fabric_legacy...]
Compiling architecture synth of entity c_addsub_v12_0_14.c_addsub_v12_0_14_legacy [\c_addsub_v12_0_14_legacy(c_fami...]
Compiling architecture synth of entity c_addsub_v12_0_14.c_addsub_v12_0_14_viv [\c_addsub_v12_0_14_viv(c_xdevice...]
Compiling architecture xilinx of entity xfft_v9_1_5.logic_gate [\logic_gate(c_xdevicefamily="art...]
Compiling architecture xilinx of entity xfft_v9_1_5.cnt_sat [\cnt_sat(c_xdevicefamily="artix7...]
Compiling architecture structural of entity c_reg_fd_v12_0_6.c_reg_fd_v12_0_6_viv [\c_reg_fd_v12_0_6_viv(c_width=7,...]
Compiling architecture rtl of entity c_addsub_v12_0_14.c_addsub_v12_0_14_lut6_legacy [\c_addsub_v12_0_14_lut6_legacy(c...]
Compiling architecture synth of entity c_addsub_v12_0_14.c_addsub_v12_0_14_fabric_legacy [\c_addsub_v12_0_14_fabric_legacy...]
Compiling architecture synth of entity c_addsub_v12_0_14.c_addsub_v12_0_14_legacy [\c_addsub_v12_0_14_legacy(c_fami...]
Compiling architecture synth of entity c_addsub_v12_0_14.c_addsub_v12_0_14_viv [\c_addsub_v12_0_14_viv(c_xdevice...]
Compiling architecture lut6_v of entity unisim.LUT6 [\LUT6(init="10010000000010010000...]
Compiling architecture xilinx of entity xfft_v9_1_5.equ_rtl [\equ_rtl(c_xdevicefamily="artix7...]
Compiling architecture xilinx of entity xfft_v9_1_5.cnt_tc_rtl_a [\cnt_tc_rtl_a(c_xdevicefamily="a...]
Compiling architecture struct of entity c_shift_ram_v12_0_14.c_shift_ram_v12_0_14_legacy [\c_shift_ram_v12_0_14_legacy(c_x...]
Compiling architecture synth of entity c_shift_ram_v12_0_14.c_shift_ram_v12_0_14_viv [\c_shift_ram_v12_0_14_viv(c_xdev...]
Compiling architecture xilinx of entity xfft_v9_1_5.shift_ram [\shift_ram(c_xdevicefamily="arti...]
Compiling architecture xilinx of entity xfft_v9_1_5.r22_flow_ctrl [\r22_flow_ctrl(c_xdevicefamily="...]
Compiling architecture lut3_v of entity unisim.LUT3 [\LUT3(init="10101110")(0,7)\]
Compiling architecture xilinx of entity xfft_v9_1_5.r22_cnt_ctrl [\r22_cnt_ctrl(c_xdevicefamily="a...]
Compiling architecture srl16e_v of entity unisim.SRL16E [\SRL16E(0,15)\]
Compiling architecture xilinx of entity xfft_v9_1_5.shift_ram [\shift_ram(c_xdevicefamily="arti...]
Compiling architecture fdr_v of entity unisim.FDR [fdr_default]
Compiling architecture xilinx of entity xfft_v9_1_5.shift_ram [\shift_ram(c_xdevicefamily="arti...]
Compiling architecture xilinx of entity xfft_v9_1_5.shift_ram [\shift_ram(c_xdevicefamily="arti...]
Compiling architecture xilinx of entity xfft_v9_1_5.xfft_v9_1_5_d [\xfft_v9_1_5_d(c_xdevicefamily="...]
Compiling architecture synth of entity xfft_v9_1_5.xfft_v9_1_5_core [\xfft_v9_1_5_core(c_xdevicefamil...]
Compiling architecture synth of entity xfft_v9_1_5.xfft_v9_1_5_viv [\xfft_v9_1_5_viv(c_xdevicefamily...]
Compiling architecture xilinx of entity xfft_v9_1_5.xfft_v9_1_5 [\xfft_v9_1_5(c_xdevicefamily="ar...]
Compiling architecture xfft_0_arch of entity xil_defaultlib.xfft_0 [xfft_0_default]
Compiling architecture synth of entity xbip_pipe_v3_0_6.xbip_pipe_v3_0_6_viv [\xbip_pipe_v3_0_6_viv(c_latency=...]
Compiling architecture struct_all of entity cordic_v6_0_16.delay [\delay(delay_len=0,family="artix...]
Compiling architecture rtl of entity c_addsub_v12_0_14.c_addsub_v12_0_14_lut6_legacy [\c_addsub_v12_0_14_lut6_legacy(c...]
Compiling architecture synth of entity c_addsub_v12_0_14.c_addsub_v12_0_14_fabric_legacy [\c_addsub_v12_0_14_fabric_legacy...]
Compiling architecture synth of entity c_addsub_v12_0_14.c_addsub_v12_0_14_legacy [\c_addsub_v12_0_14_legacy(c_fami...]
Compiling architecture synth of entity c_addsub_v12_0_14.c_addsub_v12_0_14_viv [\c_addsub_v12_0_14_viv(c_xdevice...]
Compiling architecture synth of entity cordic_v6_0_16.addsub [\addsub(family="artix7",add_mode...]
Compiling architecture struct_all of entity cordic_v6_0_16.delay [\delay(delay_len=0,family="artix...]
Compiling architecture struct_all of entity cordic_v6_0_16.delay [\delay(delay_len=4,family="artix...]
Compiling architecture synth of entity cordic_v6_0_16.cordic_sqrt_mod [\cordic_sqrt_mod(p_xdevicefamily...]
Compiling architecture struct_all of entity cordic_v6_0_16.delay [\delay(delay_len=1,family="artix...]
Compiling architecture rtl of entity c_addsub_v12_0_14.c_addsub_v12_0_14_lut6_legacy [\c_addsub_v12_0_14_lut6_legacy(c...]
Compiling architecture synth of entity c_addsub_v12_0_14.c_addsub_v12_0_14_fabric_legacy [\c_addsub_v12_0_14_fabric_legacy...]
Compiling architecture synth of entity c_addsub_v12_0_14.c_addsub_v12_0_14_legacy [\c_addsub_v12_0_14_legacy(c_fami...]
Compiling architecture synth of entity c_addsub_v12_0_14.c_addsub_v12_0_14_viv [\c_addsub_v12_0_14_viv(c_xdevice...]
Compiling architecture synth of entity cordic_v6_0_16.addsub [\addsub(family="artix7",add_mode...]
Compiling architecture struct_all of entity cordic_v6_0_16.delay [\delay(delay_len=1,family="artix...]
Compiling architecture synth of entity cordic_v6_0_16.cordic_sqrt_mod [\cordic_sqrt_mod(p_xdevicefamily...]
Compiling architecture struct_all of entity cordic_v6_0_16.delay [\delay(delay_len=1,family="artix...]
Compiling architecture rtl of entity c_addsub_v12_0_14.c_addsub_v12_0_14_lut6_legacy [\c_addsub_v12_0_14_lut6_legacy(c...]
Compiling architecture synth of entity c_addsub_v12_0_14.c_addsub_v12_0_14_fabric_legacy [\c_addsub_v12_0_14_fabric_legacy...]
Compiling architecture synth of entity c_addsub_v12_0_14.c_addsub_v12_0_14_legacy [\c_addsub_v12_0_14_legacy(c_fami...]
Compiling architecture synth of entity c_addsub_v12_0_14.c_addsub_v12_0_14_viv [\c_addsub_v12_0_14_viv(c_xdevice...]
Compiling architecture synth of entity cordic_v6_0_16.addsub [\addsub(family="artix7",add_mode...]
Compiling architecture struct_all of entity cordic_v6_0_16.delay [\delay(delay_len=1,family="artix...]
Compiling architecture struct_all of entity cordic_v6_0_16.delay [\delay(delay_len=3,family="artix...]
Compiling architecture synth of entity cordic_v6_0_16.cordic_sqrt_mod [\cordic_sqrt_mod(p_xdevicefamily...]
Compiling architecture struct_all of entity cordic_v6_0_16.delay [\delay(delay_len=0,family="artix...]
Compiling architecture rtl of entity c_addsub_v12_0_14.c_addsub_v12_0_14_lut6_legacy [\c_addsub_v12_0_14_lut6_legacy(c...]
Compiling architecture synth of entity c_addsub_v12_0_14.c_addsub_v12_0_14_fabric_legacy [\c_addsub_v12_0_14_fabric_legacy...]
Compiling architecture synth of entity c_addsub_v12_0_14.c_addsub_v12_0_14_legacy [\c_addsub_v12_0_14_legacy(c_fami...]
Compiling architecture synth of entity c_addsub_v12_0_14.c_addsub_v12_0_14_viv [\c_addsub_v12_0_14_viv(c_xdevice...]
Compiling architecture synth of entity cordic_v6_0_16.addsub [\addsub(family="artix7",add_mode...]
Compiling architecture struct_all of entity cordic_v6_0_16.delay [\delay(delay_len=0,family="artix...]
Compiling architecture struct_all of entity cordic_v6_0_16.delay [\delay(delay_len=5,family="artix...]
Compiling architecture synth of entity cordic_v6_0_16.cordic_sqrt_mod [\cordic_sqrt_mod(p_xdevicefamily...]
Compiling architecture struct_all of entity cordic_v6_0_16.delay [\delay(delay_len=0,family="artix...]
Compiling architecture rtl of entity c_addsub_v12_0_14.c_addsub_v12_0_14_lut6_legacy [\c_addsub_v12_0_14_lut6_legacy(c...]
Compiling architecture synth of entity c_addsub_v12_0_14.c_addsub_v12_0_14_fabric_legacy [\c_addsub_v12_0_14_fabric_legacy...]
Compiling architecture synth of entity c_addsub_v12_0_14.c_addsub_v12_0_14_legacy [\c_addsub_v12_0_14_legacy(c_fami...]
Compiling architecture synth of entity c_addsub_v12_0_14.c_addsub_v12_0_14_viv [\c_addsub_v12_0_14_viv(c_xdevice...]
Compiling architecture synth of entity cordic_v6_0_16.addsub [\addsub(family="artix7",add_mode...]
Compiling architecture struct_all of entity cordic_v6_0_16.delay [\delay(delay_len=0,family="artix...]
Compiling architecture synth of entity cordic_v6_0_16.cordic_sqrt_mod [\cordic_sqrt_mod(p_xdevicefamily...]
Compiling architecture struct_all of entity cordic_v6_0_16.delay [\delay(delay_len=1,family="artix...]
Compiling architecture rtl of entity c_addsub_v12_0_14.c_addsub_v12_0_14_lut6_legacy [\c_addsub_v12_0_14_lut6_legacy(c...]
Compiling architecture synth of entity c_addsub_v12_0_14.c_addsub_v12_0_14_fabric_legacy [\c_addsub_v12_0_14_fabric_legacy...]
Compiling architecture synth of entity c_addsub_v12_0_14.c_addsub_v12_0_14_legacy [\c_addsub_v12_0_14_legacy(c_fami...]
Compiling architecture synth of entity c_addsub_v12_0_14.c_addsub_v12_0_14_viv [\c_addsub_v12_0_14_viv(c_xdevice...]
Compiling architecture synth of entity cordic_v6_0_16.addsub [\addsub(family="artix7",add_mode...]
Compiling architecture struct_all of entity cordic_v6_0_16.delay [\delay(delay_len=1,family="artix...]
Compiling architecture synth of entity cordic_v6_0_16.cordic_sqrt_mod [\cordic_sqrt_mod(p_xdevicefamily...]
Compiling architecture struct_all of entity cordic_v6_0_16.delay [\delay(delay_len=1,family="artix...]
Compiling architecture rtl of entity c_addsub_v12_0_14.c_addsub_v12_0_14_lut6_legacy [\c_addsub_v12_0_14_lut6_legacy(c...]
Compiling architecture synth of entity c_addsub_v12_0_14.c_addsub_v12_0_14_fabric_legacy [\c_addsub_v12_0_14_fabric_legacy...]
Compiling architecture synth of entity c_addsub_v12_0_14.c_addsub_v12_0_14_legacy [\c_addsub_v12_0_14_legacy(c_fami...]
Compiling architecture synth of entity c_addsub_v12_0_14.c_addsub_v12_0_14_viv [\c_addsub_v12_0_14_viv(c_xdevice...]
Compiling architecture synth of entity cordic_v6_0_16.addsub [\addsub(family="artix7",add_mode...]
Compiling architecture struct_all of entity cordic_v6_0_16.delay [\delay(delay_len=1,family="artix...]
Compiling architecture struct_all of entity cordic_v6_0_16.delay [\delay(delay_len=2,family="artix...]
Compiling architecture synth of entity cordic_v6_0_16.cordic_sqrt_mod [\cordic_sqrt_mod(p_xdevicefamily...]
Compiling architecture struct_all of entity cordic_v6_0_16.delay [\delay(delay_len=0,family="artix...]
Compiling architecture rtl of entity c_addsub_v12_0_14.c_addsub_v12_0_14_lut6_legacy [\c_addsub_v12_0_14_lut6_legacy(c...]
Compiling architecture synth of entity c_addsub_v12_0_14.c_addsub_v12_0_14_fabric_legacy [\c_addsub_v12_0_14_fabric_legacy...]
Compiling architecture synth of entity c_addsub_v12_0_14.c_addsub_v12_0_14_legacy [\c_addsub_v12_0_14_legacy(c_fami...]
Compiling architecture synth of entity c_addsub_v12_0_14.c_addsub_v12_0_14_viv [\c_addsub_v12_0_14_viv(c_xdevice...]
Compiling architecture synth of entity cordic_v6_0_16.addsub [\addsub(family="artix7",add_mode...]
Compiling architecture struct_all of entity cordic_v6_0_16.delay [\delay(delay_len=0,family="artix...]
Compiling architecture struct_all of entity cordic_v6_0_16.delay [\delay(delay_len=6,family="artix...]
Compiling architecture synth of entity cordic_v6_0_16.cordic_sqrt_mod [\cordic_sqrt_mod(p_xdevicefamily...]
Compiling architecture struct_all of entity cordic_v6_0_16.delay [\delay(delay_len=0,family="artix...]
Compiling architecture rtl of entity c_addsub_v12_0_14.c_addsub_v12_0_14_lut6_legacy [\c_addsub_v12_0_14_lut6_legacy(c...]
Compiling architecture synth of entity c_addsub_v12_0_14.c_addsub_v12_0_14_fabric_legacy [\c_addsub_v12_0_14_fabric_legacy...]
Compiling architecture synth of entity c_addsub_v12_0_14.c_addsub_v12_0_14_legacy [\c_addsub_v12_0_14_legacy(c_fami...]
Compiling architecture synth of entity c_addsub_v12_0_14.c_addsub_v12_0_14_viv [\c_addsub_v12_0_14_viv(c_xdevice...]
Compiling architecture synth of entity cordic_v6_0_16.addsub [\addsub(family="artix7",add_mode...]
Compiling architecture struct_all of entity cordic_v6_0_16.delay [\delay(delay_len=0,family="artix...]
Compiling architecture synth of entity cordic_v6_0_16.cordic_sqrt_mod [\cordic_sqrt_mod(p_xdevicefamily...]
Compiling architecture struct_all of entity cordic_v6_0_16.delay [\delay(delay_len=1,family="artix...]
Compiling architecture rtl of entity c_addsub_v12_0_14.c_addsub_v12_0_14_lut6_legacy [\c_addsub_v12_0_14_lut6_legacy(c...]
Compiling architecture synth of entity c_addsub_v12_0_14.c_addsub_v12_0_14_fabric_legacy [\c_addsub_v12_0_14_fabric_legacy...]
Compiling architecture synth of entity c_addsub_v12_0_14.c_addsub_v12_0_14_legacy [\c_addsub_v12_0_14_legacy(c_fami...]
Compiling architecture synth of entity c_addsub_v12_0_14.c_addsub_v12_0_14_viv [\c_addsub_v12_0_14_viv(c_xdevice...]
Compiling architecture synth of entity cordic_v6_0_16.addsub [\addsub(family="artix7",add_mode...]
Compiling architecture struct_all of entity cordic_v6_0_16.delay [\delay(delay_len=1,family="artix...]
Compiling architecture synth of entity cordic_v6_0_16.cordic_sqrt_mod [\cordic_sqrt_mod(p_xdevicefamily...]
Compiling architecture struct_all of entity cordic_v6_0_16.delay [\delay(delay_len=1,family="artix...]
Compiling architecture rtl of entity c_addsub_v12_0_14.c_addsub_v12_0_14_lut6_legacy [\c_addsub_v12_0_14_lut6_legacy(c...]
Compiling architecture synth of entity c_addsub_v12_0_14.c_addsub_v12_0_14_fabric_legacy [\c_addsub_v12_0_14_fabric_legacy...]
Compiling architecture synth of entity c_addsub_v12_0_14.c_addsub_v12_0_14_legacy [\c_addsub_v12_0_14_legacy(c_fami...]
Compiling architecture synth of entity c_addsub_v12_0_14.c_addsub_v12_0_14_viv [\c_addsub_v12_0_14_viv(c_xdevice...]
Compiling architecture synth of entity cordic_v6_0_16.addsub [\addsub(family="artix7",add_mode...]
Compiling architecture struct_all of entity cordic_v6_0_16.delay [\delay(delay_len=1,family="artix...]
Compiling architecture struct_all of entity cordic_v6_0_16.delay [\delay(delay_len=1,family="artix...]
Compiling architecture synth of entity cordic_v6_0_16.cordic_sqrt_mod [\cordic_sqrt_mod(p_xdevicefamily...]
Compiling architecture struct_all of entity cordic_v6_0_16.delay [\delay(delay_len=0,family="artix...]
Compiling architecture rtl of entity c_addsub_v12_0_14.c_addsub_v12_0_14_lut6_legacy [\c_addsub_v12_0_14_lut6_legacy(c...]
Compiling architecture synth of entity c_addsub_v12_0_14.c_addsub_v12_0_14_fabric_legacy [\c_addsub_v12_0_14_fabric_legacy...]
Compiling architecture synth of entity c_addsub_v12_0_14.c_addsub_v12_0_14_legacy [\c_addsub_v12_0_14_legacy(c_fami...]
Compiling architecture synth of entity c_addsub_v12_0_14.c_addsub_v12_0_14_viv [\c_addsub_v12_0_14_viv(c_xdevice...]
Compiling architecture synth of entity cordic_v6_0_16.addsub [\addsub(family="artix7",add_mode...]
Compiling architecture struct_all of entity cordic_v6_0_16.delay [\delay(delay_len=0,family="artix...]
Compiling architecture struct_all of entity cordic_v6_0_16.delay [\delay(delay_len=7,family="artix...]
Compiling architecture synth of entity cordic_v6_0_16.cordic_sqrt_mod [\cordic_sqrt_mod(p_xdevicefamily...]
Compiling architecture struct_all of entity cordic_v6_0_16.delay [\delay(delay_len=0,family="artix...]
Compiling architecture rtl of entity c_addsub_v12_0_14.c_addsub_v12_0_14_lut6_legacy [\c_addsub_v12_0_14_lut6_legacy(c...]
Compiling architecture synth of entity c_addsub_v12_0_14.c_addsub_v12_0_14_fabric_legacy [\c_addsub_v12_0_14_fabric_legacy...]
Compiling architecture synth of entity c_addsub_v12_0_14.c_addsub_v12_0_14_legacy [\c_addsub_v12_0_14_legacy(c_fami...]
Compiling architecture synth of entity c_addsub_v12_0_14.c_addsub_v12_0_14_viv [\c_addsub_v12_0_14_viv(c_xdevice...]
Compiling architecture synth of entity cordic_v6_0_16.addsub [\addsub(family="artix7",add_mode...]
Compiling architecture struct_all of entity cordic_v6_0_16.delay [\delay(delay_len=0,family="artix...]
Compiling architecture synth of entity cordic_v6_0_16.cordic_sqrt_mod [\cordic_sqrt_mod(p_xdevicefamily...]
Compiling architecture struct_all of entity cordic_v6_0_16.delay [\delay(delay_len=1,family="artix...]
Compiling architecture rtl of entity c_addsub_v12_0_14.c_addsub_v12_0_14_lut6_legacy [\c_addsub_v12_0_14_lut6_legacy(c...]
Compiling architecture synth of entity c_addsub_v12_0_14.c_addsub_v12_0_14_fabric_legacy [\c_addsub_v12_0_14_fabric_legacy...]
Compiling architecture synth of entity c_addsub_v12_0_14.c_addsub_v12_0_14_legacy [\c_addsub_v12_0_14_legacy(c_fami...]
Compiling architecture synth of entity c_addsub_v12_0_14.c_addsub_v12_0_14_viv [\c_addsub_v12_0_14_viv(c_xdevice...]
Compiling architecture synth of entity cordic_v6_0_16.addsub [\addsub(family="artix7",add_mode...]
Compiling architecture struct_all of entity cordic_v6_0_16.delay [\delay(delay_len=1,family="artix...]
Compiling architecture synth of entity cordic_v6_0_16.cordic_sqrt_mod [\cordic_sqrt_mod(p_xdevicefamily...]
Compiling architecture struct_all of entity cordic_v6_0_16.delay [\delay(delay_len=1,family="artix...]
Compiling architecture rtl of entity c_addsub_v12_0_14.c_addsub_v12_0_14_lut6_legacy [\c_addsub_v12_0_14_lut6_legacy(c...]
Compiling architecture synth of entity c_addsub_v12_0_14.c_addsub_v12_0_14_fabric_legacy [\c_addsub_v12_0_14_fabric_legacy...]
Compiling architecture synth of entity c_addsub_v12_0_14.c_addsub_v12_0_14_legacy [\c_addsub_v12_0_14_legacy(c_fami...]
Compiling architecture synth of entity c_addsub_v12_0_14.c_addsub_v12_0_14_viv [\c_addsub_v12_0_14_viv(c_xdevice...]
Compiling architecture synth of entity cordic_v6_0_16.addsub [\addsub(family="artix7",add_mode...]
Compiling architecture struct_all of entity cordic_v6_0_16.delay [\delay(delay_len=1,family="artix...]
Compiling architecture struct_all of entity cordic_v6_0_16.delay [\delay(delay_len=0,family="artix...]
Compiling architecture synth of entity cordic_v6_0_16.cordic_sqrt_mod [\cordic_sqrt_mod(p_xdevicefamily...]
Compiling architecture structural of entity c_reg_fd_v12_0_6.c_reg_fd_v12_0_6_viv [\c_reg_fd_v12_0_6_viv(c_width=19...]
Compiling architecture rtl of entity c_addsub_v12_0_14.c_addsub_v12_0_14_lut6_legacy [\c_addsub_v12_0_14_lut6_legacy(c...]
Compiling architecture synth of entity c_addsub_v12_0_14.c_addsub_v12_0_14_fabric_legacy [\c_addsub_v12_0_14_fabric_legacy...]
Compiling architecture synth of entity c_addsub_v12_0_14.c_addsub_v12_0_14_legacy [\c_addsub_v12_0_14_legacy(c_fami...]
Compiling architecture synth of entity c_addsub_v12_0_14.c_addsub_v12_0_14_viv [\c_addsub_v12_0_14_viv(c_xdevice...]
Compiling architecture synth of entity cordic_v6_0_16.addsub [\addsub(family="artix7",add_mode...]
Compiling architecture rtl of entity c_addsub_v12_0_14.c_addsub_v12_0_14_lut6_legacy [\c_addsub_v12_0_14_lut6_legacy(c...]
Compiling architecture synth of entity c_addsub_v12_0_14.c_addsub_v12_0_14_fabric_legacy [\c_addsub_v12_0_14_fabric_legacy...]
Compiling architecture synth of entity c_addsub_v12_0_14.c_addsub_v12_0_14_legacy [\c_addsub_v12_0_14_legacy(c_fami...]
Compiling architecture synth of entity c_addsub_v12_0_14.c_addsub_v12_0_14_viv [\c_addsub_v12_0_14_viv(c_xdevice...]
Compiling architecture synth of entity cordic_v6_0_16.addsub [\addsub(family="artix7",add_mode...]
Compiling architecture struct_all of entity cordic_v6_0_16.delay [\delay(delay_len=0,family="artix...]
Compiling architecture struct_all of entity cordic_v6_0_16.delay [\delay(delay_len=8,family="artix...]
Compiling architecture synth of entity cordic_v6_0_16.cordic_sqrt_mod [\cordic_sqrt_mod(p_xdevicefamily...]
Compiling architecture struct_all of entity cordic_v6_0_16.delay [\delay(delay_len=0,family="artix...]
Compiling architecture struct_all of entity cordic_v6_0_16.delay_bit [\delay_bit(delay_len=0,family="a...]
Compiling architecture struct_all of entity cordic_v6_0_16.delay_bit [\delay_bit(delay_len=8,family="a...]
Compiling architecture synth of entity cordic_v6_0_16.cordic_sqrt [\cordic_sqrt(p_xdevicefamily="ar...]
Compiling architecture synth of entity cordic_v6_0_16.cordic_v6_0_16_synth [\cordic_v6_0_16_synth(c_architec...]
Compiling architecture synth of entity cordic_v6_0_16.cordic_v6_0_16_viv [\cordic_v6_0_16_viv(c_architectu...]
Compiling architecture xilinx of entity cordic_v6_0_16.cordic_v6_0_16 [\cordic_v6_0_16(c_architecture=2...]
Compiling architecture cordic_0_arch of entity xil_defaultlib.cordic_0 [cordic_0_default]
Compiling module xil_defaultlib.data_modulus
Compiling module xil_defaultlib.ram_wr_ctrl
Compiling module blk_mem_gen_v8_4_4.blk_mem_gen_v8_4_4_output_stage(...
Compiling module blk_mem_gen_v8_4_4.blk_mem_gen_v8_4_4_softecc_outpu...
Compiling module blk_mem_gen_v8_4_4.blk_mem_gen_v8_4_4_mem_module(C_...
Compiling module blk_mem_gen_v8_4_4.blk_mem_gen_v8_4_4(C_FAMILY="art...
Compiling module xil_defaultlib.ram_4096x16
Compiling module xil_defaultlib.wave_freq
Compiling module xil_defaultlib.dds
Compiling module xil_defaultlib.top
Compiling module xil_defaultlib.top_tb
Compiling module xil_defaultlib.glbl
Built simulation snapshot top_tb_behav
run_program: Time (s): cpu = 00:00:03 ; elapsed = 00:00:52 . Memory (MB): peak = 1448.223 ; gain = 0.000
INFO: [USF-XSim-69] 'elaborate' step finished in '52' seconds
INFO: [USF-XSim-4] XSim::Simulate design
INFO: [USF-XSim-61] Executing 'SIMULATE' step in 'C:/Users/sb/Desktop/git/jnu2023h/jnu2023h.sim/sim_1/behav/xsim'
INFO: [USF-XSim-98] *** Running xsim
   with args "top_tb_behav -key {Behavioral:sim_1:Functional:top_tb} -tclbatch {top_tb.tcl} -log {simulate.log}"
INFO: [USF-XSim-8] Loading simulator feature
Vivado Simulator 2020.2
Time resolution is 1 ps
source top_tb.tcl
# set curr_wave [current_wave_config]
# if { [string length $curr_wave] == 0 } {
#   if { [llength [get_objects]] > 0} {
#     add_wave /
#     set_property needs_save false [current_wave_config]
#   } else {
#      send_msg_id Add_Wave-1 WARNING "No top level signals found. Simulator will start without a wave window. If you want to open a wave window go to 'File->New Waveform Configuration' or type 'create_wave_config' in the TCL console."
#   }
# }
# run 1000ns
 Block Memory Generator module loading initial data...
 Block Memory Generator data initialization complete.
Block Memory Generator module top_tb.u_rom_1000x8b3.inst.\native_mem_module.blk_mem_gen_v8_4_4_inst  is using a behavioral model for simulation which will not precisely model memory collision behavior.
 Block Memory Generator module loading initial data...
 Block Memory Generator data initialization complete.
Block Memory Generator module top_tb.u_rom_1000x8b4.inst.\native_mem_module.blk_mem_gen_v8_4_4_inst  is using a behavioral model for simulation which will not precisely model memory collision behavior.
Block Memory Generator module top_tb.u_top.u_ram_4096x16.inst.\native_mem_module.blk_mem_gen_v8_4_4_inst  is using a behavioral model for simulation which will not precisely model memory collision behavior.
 Block Memory Generator module loading initial data...
 Block Memory Generator data initialization complete.
Block Memory Generator module top_tb.u_top.u_dds.u_rom_1000x8b1.inst.\native_mem_module.blk_mem_gen_v8_4_4_inst  is using a behavioral model for simulation which will not precisely model memory collision behavior.
 Block Memory Generator module loading initial data...
 Block Memory Generator data initialization complete.
Block Memory Generator module top_tb.u_top.u_dds.u_rom_1000x8b2.inst.\native_mem_module.blk_mem_gen_v8_4_4_inst  is using a behavioral model for simulation which will not precisely model memory collision behavior.
INFO: [USF-XSim-96] XSim completed. Design snapshot 'top_tb_behav' loaded.
INFO: [USF-XSim-97] XSim simulation ran for 1000ns
launch_simulation: Time (s): cpu = 00:00:06 ; elapsed = 00:00:59 . Memory (MB): peak = 1449.566 ; gain = 1.344
close_sim
INFO: [Simtcl 6-16] Simulation closed
launch_simulation
Command: launch_simulation 
INFO: [Vivado 12-5698] Checking validity of IPs in the design for the 'XSim' simulator...
INFO: [Vivado 12-5682] Launching behavioral simulation in 'C:/Users/sb/Desktop/git/jnu2023h/jnu2023h.sim/sim_1/behav/xsim'
INFO: [Vivado 12-4795] Using compiled simulation libraries for IPs
INFO: [SIM-utils-51] Simulation object is 'sim_1'
INFO: [USF-XSim-7] Finding pre-compiled libraries...
INFO: [USF-XSim-11] File 'E:/Xilinx/Vivado/2020.2/data/xsim/xsim.ini' copied to run dir:'C:/Users/sb/Desktop/git/jnu2023h/jnu2023h.sim/sim_1/behav/xsim'
INFO: [SIM-utils-54] Inspecting design source files for 'top_tb' in fileset 'sim_1'...
INFO: [SIM-utils-43] Exported 'C:/Users/sb/Desktop/git/jnu2023h/jnu2023h.sim/sim_1/behav/xsim/rom_1000x8b.mif'
INFO: [SIM-utils-43] Exported 'C:/Users/sb/Desktop/git/jnu2023h/jnu2023h.sim/sim_1/behav/xsim/rom_1000x8.coe'
INFO: [USF-XSim-97] Finding global include files...
INFO: [USF-XSim-98] Fetching design files from 'sim_1'...
INFO: [USF-XSim-2] XSim::Compile design
INFO: [USF-XSim-61] Executing 'COMPILE and ANALYZE' step in 'C:/Users/sb/Desktop/git/jnu2023h/jnu2023h.sim/sim_1/behav/xsim'
"xvlog --incr --relax -prj top_tb_vlog.prj"
INFO: [VRFC 10-2263] Analyzing Verilog file "C:/Users/sb/Desktop/git/jnu2023h/jnu2023h.gen/sources_1/ip/rom_1000x8b/sim/rom_1000x8b.v" into library xil_defaultlib
INFO: [VRFC 10-311] analyzing module rom_1000x8b
INFO: [VRFC 10-2263] Analyzing Verilog file "C:/Users/sb/Desktop/git/jnu2023h/jnu2023h.gen/sources_1/ip/ram_4096x16/sim/ram_4096x16.v" into library xil_defaultlib
INFO: [VRFC 10-311] analyzing module ram_4096x16
INFO: [VRFC 10-2263] Analyzing Verilog file "C:/Users/sb/Desktop/git/jnu2023h/jnu2023h.gen/sources_1/ip/clk_wiz_0/clk_wiz_0_clk_wiz.v" into library xil_defaultlib
INFO: [VRFC 10-311] analyzing module clk_wiz_0_clk_wiz
INFO: [VRFC 10-2263] Analyzing Verilog file "C:/Users/sb/Desktop/git/jnu2023h/jnu2023h.gen/sources_1/ip/clk_wiz_0/clk_wiz_0.v" into library xil_defaultlib
INFO: [VRFC 10-311] analyzing module clk_wiz_0
INFO: [VRFC 10-2263] Analyzing Verilog file "C:/Users/sb/Desktop/git/jnu2023h/code/da_wave_send.v" into library xil_defaultlib
INFO: [VRFC 10-311] analyzing module da_wave_send
INFO: [VRFC 10-2263] Analyzing Verilog file "C:/Users/sb/Desktop/git/jnu2023h/code/data_modulus.v" into library xil_defaultlib
INFO: [VRFC 10-311] analyzing module data_modulus
INFO: [VRFC 10-2263] Analyzing Verilog file "C:/Users/sb/Desktop/git/jnu2023h/code/dds.v" into library xil_defaultlib
INFO: [VRFC 10-311] analyzing module dds
WARNING: [VRFC 10-986] literal value truncated to fit in 20 bits [C:/Users/sb/Desktop/git/jnu2023h/code/dds.v:42]
INFO: [VRFC 10-2263] Analyzing Verilog file "C:/Users/sb/Desktop/git/jnu2023h/code/ftt_clk.v" into library xil_defaultlib
INFO: [VRFC 10-311] analyzing module fft_clk
INFO: [VRFC 10-2263] Analyzing Verilog file "C:/Users/sb/Desktop/git/jnu2023h/code/ram_wr_ctrl.v" into library xil_defaultlib
INFO: [VRFC 10-311] analyzing module ram_wr_ctrl
INFO: [VRFC 10-2263] Analyzing Verilog file "C:/Users/sb/Desktop/git/jnu2023h/code/top.v" into library xil_defaultlib
INFO: [VRFC 10-311] analyzing module top
INFO: [VRFC 10-2458] undeclared symbol data_valid, assumed default net type wire [C:/Users/sb/Desktop/git/jnu2023h/code/top.v:159]
INFO: [VRFC 10-2263] Analyzing Verilog file "C:/Users/sb/Desktop/git/jnu2023h/code/wave_freq.v" into library xil_defaultlib
INFO: [VRFC 10-311] analyzing module wave_freq
INFO: [VRFC 10-2263] Analyzing Verilog file "C:/Users/sb/Desktop/git/jnu2023h/code/sim/top_tb.v" into library xil_defaultlib
INFO: [VRFC 10-311] analyzing module top_tb
INFO: [VRFC 10-2458] undeclared symbol clk_50m, assumed default net type wire [C:/Users/sb/Desktop/git/jnu2023h/code/sim/top_tb.v:65]
INFO: [VRFC 10-2458] undeclared symbol wave_vaild, assumed default net type wire [C:/Users/sb/Desktop/git/jnu2023h/code/sim/top_tb.v:66]
INFO: [VRFC 10-2458] undeclared symbol da_clk_1, assumed default net type wire [C:/Users/sb/Desktop/git/jnu2023h/code/sim/top_tb.v:75]
INFO: [VRFC 10-2458] undeclared symbol da_clk_2, assumed default net type wire [C:/Users/sb/Desktop/git/jnu2023h/code/sim/top_tb.v:76]
"xvhdl --incr --relax -prj top_tb_vhdl.prj"
INFO: [USF-XSim-69] 'compile' step finished in '3' seconds
INFO: [USF-XSim-3] XSim::Elaborate design
INFO: [USF-XSim-61] Executing 'ELABORATE' step in 'C:/Users/sb/Desktop/git/jnu2023h/jnu2023h.sim/sim_1/behav/xsim'
"xelab -wto 733bc6238e3a4b91923eb927ee1788cd --incr --debug typical --relax --mt 2 -L xil_defaultlib -L blk_mem_gen_v8_4_4 -L xbip_utils_v3_0_10 -L c_reg_fd_v12_0_6 -L xbip_dsp48_wrapper_v3_0_4 -L xbip_pipe_v3_0_6 -L xbip_dsp48_addsub_v3_0_6 -L xbip_addsub_v3_0_6 -L c_addsub_v12_0_14 -L xbip_bram18k_v3_0_6 -L mult_gen_v12_0_16 -L axi_utils_v2_0_6 -L cordic_v6_0_16 -L c_mux_bit_v12_0_6 -L c_shift_ram_v12_0_14 -L cmpy_v6_0_19 -L floating_point_v7_0_18 -L xfft_v9_1_5 -L unisims_ver -L unimacro_ver -L secureip -L xpm --snapshot top_tb_behav xil_defaultlib.top_tb xil_defaultlib.glbl -log elaborate.log"
Vivado Simulator 2020.2
Copyright 1986-1999, 2001-2020 Xilinx, Inc. All Rights Reserved.
Running: E:/Xilinx/Vivado/2020.2/bin/unwrapped/win64.o/xelab.exe -wto 733bc6238e3a4b91923eb927ee1788cd --incr --debug typical --relax --mt 2 -L xil_defaultlib -L blk_mem_gen_v8_4_4 -L xbip_utils_v3_0_10 -L c_reg_fd_v12_0_6 -L xbip_dsp48_wrapper_v3_0_4 -L xbip_pipe_v3_0_6 -L xbip_dsp48_addsub_v3_0_6 -L xbip_addsub_v3_0_6 -L c_addsub_v12_0_14 -L xbip_bram18k_v3_0_6 -L mult_gen_v12_0_16 -L axi_utils_v2_0_6 -L cordic_v6_0_16 -L c_mux_bit_v12_0_6 -L c_shift_ram_v12_0_14 -L cmpy_v6_0_19 -L floating_point_v7_0_18 -L xfft_v9_1_5 -L unisims_ver -L unimacro_ver -L secureip -L xpm --snapshot top_tb_behav xil_defaultlib.top_tb xil_defaultlib.glbl -log elaborate.log 
Using 2 slave threads.
Starting static elaboration
Pass Through NonSizing Optimizer
WARNING: [VRFC 10-8389] size mismatch in mixed language port association, VHDL port 'm_axis_data_tdata' [C:/Users/sb/Desktop/git/jnu2023h/code/top.v:108]
WARNING: [VRFC 10-8389] size mismatch in mixed language port association, VHDL port 's_axis_cartesian_tdata' [C:/Users/sb/Desktop/git/jnu2023h/code/data_modulus.v:95]
WARNING: [VRFC 10-3091] actual bit length 6 differs from formal bit length 8 for port 'freq_select1' [C:/Users/sb/Desktop/git/jnu2023h/code/sim/top_tb.v:69]
WARNING: [VRFC 10-3091] actual bit length 6 differs from formal bit length 8 for port 'freq_select2' [C:/Users/sb/Desktop/git/jnu2023h/code/sim/top_tb.v:70]
WARNING: [VRFC 10-3091] actual bit length 8 differs from formal bit length 6 for port 'freq_select' [C:/Users/sb/Desktop/git/jnu2023h/code/dds.v:89]
WARNING: [VRFC 10-3091] actual bit length 8 differs from formal bit length 6 for port 'freq_select' [C:/Users/sb/Desktop/git/jnu2023h/code/dds.v:102]
WARNING: [VRFC 10-3091] actual bit length 8 differs from formal bit length 10 for port 'ad_data_1' [C:/Users/sb/Desktop/git/jnu2023h/code/sim/top_tb.v:87]
WARNING: [VRFC 10-3091] actual bit length 8 differs from formal bit length 10 for port 'ad_data_2' [C:/Users/sb/Desktop/git/jnu2023h/code/sim/top_tb.v:92]
WARNING: [VRFC 10-3091] actual bit length 8 differs from formal bit length 12 for port 'waveA_freq' [C:/Users/sb/Desktop/git/jnu2023h/code/top.v:202]
WARNING: [VRFC 10-3091] actual bit length 8 differs from formal bit length 12 for port 'waveB_freq' [C:/Users/sb/Desktop/git/jnu2023h/code/top.v:204]
WARNING: [VRFC 10-5021] port 'reset' is not connected on this instance [C:/Users/sb/Desktop/git/jnu2023h/code/top.v:70]
Completed static elaboration
Starting simulation data flow analysis
Completed simulation data flow analysis
Time Resolution for simulation is 1ps
Compiling package std.standard
Compiling package std.textio
Compiling package ieee.std_logic_1164
Compiling package ieee.numeric_std
Compiling package xbip_utils_v3_0_10.xbip_utils_v3_0_10_pkg
Compiling package xfft_v9_1_5.xfft_v9_1_5_viv_comp
Compiling package ieee.std_logic_arith
Compiling package ieee.std_logic_unsigned
Compiling package ieee.math_real
Compiling package axi_utils_v2_0_6.axi_utils_v2_0_6_pkg
Compiling package mult_gen_v12_0_16.mult_gen_v12_0_16_pkg
Compiling package ieee.std_logic_signed
Compiling package cmpy_v6_0_19.cmpy_v6_0_19_pkg
Compiling package floating_point_v7_0_18.floating_point_v7_0_18_consts
Compiling package floating_point_v7_0_18.floating_point_v7_0_18_exp_table...
Compiling package floating_point_v7_0_18.floating_point_v7_0_18_pkg
Compiling package xfft_v9_1_5.pkg
Compiling package xfft_v9_1_5.xfft_v9_1_5_axi_pkg
Compiling package axi_utils_v2_0_6.global_util_pkg
Compiling package axi_utils_v2_0_6.axi_utils_comps
Compiling package unisim.vcomponents
Compiling package xbip_pipe_v3_0_6.xbip_pipe_v3_0_6_viv_comp
Compiling package xbip_addsub_v3_0_6.xbip_addsub_v3_0_6_viv_comp
Compiling package c_addsub_v12_0_14.c_addsub_v12_0_14_pkg
Compiling package c_addsub_v12_0_14.c_addsub_v12_0_14_pkg_legacy
Compiling package c_reg_fd_v12_0_6.c_reg_fd_v12_0_6_viv_comp
Compiling package ieee.vital_timing
Compiling package ieee.vital_primitives
Compiling package unisim.vpkg
Compiling package c_shift_ram_v12_0_14.c_shift_ram_v12_0_14_pkg
Compiling package c_mux_bit_v12_0_6.c_mux_bit_v12_0_6_viv_comp
Compiling package xfft_v9_1_5.quarter_sin_tw_table
Compiling package xfft_v9_1_5.quarter2_sin_tw_table
Compiling package mult_gen_v12_0_16.dsp_pkg
Compiling package xpm.vcomponents
Compiling package ieee.std_logic_textio
Compiling package cordic_v6_0_16.cordic_v6_0_16_viv_comp
Compiling package cordic_v6_0_16.cordic_pack
Compiling package cordic_v6_0_16.cordic_hdl_comps
Compiling package c_addsub_v12_0_14.c_addsub_v12_0_14_viv_comp
Compiling module blk_mem_gen_v8_4_4.blk_mem_gen_v8_4_4_output_stage(...
Compiling module blk_mem_gen_v8_4_4.blk_mem_gen_v8_4_4_softecc_outpu...
Compiling module blk_mem_gen_v8_4_4.blk_mem_gen_v8_4_4_mem_module(C_...
Compiling module blk_mem_gen_v8_4_4.blk_mem_gen_v8_4_4(C_FAMILY="art...
Compiling module xil_defaultlib.rom_1000x8b
Compiling module xil_defaultlib.da_wave_send
Compiling module xil_defaultlib.dds
Compiling module unisims_ver.IBUF
Compiling module unisims_ver.MMCME2_ADV(CLKFBOUT_MULT_F=16.0,...
Compiling module unisims_ver.BUFG
Compiling module xil_defaultlib.clk_wiz_0_clk_wiz
Compiling module xil_defaultlib.clk_wiz_0
Compiling module xil_defaultlib.fft_clk
Compiling architecture xilinx of entity axi_utils_v2_0_6.glb_srl_fifo [\glb_srl_fifo(width=5,has_uvprot...]
Compiling architecture xilinx of entity axi_utils_v2_0_6.glb_ifx_master [\glb_ifx_master(width=5,afull_th...]
Compiling architecture synth of entity xfft_v9_1_5.axi_wrapper_output_fifo [\axi_wrapper_output_fifo(c_fifo_...]
Compiling architecture xilinx of entity axi_utils_v2_0_6.glb_srl_fifo [\glb_srl_fifo(width=1,has_uvprot...]
Compiling architecture xilinx of entity axi_utils_v2_0_6.glb_ifx_slave [\glb_ifx_slave(width=1,has_uvpro...]
Compiling architecture synth of entity xfft_v9_1_5.axi_wrapper_input_fifo [\axi_wrapper_input_fifo(c_fifo_w...]
Compiling architecture xilinx of entity axi_utils_v2_0_6.glb_srl_fifo [\glb_srl_fifo(width=33,has_uvpro...]
Compiling architecture xilinx of entity axi_utils_v2_0_6.glb_ifx_slave [\glb_ifx_slave(width=33,has_uvpr...]
Compiling architecture synth of entity xfft_v9_1_5.axi_wrapper_input_fifo [\axi_wrapper_input_fifo(c_fifo_w...]
Compiling architecture xilinx of entity axi_utils_v2_0_6.glb_srl_fifo [\glb_srl_fifo(width=38,has_uvpro...]
Compiling architecture xilinx of entity axi_utils_v2_0_6.glb_ifx_master [\glb_ifx_master(width=38,afull_t...]
Compiling architecture synth of entity xfft_v9_1_5.axi_wrapper_output_fifo [\axi_wrapper_output_fifo(c_fifo_...]
Compiling architecture synth of entity xfft_v9_1_5.axi_wrapper [\axi_wrapper(c_nfft_max=7,c_arch...]
Compiling architecture xilinx of entity xfft_v9_1_5.equ_rtl [\equ_rtl(c_xdevicefamily="artix7...]
Compiling architecture xilinx of entity xfft_v9_1_5.r22_cnt_ctrl [\r22_cnt_ctrl(c_xdevicefamily="a...]
Compiling architecture xilinx of entity xfft_v9_1_5.r22_cnt_ctrl [\r22_cnt_ctrl(c_xdevicefamily="a...]
Compiling architecture struct of entity c_shift_ram_v12_0_14.c_shift_ram_v12_0_14_legacy [\c_shift_ram_v12_0_14_legacy(c_x...]
Compiling architecture synth of entity c_shift_ram_v12_0_14.c_shift_ram_v12_0_14_viv [\c_shift_ram_v12_0_14_viv(c_xdev...]
Compiling architecture xilinx of entity xfft_v9_1_5.shift_ram [\shift_ram(c_xdevicefamily="arti...]
Compiling architecture struct of entity c_shift_ram_v12_0_14.c_shift_ram_v12_0_14_legacy [\c_shift_ram_v12_0_14_legacy(c_x...]
Compiling architecture synth of entity c_shift_ram_v12_0_14.c_shift_ram_v12_0_14_viv [\c_shift_ram_v12_0_14_viv(c_xdev...]
Compiling architecture xilinx of entity xfft_v9_1_5.shift_ram [\shift_ram(c_xdevicefamily="arti...]
Compiling architecture fd_v of entity unisim.FD [fd_default]
Compiling architecture struct of entity c_shift_ram_v12_0_14.c_shift_ram_v12_0_14_legacy [\c_shift_ram_v12_0_14_legacy(c_x...]
Compiling architecture synth of entity c_shift_ram_v12_0_14.c_shift_ram_v12_0_14_viv [\c_shift_ram_v12_0_14_viv(c_xdev...]
Compiling architecture xilinx of entity xfft_v9_1_5.shift_ram [\shift_ram(c_xdevicefamily="arti...]
Compiling architecture struct of entity c_shift_ram_v12_0_14.c_shift_ram_v12_0_14_legacy [\c_shift_ram_v12_0_14_legacy(c_x...]
Compiling architecture synth of entity c_shift_ram_v12_0_14.c_shift_ram_v12_0_14_viv [\c_shift_ram_v12_0_14_viv(c_xdev...]
Compiling architecture xilinx of entity xfft_v9_1_5.shift_ram [\shift_ram(c_xdevicefamily="arti...]
Compiling architecture xilinx of entity xfft_v9_1_5.shift_ram [\shift_ram(c_xdevicefamily="arti...]
Compiling architecture xilinx of entity xfft_v9_1_5.shift_ram [\shift_ram(c_xdevicefamily="arti...]
Compiling architecture xilinx of entity xfft_v9_1_5.shift_ram [\shift_ram(c_xdevicefamily="arti...]
Compiling architecture lut3_v of entity unisim.LUT3 [\LUT3(init="11001010")(0,7)\]
Compiling architecture xilinx of entity xfft_v9_1_5.mux_bus2 [\mux_bus2(c_xdevicefamily="artix...]
Compiling architecture xilinx of entity xfft_v9_1_5.r22_delay_mux [\r22_delay_mux(c_xdevicefamily="...]
Compiling architecture xilinx of entity xfft_v9_1_5.r22_delay_mux [\r22_delay_mux(c_xdevicefamily="...]
Compiling architecture xilinx of entity xfft_v9_1_5.shift_ram [\shift_ram(c_xdevicefamily="arti...]
Compiling architecture xilinx of entity xfft_v9_1_5.shift_ram [\shift_ram(c_xdevicefamily="arti...]
Compiling architecture struct of entity c_shift_ram_v12_0_14.c_shift_ram_v12_0_14_legacy [\c_shift_ram_v12_0_14_legacy(c_x...]
Compiling architecture synth of entity c_shift_ram_v12_0_14.c_shift_ram_v12_0_14_viv [\c_shift_ram_v12_0_14_viv(c_xdev...]
Compiling architecture synth of entity xfft_v9_1_5.r22_srl_memory [\r22_srl_memory(c_xdevicefamily=...]
Compiling architecture xilinx of entity xfft_v9_1_5.r22_memory [\r22_memory(c_xdevicefamily="art...]
Compiling architecture structural of entity c_reg_fd_v12_0_6.c_reg_fd_v12_0_6_viv [\c_reg_fd_v12_0_6_viv(c_width=18...]
Compiling architecture rtl of entity c_addsub_v12_0_14.c_addsub_v12_0_14_lut6_legacy [\c_addsub_v12_0_14_lut6_legacy(c...]
Compiling architecture synth of entity c_addsub_v12_0_14.c_addsub_v12_0_14_fabric_legacy [\c_addsub_v12_0_14_fabric_legacy...]
Compiling architecture synth of entity c_addsub_v12_0_14.c_addsub_v12_0_14_legacy [\c_addsub_v12_0_14_legacy(c_fami...]
Compiling architecture synth of entity c_addsub_v12_0_14.c_addsub_v12_0_14_viv [\c_addsub_v12_0_14_viv(c_xdevice...]
Compiling architecture xilinx of entity xfft_v9_1_5.adder_bypass [\adder_bypass(c_xdevicefamily="a...]
Compiling architecture structural of entity c_reg_fd_v12_0_6.c_reg_fd_v12_0_6_viv [\c_reg_fd_v12_0_6_viv(c_width=18...]
Compiling architecture rtl of entity c_addsub_v12_0_14.c_addsub_v12_0_14_lut6_legacy [\c_addsub_v12_0_14_lut6_legacy(c...]
Compiling architecture synth of entity c_addsub_v12_0_14.c_addsub_v12_0_14_fabric_legacy [\c_addsub_v12_0_14_fabric_legacy...]
Compiling architecture synth of entity c_addsub_v12_0_14.c_addsub_v12_0_14_legacy [\c_addsub_v12_0_14_legacy(c_fami...]
Compiling architecture synth of entity c_addsub_v12_0_14.c_addsub_v12_0_14_viv [\c_addsub_v12_0_14_viv(c_xdevice...]
Compiling architecture xilinx of entity xfft_v9_1_5.sub_byp [\sub_byp(c_xdevicefamily="artix7...]
Compiling architecture xilinx of entity xfft_v9_1_5.r22_bfly_byp [\r22_bfly_byp(c_xdevicefamily="a...]
Compiling architecture xilinx of entity xfft_v9_1_5.r22_bf [\r22_bf(c_xdevicefamily="artix7"...]
Compiling architecture xilinx of entity xfft_v9_1_5.shift_ram [\shift_ram(c_xdevicefamily="arti...]
Compiling architecture fde_v of entity unisim.FDE [fde_default]
Compiling architecture synth of entity xfft_v9_1_5.r22_twos_comp_mux [\r22_twos_comp_mux(c_xdevicefami...]
Compiling architecture synth of entity xfft_v9_1_5.r22_twos_comp_mux [\r22_twos_comp_mux(c_xdevicefami...]
Compiling architecture xilinx of entity xfft_v9_1_5.shift_ram [\shift_ram(c_xdevicefamily="arti...]
Compiling architecture xilinx of entity xfft_v9_1_5.shift_ram [\shift_ram(c_xdevicefamily="arti...]
Compiling architecture xilinx of entity xfft_v9_1_5.shift_ram [\shift_ram(c_xdevicefamily="arti...]
Compiling architecture xilinx of entity xfft_v9_1_5.mux_bus2 [\mux_bus2(c_xdevicefamily="artix...]
Compiling architecture xilinx of entity xfft_v9_1_5.r22_delay_mux [\r22_delay_mux(c_xdevicefamily="...]
Compiling architecture xilinx of entity xfft_v9_1_5.r22_delay_mux [\r22_delay_mux(c_xdevicefamily="...]
Compiling architecture xilinx of entity xfft_v9_1_5.shift_ram [\shift_ram(c_xdevicefamily="arti...]
Compiling architecture xilinx of entity xfft_v9_1_5.shift_ram [\shift_ram(c_xdevicefamily="arti...]
Compiling architecture struct of entity c_shift_ram_v12_0_14.c_shift_ram_v12_0_14_legacy [\c_shift_ram_v12_0_14_legacy(c_x...]
Compiling architecture synth of entity c_shift_ram_v12_0_14.c_shift_ram_v12_0_14_viv [\c_shift_ram_v12_0_14_viv(c_xdev...]
Compiling architecture synth of entity xfft_v9_1_5.r22_srl_memory [\r22_srl_memory(c_xdevicefamily=...]
Compiling architecture xilinx of entity xfft_v9_1_5.r22_memory [\r22_memory(c_xdevicefamily="art...]
Compiling architecture structural of entity c_reg_fd_v12_0_6.c_reg_fd_v12_0_6_viv [\c_reg_fd_v12_0_6_viv(c_width=19...]
Compiling architecture rtl of entity c_addsub_v12_0_14.c_addsub_v12_0_14_lut6_legacy [\c_addsub_v12_0_14_lut6_legacy(c...]
Compiling architecture synth of entity c_addsub_v12_0_14.c_addsub_v12_0_14_fabric_legacy [\c_addsub_v12_0_14_fabric_legacy...]
Compiling architecture synth of entity c_addsub_v12_0_14.c_addsub_v12_0_14_legacy [\c_addsub_v12_0_14_legacy(c_fami...]
Compiling architecture synth of entity c_addsub_v12_0_14.c_addsub_v12_0_14_viv [\c_addsub_v12_0_14_viv(c_xdevice...]
Compiling architecture xilinx of entity xfft_v9_1_5.adder_bypass [\adder_bypass(c_xdevicefamily="a...]
Compiling architecture structural of entity c_reg_fd_v12_0_6.c_reg_fd_v12_0_6_viv [\c_reg_fd_v12_0_6_viv(c_width=19...]
Compiling architecture rtl of entity c_addsub_v12_0_14.c_addsub_v12_0_14_lut6_legacy [\c_addsub_v12_0_14_lut6_legacy(c...]
Compiling architecture synth of entity c_addsub_v12_0_14.c_addsub_v12_0_14_fabric_legacy [\c_addsub_v12_0_14_fabric_legacy...]
Compiling architecture synth of entity c_addsub_v12_0_14.c_addsub_v12_0_14_legacy [\c_addsub_v12_0_14_legacy(c_fami...]
Compiling architecture synth of entity c_addsub_v12_0_14.c_addsub_v12_0_14_viv [\c_addsub_v12_0_14_viv(c_xdevice...]
Compiling architecture xilinx of entity xfft_v9_1_5.sub_byp [\sub_byp(c_xdevicefamily="artix7...]
Compiling architecture xilinx of entity xfft_v9_1_5.r22_bfly_byp [\r22_bfly_byp(c_xdevicefamily="a...]
Compiling architecture xilinx of entity xfft_v9_1_5.r22_bf [\r22_bf(c_xdevicefamily="artix7"...]
Compiling architecture structural of entity c_reg_fd_v12_0_6.c_reg_fd_v12_0_6_viv [\c_reg_fd_v12_0_6_viv(c_width=7,...]
Compiling architecture rtl of entity c_addsub_v12_0_14.c_addsub_v12_0_14_lut6_legacy [\c_addsub_v12_0_14_lut6_legacy(c...]
Compiling architecture synth of entity c_addsub_v12_0_14.c_addsub_v12_0_14_fabric_legacy [\c_addsub_v12_0_14_fabric_legacy...]
Compiling architecture synth of entity c_addsub_v12_0_14.c_addsub_v12_0_14_legacy [\c_addsub_v12_0_14_legacy(c_fami...]
Compiling architecture synth of entity c_addsub_v12_0_14.c_addsub_v12_0_14_viv [\c_addsub_v12_0_14_viv(c_xdevice...]
Compiling architecture xilinx of entity xfft_v9_1_5.adder [\adder(c_xdevicefamily="artix7",...]
Compiling architecture lut6_v of entity unisim.LUT6 [\LUT6(init="11111111000000001111...]
Compiling architecture xilinx of entity xfft_v9_1_5.mux_bus4 [\mux_bus4(c_xdevicefamily="artix...]
Compiling architecture struct of entity c_shift_ram_v12_0_14.c_shift_ram_v12_0_14_legacy [\c_shift_ram_v12_0_14_legacy(c_x...]
Compiling architecture synth of entity c_shift_ram_v12_0_14.c_shift_ram_v12_0_14_viv [\c_shift_ram_v12_0_14_viv(c_xdev...]
Compiling architecture xilinx of entity xfft_v9_1_5.shift_ram [\shift_ram(c_xdevicefamily="arti...]
Compiling architecture xilinx of entity xfft_v9_1_5.twgen_distmem [\twgen_distmem(theta_width=6,pip...]
Compiling architecture xilinx of entity xfft_v9_1_5.twiddle_gen [\twiddle_gen(c_xdevicefamily="ar...]
Compiling architecture xilinx of entity xfft_v9_1_5.r22_tw_gen [\r22_tw_gen(c_xdevicefamily="art...]
Compiling architecture xilinx of entity cmpy_v6_0_19.delay_line [\delay_line(c_xdevicefamily="art...]
Compiling architecture xilinx of entity cmpy_v6_0_19.delay_line [\delay_line(c_xdevicefamily="art...]
Compiling architecture xilinx of entity mult_gen_v12_0_16.delay_line [\delay_line(c_xdevicefamily="art...]
Compiling architecture xilinx of entity mult_gen_v12_0_16.delay_line [\delay_line(c_xdevicefamily="art...]
Compiling architecture dsp48e1_v of entity unisim.DSP48E1 [\DSP48E1(acascreg=2,alumodereg=0...]
Compiling architecture xilinx of entity mult_gen_v12_0_16.delay_line [\delay_line(c_xdevicefamily="art...]
Compiling architecture xilinx of entity mult_gen_v12_0_16.op_resize [\op_resize(ai_width=18,bi_width=...]
Compiling architecture xilinx of entity mult_gen_v12_0_16.dsp [\dsp(c_xdevicefamily="artix7",c_...]
Compiling architecture xilinx of entity cmpy_v6_0_19.cmpy_3_dsp48_mult [\cmpy_3_dsp48_mult(c_xdevicefami...]
Compiling architecture xilinx of entity mult_gen_v12_0_16.delay_line [\delay_line(c_xdevicefamily="art...]
Compiling architecture xilinx of entity mult_gen_v12_0_16.delay_line [\delay_line(c_xdevicefamily="art...]
Compiling architecture dsp48e1_v of entity unisim.DSP48E1 [\DSP48E1(alumodereg=0,bcascreg=2...]
Compiling architecture xilinx of entity mult_gen_v12_0_16.op_resize [\op_resize(ai_width=19,bi_width=...]
Compiling architecture xilinx of entity mult_gen_v12_0_16.dsp [\dsp(c_xdevicefamily="artix7",c_...]
Compiling architecture xilinx of entity cmpy_v6_0_19.cmpy_3_dsp48_mult [\cmpy_3_dsp48_mult(c_xdevicefami...]
Compiling architecture xilinx of entity mult_gen_v12_0_16.dsp [\dsp(c_xdevicefamily="artix7",c_...]
Compiling architecture xilinx of entity cmpy_v6_0_19.cmpy_3_dsp48_mult [\cmpy_3_dsp48_mult(c_xdevicefami...]
Compiling architecture xilinx of entity cmpy_v6_0_19.input_negation [\input_negation(c_xdevicefamily=...]
Compiling architecture xilinx of entity cmpy_v6_0_19.delay_line [\delay_line(c_xdevicefamily="art...]
Compiling architecture xilinx of entity cmpy_v6_0_19.delay_line [\delay_line(c_xdevicefamily="art...]
Compiling architecture xilinx of entity cmpy_v6_0_19.cmpy_3_dsp48 [\cmpy_3_dsp48(c_xdevicefamily="a...]
Compiling architecture xilinx of entity cmpy_v6_0_19.cmpy_v6_0_19_synth [\cmpy_v6_0_19_synth(c_xdevicefam...]
Compiling architecture xilinx of entity xfft_v9_1_5.cmpy [\cmpy(c_xdevicefamily="artix7",a...]
Compiling architecture xilinx of entity xfft_v9_1_5.logic_gate [\logic_gate(c_xdevicefamily="art...]
Compiling architecture xilinx of entity xfft_v9_1_5.shift_ram [\shift_ram(c_xdevicefamily="arti...]
Compiling architecture lut6_v of entity unisim.LUT6 [\LUT6(init="10000000000000000000...]
Compiling architecture xilinx of entity xfft_v9_1_5.logic_gate [\logic_gate(c_xdevicefamily="art...]
Compiling architecture rtl of entity c_addsub_v12_0_14.c_addsub_v12_0_14_lut6_legacy [\c_addsub_v12_0_14_lut6_legacy(c...]
Compiling architecture synth of entity c_addsub_v12_0_14.c_addsub_v12_0_14_fabric_legacy [\c_addsub_v12_0_14_fabric_legacy...]
Compiling architecture synth of entity c_addsub_v12_0_14.c_addsub_v12_0_14_legacy [\c_addsub_v12_0_14_legacy(c_fami...]
Compiling architecture synth of entity c_addsub_v12_0_14.c_addsub_v12_0_14_viv [\c_addsub_v12_0_14_viv(c_xdevice...]
Compiling architecture xilinx of entity xfft_v9_1_5.unbiased_round [\unbiased_round(c_xdevicefamily=...]
Compiling architecture xilinx of entity xfft_v9_1_5.shift_ram [\shift_ram(c_xdevicefamily="arti...]
Compiling architecture xilinx of entity xfft_v9_1_5.shift_ram [\shift_ram(c_xdevicefamily="arti...]
Compiling architecture xilinx of entity xfft_v9_1_5.r22_pe [\r22_pe(c_xdevicefamily="artix7"...]
Compiling architecture synth of entity xfft_v9_1_5.srl_fifo [\srl_fifo(c_width=1)\]
Compiling architecture xilinx of entity xfft_v9_1_5.r22_cnt_ctrl [\r22_cnt_ctrl(c_xdevicefamily="a...]
Compiling architecture xilinx of entity xfft_v9_1_5.r22_cnt_ctrl [\r22_cnt_ctrl(c_xdevicefamily="a...]
Compiling architecture struct of entity c_shift_ram_v12_0_14.c_shift_ram_v12_0_14_legacy [\c_shift_ram_v12_0_14_legacy(c_x...]
Compiling architecture synth of entity c_shift_ram_v12_0_14.c_shift_ram_v12_0_14_viv [\c_shift_ram_v12_0_14_viv(c_xdev...]
Compiling architecture xilinx of entity xfft_v9_1_5.shift_ram [\shift_ram(c_xdevicefamily="arti...]
Compiling architecture struct of entity c_shift_ram_v12_0_14.c_shift_ram_v12_0_14_legacy [\c_shift_ram_v12_0_14_legacy(c_x...]
Compiling architecture synth of entity c_shift_ram_v12_0_14.c_shift_ram_v12_0_14_viv [\c_shift_ram_v12_0_14_viv(c_xdev...]
Compiling architecture xilinx of entity xfft_v9_1_5.shift_ram [\shift_ram(c_xdevicefamily="arti...]
Compiling architecture struct of entity c_shift_ram_v12_0_14.c_shift_ram_v12_0_14_legacy [\c_shift_ram_v12_0_14_legacy(c_x...]
Compiling architecture synth of entity c_shift_ram_v12_0_14.c_shift_ram_v12_0_14_viv [\c_shift_ram_v12_0_14_viv(c_xdev...]
Compiling architecture xilinx of entity xfft_v9_1_5.shift_ram [\shift_ram(c_xdevicefamily="arti...]
Compiling architecture structural of entity c_reg_fd_v12_0_6.c_reg_fd_v12_0_6_viv [\c_reg_fd_v12_0_6_viv(c_width=20...]
Compiling architecture rtl of entity c_addsub_v12_0_14.c_addsub_v12_0_14_lut6_legacy [\c_addsub_v12_0_14_lut6_legacy(c...]
Compiling architecture synth of entity c_addsub_v12_0_14.c_addsub_v12_0_14_fabric_legacy [\c_addsub_v12_0_14_fabric_legacy...]
Compiling architecture synth of entity c_addsub_v12_0_14.c_addsub_v12_0_14_legacy [\c_addsub_v12_0_14_legacy(c_fami...]
Compiling architecture synth of entity c_addsub_v12_0_14.c_addsub_v12_0_14_viv [\c_addsub_v12_0_14_viv(c_xdevice...]
Compiling architecture xilinx of entity xfft_v9_1_5.adder [\adder(c_xdevicefamily="artix7",...]
Compiling architecture struct of entity c_shift_ram_v12_0_14.c_shift_ram_v12_0_14_legacy [\c_shift_ram_v12_0_14_legacy(c_x...]
Compiling architecture synth of entity c_shift_ram_v12_0_14.c_shift_ram_v12_0_14_viv [\c_shift_ram_v12_0_14_viv(c_xdev...]
Compiling architecture xilinx of entity xfft_v9_1_5.shift_ram [\shift_ram(c_xdevicefamily="arti...]
Compiling architecture xilinx of entity xfft_v9_1_5.shift_ram [\shift_ram(c_xdevicefamily="arti...]
Compiling architecture xilinx of entity xfft_v9_1_5.mux_bus2 [\mux_bus2(c_xdevicefamily="artix...]
Compiling architecture xilinx of entity xfft_v9_1_5.shift_ram [\shift_ram(c_xdevicefamily="arti...]
Compiling architecture xilinx of entity xfft_v9_1_5.mux_bus2 [\mux_bus2(c_xdevicefamily="artix...]
Compiling architecture xilinx of entity xfft_v9_1_5.r22_bf_sp [\r22_bf_sp(c_xdevicefamily="arti...]
Compiling architecture synth of entity xfft_v9_1_5.r22_twos_comp_mux [\r22_twos_comp_mux(c_xdevicefami...]
Compiling architecture synth of entity xfft_v9_1_5.r22_twos_comp_mux [\r22_twos_comp_mux(c_xdevicefami...]
Compiling architecture structural of entity c_reg_fd_v12_0_6.c_reg_fd_v12_0_6_viv [\c_reg_fd_v12_0_6_viv(c_width=21...]
Compiling architecture rtl of entity c_addsub_v12_0_14.c_addsub_v12_0_14_lut6_legacy [\c_addsub_v12_0_14_lut6_legacy(c...]
Compiling architecture synth of entity c_addsub_v12_0_14.c_addsub_v12_0_14_fabric_legacy [\c_addsub_v12_0_14_fabric_legacy...]
Compiling architecture synth of entity c_addsub_v12_0_14.c_addsub_v12_0_14_legacy [\c_addsub_v12_0_14_legacy(c_fami...]
Compiling architecture synth of entity c_addsub_v12_0_14.c_addsub_v12_0_14_viv [\c_addsub_v12_0_14_viv(c_xdevice...]
Compiling architecture xilinx of entity xfft_v9_1_5.adder [\adder(c_xdevicefamily="artix7",...]
Compiling architecture xilinx of entity xfft_v9_1_5.shift_ram [\shift_ram(c_xdevicefamily="arti...]
Compiling architecture struct of entity c_shift_ram_v12_0_14.c_shift_ram_v12_0_14_legacy [\c_shift_ram_v12_0_14_legacy(c_x...]
Compiling architecture synth of entity c_shift_ram_v12_0_14.c_shift_ram_v12_0_14_viv [\c_shift_ram_v12_0_14_viv(c_xdev...]
Compiling architecture xilinx of entity xfft_v9_1_5.shift_ram [\shift_ram(c_xdevicefamily="arti...]
Compiling architecture xilinx of entity xfft_v9_1_5.shift_ram [\shift_ram(c_xdevicefamily="arti...]
Compiling architecture xilinx of entity xfft_v9_1_5.mux_bus2 [\mux_bus2(c_xdevicefamily="artix...]
Compiling architecture xilinx of entity xfft_v9_1_5.r22_bf_sp [\r22_bf_sp(c_xdevicefamily="arti...]
Compiling architecture struct of entity c_shift_ram_v12_0_14.c_shift_ram_v12_0_14_legacy [\c_shift_ram_v12_0_14_legacy(c_x...]
Compiling architecture synth of entity c_shift_ram_v12_0_14.c_shift_ram_v12_0_14_viv [\c_shift_ram_v12_0_14_viv(c_xdev...]
Compiling architecture xilinx of entity xfft_v9_1_5.shift_ram [\shift_ram(c_xdevicefamily="arti...]
Compiling architecture struct of entity c_shift_ram_v12_0_14.c_shift_ram_v12_0_14_legacy [\c_shift_ram_v12_0_14_legacy(c_x...]
Compiling architecture synth of entity c_shift_ram_v12_0_14.c_shift_ram_v12_0_14_viv [\c_shift_ram_v12_0_14_viv(c_xdev...]
Compiling architecture xilinx of entity xfft_v9_1_5.shift_ram [\shift_ram(c_xdevicefamily="arti...]
Compiling architecture structural of entity c_reg_fd_v12_0_6.c_reg_fd_v12_0_6_viv [\c_reg_fd_v12_0_6_viv(c_width=5,...]
Compiling architecture rtl of entity c_addsub_v12_0_14.c_addsub_v12_0_14_lut6_legacy [\c_addsub_v12_0_14_lut6_legacy(c...]
Compiling architecture synth of entity c_addsub_v12_0_14.c_addsub_v12_0_14_fabric_legacy [\c_addsub_v12_0_14_fabric_legacy...]
Compiling architecture synth of entity c_addsub_v12_0_14.c_addsub_v12_0_14_legacy [\c_addsub_v12_0_14_legacy(c_fami...]
Compiling architecture synth of entity c_addsub_v12_0_14.c_addsub_v12_0_14_viv [\c_addsub_v12_0_14_viv(c_xdevice...]
Compiling architecture xilinx of entity xfft_v9_1_5.adder [\adder(c_xdevicefamily="artix7",...]
Compiling architecture xilinx of entity xfft_v9_1_5.mux_bus4 [\mux_bus4(c_xdevicefamily="artix...]
Compiling architecture xilinx of entity xfft_v9_1_5.twgen_distmem [\twgen_distmem(theta_width=4,pip...]
Compiling architecture xilinx of entity xfft_v9_1_5.twiddle_gen [\twiddle_gen(c_xdevicefamily="ar...]
Compiling architecture xilinx of entity xfft_v9_1_5.r22_tw_gen [\r22_tw_gen(c_xdevicefamily="art...]
Compiling architecture xilinx of entity cmpy_v6_0_19.delay_line [\delay_line(c_xdevicefamily="art...]
Compiling architecture xilinx of entity cmpy_v6_0_19.delay_line [\delay_line(c_xdevicefamily="art...]
Compiling architecture xilinx of entity mult_gen_v12_0_16.op_resize [\op_resize(ai_width=22,bi_width=...]
Compiling architecture xilinx of entity mult_gen_v12_0_16.dsp [\dsp(c_xdevicefamily="artix7",c_...]
Compiling architecture xilinx of entity cmpy_v6_0_19.cmpy_3_dsp48_mult [\cmpy_3_dsp48_mult(c_xdevicefami...]
Compiling architecture xilinx of entity cmpy_v6_0_19.delay_line [\delay_line(c_xdevicefamily="art...]
Compiling architecture dsp48e1_v of entity unisim.DSP48E1 [\DSP48E1(acascreg=2,alumodereg=0...]
Compiling architecture xilinx of entity mult_gen_v12_0_16.op_resize [\op_resize(ai_width=21,bi_width=...]
Compiling architecture xilinx of entity mult_gen_v12_0_16.dsp [\dsp(c_xdevicefamily="artix7",c_...]
Compiling architecture xilinx of entity cmpy_v6_0_19.cmpy_3_dsp48_mult [\cmpy_3_dsp48_mult(c_xdevicefami...]
Compiling architecture xilinx of entity mult_gen_v12_0_16.dsp [\dsp(c_xdevicefamily="artix7",c_...]
Compiling architecture xilinx of entity cmpy_v6_0_19.cmpy_3_dsp48_mult [\cmpy_3_dsp48_mult(c_xdevicefami...]
Compiling architecture xilinx of entity cmpy_v6_0_19.input_negation [\input_negation(c_xdevicefamily=...]
Compiling architecture xilinx of entity cmpy_v6_0_19.delay_line [\delay_line(c_xdevicefamily="art...]
Compiling architecture xilinx of entity cmpy_v6_0_19.cmpy_3_dsp48 [\cmpy_3_dsp48(c_xdevicefamily="a...]
Compiling architecture xilinx of entity cmpy_v6_0_19.cmpy_v6_0_19_synth [\cmpy_v6_0_19_synth(c_xdevicefam...]
Compiling architecture xilinx of entity xfft_v9_1_5.cmpy [\cmpy(c_xdevicefamily="artix7",a...]
Compiling architecture xilinx of entity xfft_v9_1_5.shift_ram [\shift_ram(c_xdevicefamily="arti...]
Compiling architecture xilinx of entity xfft_v9_1_5.logic_gate [\logic_gate(c_xdevicefamily="art...]
Compiling architecture rtl of entity c_addsub_v12_0_14.c_addsub_v12_0_14_lut6_legacy [\c_addsub_v12_0_14_lut6_legacy(c...]
Compiling architecture synth of entity c_addsub_v12_0_14.c_addsub_v12_0_14_fabric_legacy [\c_addsub_v12_0_14_fabric_legacy...]
Compiling architecture synth of entity c_addsub_v12_0_14.c_addsub_v12_0_14_legacy [\c_addsub_v12_0_14_legacy(c_fami...]
Compiling architecture synth of entity c_addsub_v12_0_14.c_addsub_v12_0_14_viv [\c_addsub_v12_0_14_viv(c_xdevice...]
Compiling architecture xilinx of entity xfft_v9_1_5.unbiased_round [\unbiased_round(c_xdevicefamily=...]
Compiling architecture struct of entity c_shift_ram_v12_0_14.c_shift_ram_v12_0_14_legacy [\c_shift_ram_v12_0_14_legacy(c_x...]
Compiling architecture synth of entity c_shift_ram_v12_0_14.c_shift_ram_v12_0_14_viv [\c_shift_ram_v12_0_14_viv(c_xdev...]
Compiling architecture xilinx of entity xfft_v9_1_5.shift_ram [\shift_ram(c_xdevicefamily="arti...]
Compiling architecture xilinx of entity xfft_v9_1_5.shift_ram [\shift_ram(c_xdevicefamily="arti...]
Compiling architecture xilinx of entity xfft_v9_1_5.r22_pe [\r22_pe(c_xdevicefamily="artix7"...]
Compiling architecture xilinx of entity xfft_v9_1_5.r22_cnt_ctrl [\r22_cnt_ctrl(c_xdevicefamily="a...]
Compiling architecture xilinx of entity xfft_v9_1_5.r22_cnt_ctrl [\r22_cnt_ctrl(c_xdevicefamily="a...]
Compiling architecture struct of entity c_shift_ram_v12_0_14.c_shift_ram_v12_0_14_legacy [\c_shift_ram_v12_0_14_legacy(c_x...]
Compiling architecture synth of entity c_shift_ram_v12_0_14.c_shift_ram_v12_0_14_viv [\c_shift_ram_v12_0_14_viv(c_xdev...]
Compiling architecture xilinx of entity xfft_v9_1_5.shift_ram [\shift_ram(c_xdevicefamily="arti...]
Compiling architecture struct of entity c_shift_ram_v12_0_14.c_shift_ram_v12_0_14_legacy [\c_shift_ram_v12_0_14_legacy(c_x...]
Compiling architecture synth of entity c_shift_ram_v12_0_14.c_shift_ram_v12_0_14_viv [\c_shift_ram_v12_0_14_viv(c_xdev...]
Compiling architecture xilinx of entity xfft_v9_1_5.shift_ram [\shift_ram(c_xdevicefamily="arti...]
Compiling architecture struct of entity c_shift_ram_v12_0_14.c_shift_ram_v12_0_14_legacy [\c_shift_ram_v12_0_14_legacy(c_x...]
Compiling architecture synth of entity c_shift_ram_v12_0_14.c_shift_ram_v12_0_14_viv [\c_shift_ram_v12_0_14_viv(c_xdev...]
Compiling architecture xilinx of entity xfft_v9_1_5.shift_ram [\shift_ram(c_xdevicefamily="arti...]
Compiling architecture struct of entity c_shift_ram_v12_0_14.c_shift_ram_v12_0_14_legacy [\c_shift_ram_v12_0_14_legacy(c_x...]
Compiling architecture synth of entity c_shift_ram_v12_0_14.c_shift_ram_v12_0_14_viv [\c_shift_ram_v12_0_14_viv(c_xdev...]
Compiling architecture xilinx of entity xfft_v9_1_5.shift_ram [\shift_ram(c_xdevicefamily="arti...]
Compiling architecture structural of entity c_reg_fd_v12_0_6.c_reg_fd_v12_0_6_viv [\c_reg_fd_v12_0_6_viv(c_width=22...]
Compiling architecture rtl of entity c_addsub_v12_0_14.c_addsub_v12_0_14_lut6_legacy [\c_addsub_v12_0_14_lut6_legacy(c...]
Compiling architecture synth of entity c_addsub_v12_0_14.c_addsub_v12_0_14_fabric_legacy [\c_addsub_v12_0_14_fabric_legacy...]
Compiling architecture synth of entity c_addsub_v12_0_14.c_addsub_v12_0_14_legacy [\c_addsub_v12_0_14_legacy(c_fami...]
Compiling architecture synth of entity c_addsub_v12_0_14.c_addsub_v12_0_14_viv [\c_addsub_v12_0_14_viv(c_xdevice...]
Compiling architecture xilinx of entity xfft_v9_1_5.adder [\adder(c_xdevicefamily="artix7",...]
Compiling architecture xilinx of entity xfft_v9_1_5.shift_ram [\shift_ram(c_xdevicefamily="arti...]
Compiling architecture xilinx of entity xfft_v9_1_5.shift_ram [\shift_ram(c_xdevicefamily="arti...]
Compiling architecture xilinx of entity xfft_v9_1_5.mux_bus2 [\mux_bus2(c_xdevicefamily="artix...]
Compiling architecture xilinx of entity xfft_v9_1_5.r22_bf_sp [\r22_bf_sp(c_xdevicefamily="arti...]
Compiling architecture synth of entity xfft_v9_1_5.r22_twos_comp_mux [\r22_twos_comp_mux(c_xdevicefami...]
Compiling architecture synth of entity xfft_v9_1_5.r22_twos_comp_mux [\r22_twos_comp_mux(c_xdevicefami...]
Compiling architecture structural of entity c_reg_fd_v12_0_6.c_reg_fd_v12_0_6_viv [\c_reg_fd_v12_0_6_viv(c_width=23...]
Compiling architecture rtl of entity c_addsub_v12_0_14.c_addsub_v12_0_14_lut6_legacy [\c_addsub_v12_0_14_lut6_legacy(c...]
Compiling architecture synth of entity c_addsub_v12_0_14.c_addsub_v12_0_14_fabric_legacy [\c_addsub_v12_0_14_fabric_legacy...]
Compiling architecture synth of entity c_addsub_v12_0_14.c_addsub_v12_0_14_legacy [\c_addsub_v12_0_14_legacy(c_fami...]
Compiling architecture synth of entity c_addsub_v12_0_14.c_addsub_v12_0_14_viv [\c_addsub_v12_0_14_viv(c_xdevice...]
Compiling architecture xilinx of entity xfft_v9_1_5.adder [\adder(c_xdevicefamily="artix7",...]
Compiling architecture xilinx of entity xfft_v9_1_5.shift_ram [\shift_ram(c_xdevicefamily="arti...]
Compiling architecture xilinx of entity xfft_v9_1_5.mux_bus2 [\mux_bus2(c_xdevicefamily="artix...]
Compiling architecture xilinx of entity xfft_v9_1_5.r22_bf_sp [\r22_bf_sp(c_xdevicefamily="arti...]
Compiling architecture xilinx of entity xfft_v9_1_5.shift_ram [\shift_ram(c_xdevicefamily="arti...]
Compiling architecture struct of entity c_shift_ram_v12_0_14.c_shift_ram_v12_0_14_legacy [\c_shift_ram_v12_0_14_legacy(c_x...]
Compiling architecture synth of entity c_shift_ram_v12_0_14.c_shift_ram_v12_0_14_viv [\c_shift_ram_v12_0_14_viv(c_xdev...]
Compiling architecture xilinx of entity xfft_v9_1_5.shift_ram [\shift_ram(c_xdevicefamily="arti...]
Compiling architecture structural of entity c_reg_fd_v12_0_6.c_reg_fd_v12_0_6_viv [\c_reg_fd_v12_0_6_viv(c_width=3,...]
Compiling architecture rtl of entity c_addsub_v12_0_14.c_addsub_v12_0_14_lut6_legacy [\c_addsub_v12_0_14_lut6_legacy(c...]
Compiling architecture synth of entity c_addsub_v12_0_14.c_addsub_v12_0_14_fabric_legacy [\c_addsub_v12_0_14_fabric_legacy...]
Compiling architecture synth of entity c_addsub_v12_0_14.c_addsub_v12_0_14_legacy [\c_addsub_v12_0_14_legacy(c_fami...]
Compiling architecture synth of entity c_addsub_v12_0_14.c_addsub_v12_0_14_viv [\c_addsub_v12_0_14_viv(c_xdevice...]
Compiling architecture xilinx of entity xfft_v9_1_5.adder [\adder(c_xdevicefamily="artix7",...]
Compiling architecture xilinx of entity xfft_v9_1_5.mux_bus4 [\mux_bus4(c_xdevicefamily="artix...]
Compiling architecture xilinx of entity xfft_v9_1_5.twgen_distmem [\twgen_distmem(theta_width=2,pip...]
Compiling architecture xilinx of entity xfft_v9_1_5.twiddle_gen [\twiddle_gen(c_xdevicefamily="ar...]
Compiling architecture xilinx of entity xfft_v9_1_5.r22_tw_gen [\r22_tw_gen(c_xdevicefamily="art...]
Compiling architecture xilinx of entity cmpy_v6_0_19.delay_line [\delay_line(c_xdevicefamily="art...]
Compiling architecture xilinx of entity mult_gen_v12_0_16.op_resize [\op_resize(ai_width=24,bi_width=...]
Compiling architecture xilinx of entity mult_gen_v12_0_16.dsp [\dsp(c_xdevicefamily="artix7",c_...]
Compiling architecture xilinx of entity cmpy_v6_0_19.cmpy_3_dsp48_mult [\cmpy_3_dsp48_mult(c_xdevicefami...]
Compiling architecture xilinx of entity cmpy_v6_0_19.delay_line [\delay_line(c_xdevicefamily="art...]
Compiling architecture xilinx of entity mult_gen_v12_0_16.op_resize [\op_resize(ai_width=23,bi_width=...]
Compiling architecture xilinx of entity mult_gen_v12_0_16.dsp [\dsp(c_xdevicefamily="artix7",c_...]
Compiling architecture xilinx of entity cmpy_v6_0_19.cmpy_3_dsp48_mult [\cmpy_3_dsp48_mult(c_xdevicefami...]
Compiling architecture xilinx of entity mult_gen_v12_0_16.dsp [\dsp(c_xdevicefamily="artix7",c_...]
Compiling architecture xilinx of entity cmpy_v6_0_19.cmpy_3_dsp48_mult [\cmpy_3_dsp48_mult(c_xdevicefami...]
Compiling architecture xilinx of entity cmpy_v6_0_19.input_negation [\input_negation(c_xdevicefamily=...]
Compiling architecture xilinx of entity cmpy_v6_0_19.delay_line [\delay_line(c_xdevicefamily="art...]
Compiling architecture xilinx of entity cmpy_v6_0_19.cmpy_3_dsp48 [\cmpy_3_dsp48(c_xdevicefamily="a...]
Compiling architecture xilinx of entity cmpy_v6_0_19.cmpy_v6_0_19_synth [\cmpy_v6_0_19_synth(c_xdevicefam...]
Compiling architecture xilinx of entity xfft_v9_1_5.cmpy [\cmpy(c_xdevicefamily="artix7",a...]
Compiling architecture xilinx of entity xfft_v9_1_5.shift_ram [\shift_ram(c_xdevicefamily="arti...]
Compiling architecture xilinx of entity xfft_v9_1_5.logic_gate [\logic_gate(c_xdevicefamily="art...]
Compiling architecture rtl of entity c_addsub_v12_0_14.c_addsub_v12_0_14_lut6_legacy [\c_addsub_v12_0_14_lut6_legacy(c...]
Compiling architecture synth of entity c_addsub_v12_0_14.c_addsub_v12_0_14_fabric_legacy [\c_addsub_v12_0_14_fabric_legacy...]
Compiling architecture synth of entity c_addsub_v12_0_14.c_addsub_v12_0_14_legacy [\c_addsub_v12_0_14_legacy(c_fami...]
Compiling architecture synth of entity c_addsub_v12_0_14.c_addsub_v12_0_14_viv [\c_addsub_v12_0_14_viv(c_xdevice...]
Compiling architecture xilinx of entity xfft_v9_1_5.unbiased_round [\unbiased_round(c_xdevicefamily=...]
Compiling architecture xilinx of entity xfft_v9_1_5.shift_ram [\shift_ram(c_xdevicefamily="arti...]
Compiling architecture xilinx of entity xfft_v9_1_5.shift_ram [\shift_ram(c_xdevicefamily="arti...]
Compiling architecture xilinx of entity xfft_v9_1_5.r22_pe [\r22_pe(c_xdevicefamily="artix7"...]
Compiling architecture structural of entity c_reg_fd_v12_0_6.c_reg_fd_v12_0_6_viv [\c_reg_fd_v12_0_6_viv(c_width=24...]
Compiling architecture rtl of entity c_addsub_v12_0_14.c_addsub_v12_0_14_lut6_legacy [\c_addsub_v12_0_14_lut6_legacy(c...]
Compiling architecture synth of entity c_addsub_v12_0_14.c_addsub_v12_0_14_fabric_legacy [\c_addsub_v12_0_14_fabric_legacy...]
Compiling architecture synth of entity c_addsub_v12_0_14.c_addsub_v12_0_14_legacy [\c_addsub_v12_0_14_legacy(c_fami...]
Compiling architecture synth of entity c_addsub_v12_0_14.c_addsub_v12_0_14_viv [\c_addsub_v12_0_14_viv(c_xdevice...]
Compiling architecture xilinx of entity xfft_v9_1_5.adder [\adder(c_xdevicefamily="artix7",...]
Compiling architecture xilinx of entity xfft_v9_1_5.shift_ram [\shift_ram(c_xdevicefamily="arti...]
Compiling architecture xilinx of entity xfft_v9_1_5.shift_ram [\shift_ram(c_xdevicefamily="arti...]
Compiling architecture xilinx of entity xfft_v9_1_5.mux_bus2 [\mux_bus2(c_xdevicefamily="artix...]
Compiling architecture xilinx of entity xfft_v9_1_5.r22_bf_sp [\r22_bf_sp(c_xdevicefamily="arti...]
Compiling architecture xilinx of entity xfft_v9_1_5.shift_ram [\shift_ram(c_xdevicefamily="arti...]
Compiling architecture xilinx of entity xfft_v9_1_5.shift_ram [\shift_ram(c_xdevicefamily="arti...]
Compiling architecture xilinx of entity xfft_v9_1_5.shift_ram [\shift_ram(c_xdevicefamily="arti...]
Compiling architecture xilinx of entity xfft_v9_1_5.r22_pe [\r22_pe(c_xdevicefamily="artix7"...]
Compiling architecture xilinx of entity xfft_v9_1_5.shift_ram [\shift_ram(c_xdevicefamily="arti...]
Compiling architecture xilinx of entity xfft_v9_1_5.shift_ram [\shift_ram(c_xdevicefamily="arti...]
Compiling architecture xilinx of entity xfft_v9_1_5.shift_ram [\shift_ram(c_xdevicefamily="arti...]
Compiling architecture xilinx of entity xfft_v9_1_5.shift_ram [\shift_ram(c_xdevicefamily="arti...]
Compiling architecture xilinx of entity xfft_v9_1_5.shift_ram [\shift_ram(c_xdevicefamily="arti...]
Compiling architecture synth of entity xfft_v9_1_5.r22_shift_decode [\r22_shift_decode(c_nfft_max=7,c...]
Compiling architecture muxf7_v of entity unisim.MUXF7 [muxf7_default]
Compiling architecture muxf8_v of entity unisim.MUXF8 [muxf8_default]
Compiling architecture xilinx of entity xfft_v9_1_5.mux_bus16 [\mux_bus16(c_xdevicefamily="arti...]
Compiling architecture xilinx of entity xfft_v9_1_5.r22_right_shift [\r22_right_shift(c_xdevicefamily...]
Compiling architecture xilinx of entity xfft_v9_1_5.shift_ram [\shift_ram(c_xdevicefamily="arti...]
Compiling architecture xilinx of entity xfft_v9_1_5.r22_var_unbiased_round [\r22_var_unbiased_round(c_xdevic...]
Compiling architecture xilinx of entity xfft_v9_1_5.shift_ram [\shift_ram(c_xdevicefamily="arti...]
Compiling architecture xilinx of entity xfft_v9_1_5.shift_ram [\shift_ram(c_xdevicefamily="arti...]
Compiling architecture xilinx of entity xfft_v9_1_5.shift_ram [\shift_ram(c_xdevicefamily="arti...]
Compiling architecture rb18_internal_vhdl_v of entity unisim.RB18_INTERNAL_VHDL [\RB18_INTERNAL_VHDL(bram_size=18...]
Compiling architecture ramb18e1_v of entity unisim.RAMB18E1 [\RAMB18E1(doa_reg=1,dob_reg=1,ra...]
Compiling architecture xilinx of entity xfft_v9_1_5.dpm [\dpm(c_xdevicefamily="artix7",wm...]
Compiling architecture xilinx of entity xfft_v9_1_5.r22_memory [\r22_memory(c_xdevicefamily="art...]
Compiling architecture xilinx of entity xfft_v9_1_5.shift_ram [\shift_ram(c_xdevicefamily="arti...]
Compiling architecture xilinx of entity xfft_v9_1_5.shift_ram [\shift_ram(c_xdevicefamily="arti...]
Compiling architecture xilinx of entity xfft_v9_1_5.shift_ram [\shift_ram(c_xdevicefamily="arti...]
Compiling architecture xilinx of entity xfft_v9_1_5.shift_ram [\shift_ram(c_xdevicefamily="arti...]
Compiling architecture xilinx of entity xfft_v9_1_5.r22_busy [\r22_busy(c_xdevicefamily="artix...]
Compiling architecture fdre_v of entity unisim.FDRE [fdre_default]
Compiling architecture muxcy_v of entity unisim.MUXCY [muxcy_default]
Compiling architecture xorcy_v of entity unisim.XORCY [xorcy_default]
Compiling architecture rtl of entity c_addsub_v12_0_14.c_addsub_v12_0_14_lut6_legacy [\c_addsub_v12_0_14_lut6_legacy(c...]
Compiling architecture synth of entity c_addsub_v12_0_14.c_addsub_v12_0_14_fabric_legacy [\c_addsub_v12_0_14_fabric_legacy...]
Compiling architecture synth of entity c_addsub_v12_0_14.c_addsub_v12_0_14_legacy [\c_addsub_v12_0_14_legacy(c_fami...]
Compiling architecture synth of entity c_addsub_v12_0_14.c_addsub_v12_0_14_viv [\c_addsub_v12_0_14_viv(c_xdevice...]
Compiling architecture xilinx of entity xfft_v9_1_5.logic_gate [\logic_gate(c_xdevicefamily="art...]
Compiling architecture fdse_v of entity unisim.FDSE [fdse_default]
Compiling architecture xilinx of entity xfft_v9_1_5.cnt_sat [\cnt_sat(c_xdevicefamily="artix7...]
Compiling architecture rtl of entity c_addsub_v12_0_14.c_addsub_v12_0_14_lut6_legacy [\c_addsub_v12_0_14_lut6_legacy(c...]
Compiling architecture synth of entity c_addsub_v12_0_14.c_addsub_v12_0_14_fabric_legacy [\c_addsub_v12_0_14_fabric_legacy...]
Compiling architecture synth of entity c_addsub_v12_0_14.c_addsub_v12_0_14_legacy [\c_addsub_v12_0_14_legacy(c_fami...]
Compiling architecture synth of entity c_addsub_v12_0_14.c_addsub_v12_0_14_viv [\c_addsub_v12_0_14_viv(c_xdevice...]
Compiling architecture xilinx of entity xfft_v9_1_5.logic_gate [\logic_gate(c_xdevicefamily="art...]
Compiling architecture xilinx of entity xfft_v9_1_5.cnt_sat [\cnt_sat(c_xdevicefamily="artix7...]
Compiling architecture rtl of entity c_addsub_v12_0_14.c_addsub_v12_0_14_lut6_legacy [\c_addsub_v12_0_14_lut6_legacy(c...]
Compiling architecture synth of entity c_addsub_v12_0_14.c_addsub_v12_0_14_fabric_legacy [\c_addsub_v12_0_14_fabric_legacy...]
Compiling architecture synth of entity c_addsub_v12_0_14.c_addsub_v12_0_14_legacy [\c_addsub_v12_0_14_legacy(c_fami...]
Compiling architecture synth of entity c_addsub_v12_0_14.c_addsub_v12_0_14_viv [\c_addsub_v12_0_14_viv(c_xdevice...]
Compiling architecture xilinx of entity xfft_v9_1_5.logic_gate [\logic_gate(c_xdevicefamily="art...]
Compiling architecture xilinx of entity xfft_v9_1_5.cnt_sat [\cnt_sat(c_xdevicefamily="artix7...]
Compiling architecture xilinx of entity xfft_v9_1_5.logic_gate [\logic_gate(c_xdevicefamily="art...]
Compiling architecture xilinx of entity xfft_v9_1_5.cnt_sat [\cnt_sat(c_xdevicefamily="artix7...]
Compiling architecture rtl of entity c_addsub_v12_0_14.c_addsub_v12_0_14_lut6_legacy [\c_addsub_v12_0_14_lut6_legacy(c...]
Compiling architecture synth of entity c_addsub_v12_0_14.c_addsub_v12_0_14_fabric_legacy [\c_addsub_v12_0_14_fabric_legacy...]
Compiling architecture synth of entity c_addsub_v12_0_14.c_addsub_v12_0_14_legacy [\c_addsub_v12_0_14_legacy(c_fami...]
Compiling architecture synth of entity c_addsub_v12_0_14.c_addsub_v12_0_14_viv [\c_addsub_v12_0_14_viv(c_xdevice...]
Compiling architecture xilinx of entity xfft_v9_1_5.logic_gate [\logic_gate(c_xdevicefamily="art...]
Compiling architecture xilinx of entity xfft_v9_1_5.cnt_sat [\cnt_sat(c_xdevicefamily="artix7...]
Compiling architecture structural of entity c_reg_fd_v12_0_6.c_reg_fd_v12_0_6_viv [\c_reg_fd_v12_0_6_viv(c_width=7,...]
Compiling architecture rtl of entity c_addsub_v12_0_14.c_addsub_v12_0_14_lut6_legacy [\c_addsub_v12_0_14_lut6_legacy(c...]
Compiling architecture synth of entity c_addsub_v12_0_14.c_addsub_v12_0_14_fabric_legacy [\c_addsub_v12_0_14_fabric_legacy...]
Compiling architecture synth of entity c_addsub_v12_0_14.c_addsub_v12_0_14_legacy [\c_addsub_v12_0_14_legacy(c_fami...]
Compiling architecture synth of entity c_addsub_v12_0_14.c_addsub_v12_0_14_viv [\c_addsub_v12_0_14_viv(c_xdevice...]
Compiling architecture lut6_v of entity unisim.LUT6 [\LUT6(init="10010000000010010000...]
Compiling architecture xilinx of entity xfft_v9_1_5.equ_rtl [\equ_rtl(c_xdevicefamily="artix7...]
Compiling architecture xilinx of entity xfft_v9_1_5.cnt_tc_rtl_a [\cnt_tc_rtl_a(c_xdevicefamily="a...]
Compiling architecture struct of entity c_shift_ram_v12_0_14.c_shift_ram_v12_0_14_legacy [\c_shift_ram_v12_0_14_legacy(c_x...]
Compiling architecture synth of entity c_shift_ram_v12_0_14.c_shift_ram_v12_0_14_viv [\c_shift_ram_v12_0_14_viv(c_xdev...]
Compiling architecture xilinx of entity xfft_v9_1_5.shift_ram [\shift_ram(c_xdevicefamily="arti...]
Compiling architecture xilinx of entity xfft_v9_1_5.r22_flow_ctrl [\r22_flow_ctrl(c_xdevicefamily="...]
Compiling architecture lut3_v of entity unisim.LUT3 [\LUT3(init="10101110")(0,7)\]
Compiling architecture xilinx of entity xfft_v9_1_5.r22_cnt_ctrl [\r22_cnt_ctrl(c_xdevicefamily="a...]
Compiling architecture srl16e_v of entity unisim.SRL16E [\SRL16E(0,15)\]
Compiling architecture xilinx of entity xfft_v9_1_5.shift_ram [\shift_ram(c_xdevicefamily="arti...]
Compiling architecture fdr_v of entity unisim.FDR [fdr_default]
Compiling architecture xilinx of entity xfft_v9_1_5.shift_ram [\shift_ram(c_xdevicefamily="arti...]
Compiling architecture xilinx of entity xfft_v9_1_5.shift_ram [\shift_ram(c_xdevicefamily="arti...]
Compiling architecture xilinx of entity xfft_v9_1_5.xfft_v9_1_5_d [\xfft_v9_1_5_d(c_xdevicefamily="...]
Compiling architecture synth of entity xfft_v9_1_5.xfft_v9_1_5_core [\xfft_v9_1_5_core(c_xdevicefamil...]
Compiling architecture synth of entity xfft_v9_1_5.xfft_v9_1_5_viv [\xfft_v9_1_5_viv(c_xdevicefamily...]
Compiling architecture xilinx of entity xfft_v9_1_5.xfft_v9_1_5 [\xfft_v9_1_5(c_xdevicefamily="ar...]
Compiling architecture xfft_0_arch of entity xil_defaultlib.xfft_0 [xfft_0_default]
Compiling architecture synth of entity xbip_pipe_v3_0_6.xbip_pipe_v3_0_6_viv [\xbip_pipe_v3_0_6_viv(c_latency=...]
Compiling architecture struct_all of entity cordic_v6_0_16.delay [\delay(delay_len=0,family="artix...]
Compiling architecture rtl of entity c_addsub_v12_0_14.c_addsub_v12_0_14_lut6_legacy [\c_addsub_v12_0_14_lut6_legacy(c...]
Compiling architecture synth of entity c_addsub_v12_0_14.c_addsub_v12_0_14_fabric_legacy [\c_addsub_v12_0_14_fabric_legacy...]
Compiling architecture synth of entity c_addsub_v12_0_14.c_addsub_v12_0_14_legacy [\c_addsub_v12_0_14_legacy(c_fami...]
Compiling architecture synth of entity c_addsub_v12_0_14.c_addsub_v12_0_14_viv [\c_addsub_v12_0_14_viv(c_xdevice...]
Compiling architecture synth of entity cordic_v6_0_16.addsub [\addsub(family="artix7",add_mode...]
Compiling architecture struct_all of entity cordic_v6_0_16.delay [\delay(delay_len=0,family="artix...]
Compiling architecture struct_all of entity cordic_v6_0_16.delay [\delay(delay_len=4,family="artix...]
Compiling architecture synth of entity cordic_v6_0_16.cordic_sqrt_mod [\cordic_sqrt_mod(p_xdevicefamily...]
Compiling architecture struct_all of entity cordic_v6_0_16.delay [\delay(delay_len=1,family="artix...]
Compiling architecture rtl of entity c_addsub_v12_0_14.c_addsub_v12_0_14_lut6_legacy [\c_addsub_v12_0_14_lut6_legacy(c...]
Compiling architecture synth of entity c_addsub_v12_0_14.c_addsub_v12_0_14_fabric_legacy [\c_addsub_v12_0_14_fabric_legacy...]
Compiling architecture synth of entity c_addsub_v12_0_14.c_addsub_v12_0_14_legacy [\c_addsub_v12_0_14_legacy(c_fami...]
Compiling architecture synth of entity c_addsub_v12_0_14.c_addsub_v12_0_14_viv [\c_addsub_v12_0_14_viv(c_xdevice...]
Compiling architecture synth of entity cordic_v6_0_16.addsub [\addsub(family="artix7",add_mode...]
Compiling architecture struct_all of entity cordic_v6_0_16.delay [\delay(delay_len=1,family="artix...]
Compiling architecture synth of entity cordic_v6_0_16.cordic_sqrt_mod [\cordic_sqrt_mod(p_xdevicefamily...]
Compiling architecture struct_all of entity cordic_v6_0_16.delay [\delay(delay_len=1,family="artix...]
Compiling architecture rtl of entity c_addsub_v12_0_14.c_addsub_v12_0_14_lut6_legacy [\c_addsub_v12_0_14_lut6_legacy(c...]
Compiling architecture synth of entity c_addsub_v12_0_14.c_addsub_v12_0_14_fabric_legacy [\c_addsub_v12_0_14_fabric_legacy...]
Compiling architecture synth of entity c_addsub_v12_0_14.c_addsub_v12_0_14_legacy [\c_addsub_v12_0_14_legacy(c_fami...]
Compiling architecture synth of entity c_addsub_v12_0_14.c_addsub_v12_0_14_viv [\c_addsub_v12_0_14_viv(c_xdevice...]
Compiling architecture synth of entity cordic_v6_0_16.addsub [\addsub(family="artix7",add_mode...]
Compiling architecture struct_all of entity cordic_v6_0_16.delay [\delay(delay_len=1,family="artix...]
Compiling architecture struct_all of entity cordic_v6_0_16.delay [\delay(delay_len=3,family="artix...]
Compiling architecture synth of entity cordic_v6_0_16.cordic_sqrt_mod [\cordic_sqrt_mod(p_xdevicefamily...]
Compiling architecture struct_all of entity cordic_v6_0_16.delay [\delay(delay_len=0,family="artix...]
Compiling architecture rtl of entity c_addsub_v12_0_14.c_addsub_v12_0_14_lut6_legacy [\c_addsub_v12_0_14_lut6_legacy(c...]
Compiling architecture synth of entity c_addsub_v12_0_14.c_addsub_v12_0_14_fabric_legacy [\c_addsub_v12_0_14_fabric_legacy...]
Compiling architecture synth of entity c_addsub_v12_0_14.c_addsub_v12_0_14_legacy [\c_addsub_v12_0_14_legacy(c_fami...]
Compiling architecture synth of entity c_addsub_v12_0_14.c_addsub_v12_0_14_viv [\c_addsub_v12_0_14_viv(c_xdevice...]
Compiling architecture synth of entity cordic_v6_0_16.addsub [\addsub(family="artix7",add_mode...]
Compiling architecture struct_all of entity cordic_v6_0_16.delay [\delay(delay_len=0,family="artix...]
Compiling architecture struct_all of entity cordic_v6_0_16.delay [\delay(delay_len=5,family="artix...]
Compiling architecture synth of entity cordic_v6_0_16.cordic_sqrt_mod [\cordic_sqrt_mod(p_xdevicefamily...]
Compiling architecture struct_all of entity cordic_v6_0_16.delay [\delay(delay_len=0,family="artix...]
Compiling architecture rtl of entity c_addsub_v12_0_14.c_addsub_v12_0_14_lut6_legacy [\c_addsub_v12_0_14_lut6_legacy(c...]
Compiling architecture synth of entity c_addsub_v12_0_14.c_addsub_v12_0_14_fabric_legacy [\c_addsub_v12_0_14_fabric_legacy...]
Compiling architecture synth of entity c_addsub_v12_0_14.c_addsub_v12_0_14_legacy [\c_addsub_v12_0_14_legacy(c_fami...]
Compiling architecture synth of entity c_addsub_v12_0_14.c_addsub_v12_0_14_viv [\c_addsub_v12_0_14_viv(c_xdevice...]
Compiling architecture synth of entity cordic_v6_0_16.addsub [\addsub(family="artix7",add_mode...]
Compiling architecture struct_all of entity cordic_v6_0_16.delay [\delay(delay_len=0,family="artix...]
Compiling architecture synth of entity cordic_v6_0_16.cordic_sqrt_mod [\cordic_sqrt_mod(p_xdevicefamily...]
Compiling architecture struct_all of entity cordic_v6_0_16.delay [\delay(delay_len=1,family="artix...]
Compiling architecture rtl of entity c_addsub_v12_0_14.c_addsub_v12_0_14_lut6_legacy [\c_addsub_v12_0_14_lut6_legacy(c...]
Compiling architecture synth of entity c_addsub_v12_0_14.c_addsub_v12_0_14_fabric_legacy [\c_addsub_v12_0_14_fabric_legacy...]
Compiling architecture synth of entity c_addsub_v12_0_14.c_addsub_v12_0_14_legacy [\c_addsub_v12_0_14_legacy(c_fami...]
Compiling architecture synth of entity c_addsub_v12_0_14.c_addsub_v12_0_14_viv [\c_addsub_v12_0_14_viv(c_xdevice...]
Compiling architecture synth of entity cordic_v6_0_16.addsub [\addsub(family="artix7",add_mode...]
Compiling architecture struct_all of entity cordic_v6_0_16.delay [\delay(delay_len=1,family="artix...]
Compiling architecture synth of entity cordic_v6_0_16.cordic_sqrt_mod [\cordic_sqrt_mod(p_xdevicefamily...]
Compiling architecture struct_all of entity cordic_v6_0_16.delay [\delay(delay_len=1,family="artix...]
Compiling architecture rtl of entity c_addsub_v12_0_14.c_addsub_v12_0_14_lut6_legacy [\c_addsub_v12_0_14_lut6_legacy(c...]
Compiling architecture synth of entity c_addsub_v12_0_14.c_addsub_v12_0_14_fabric_legacy [\c_addsub_v12_0_14_fabric_legacy...]
Compiling architecture synth of entity c_addsub_v12_0_14.c_addsub_v12_0_14_legacy [\c_addsub_v12_0_14_legacy(c_fami...]
Compiling architecture synth of entity c_addsub_v12_0_14.c_addsub_v12_0_14_viv [\c_addsub_v12_0_14_viv(c_xdevice...]
Compiling architecture synth of entity cordic_v6_0_16.addsub [\addsub(family="artix7",add_mode...]
Compiling architecture struct_all of entity cordic_v6_0_16.delay [\delay(delay_len=1,family="artix...]
Compiling architecture struct_all of entity cordic_v6_0_16.delay [\delay(delay_len=2,family="artix...]
Compiling architecture synth of entity cordic_v6_0_16.cordic_sqrt_mod [\cordic_sqrt_mod(p_xdevicefamily...]
Compiling architecture struct_all of entity cordic_v6_0_16.delay [\delay(delay_len=0,family="artix...]
Compiling architecture rtl of entity c_addsub_v12_0_14.c_addsub_v12_0_14_lut6_legacy [\c_addsub_v12_0_14_lut6_legacy(c...]
Compiling architecture synth of entity c_addsub_v12_0_14.c_addsub_v12_0_14_fabric_legacy [\c_addsub_v12_0_14_fabric_legacy...]
Compiling architecture synth of entity c_addsub_v12_0_14.c_addsub_v12_0_14_legacy [\c_addsub_v12_0_14_legacy(c_fami...]
Compiling architecture synth of entity c_addsub_v12_0_14.c_addsub_v12_0_14_viv [\c_addsub_v12_0_14_viv(c_xdevice...]
Compiling architecture synth of entity cordic_v6_0_16.addsub [\addsub(family="artix7",add_mode...]
Compiling architecture struct_all of entity cordic_v6_0_16.delay [\delay(delay_len=0,family="artix...]
Compiling architecture struct_all of entity cordic_v6_0_16.delay [\delay(delay_len=6,family="artix...]
Compiling architecture synth of entity cordic_v6_0_16.cordic_sqrt_mod [\cordic_sqrt_mod(p_xdevicefamily...]
Compiling architecture struct_all of entity cordic_v6_0_16.delay [\delay(delay_len=0,family="artix...]
Compiling architecture rtl of entity c_addsub_v12_0_14.c_addsub_v12_0_14_lut6_legacy [\c_addsub_v12_0_14_lut6_legacy(c...]
Compiling architecture synth of entity c_addsub_v12_0_14.c_addsub_v12_0_14_fabric_legacy [\c_addsub_v12_0_14_fabric_legacy...]
Compiling architecture synth of entity c_addsub_v12_0_14.c_addsub_v12_0_14_legacy [\c_addsub_v12_0_14_legacy(c_fami...]
Compiling architecture synth of entity c_addsub_v12_0_14.c_addsub_v12_0_14_viv [\c_addsub_v12_0_14_viv(c_xdevice...]
Compiling architecture synth of entity cordic_v6_0_16.addsub [\addsub(family="artix7",add_mode...]
Compiling architecture struct_all of entity cordic_v6_0_16.delay [\delay(delay_len=0,family="artix...]
Compiling architecture synth of entity cordic_v6_0_16.cordic_sqrt_mod [\cordic_sqrt_mod(p_xdevicefamily...]
Compiling architecture struct_all of entity cordic_v6_0_16.delay [\delay(delay_len=1,family="artix...]
Compiling architecture rtl of entity c_addsub_v12_0_14.c_addsub_v12_0_14_lut6_legacy [\c_addsub_v12_0_14_lut6_legacy(c...]
Compiling architecture synth of entity c_addsub_v12_0_14.c_addsub_v12_0_14_fabric_legacy [\c_addsub_v12_0_14_fabric_legacy...]
Compiling architecture synth of entity c_addsub_v12_0_14.c_addsub_v12_0_14_legacy [\c_addsub_v12_0_14_legacy(c_fami...]
Compiling architecture synth of entity c_addsub_v12_0_14.c_addsub_v12_0_14_viv [\c_addsub_v12_0_14_viv(c_xdevice...]
Compiling architecture synth of entity cordic_v6_0_16.addsub [\addsub(family="artix7",add_mode...]
Compiling architecture struct_all of entity cordic_v6_0_16.delay [\delay(delay_len=1,family="artix...]
Compiling architecture synth of entity cordic_v6_0_16.cordic_sqrt_mod [\cordic_sqrt_mod(p_xdevicefamily...]
Compiling architecture struct_all of entity cordic_v6_0_16.delay [\delay(delay_len=1,family="artix...]
Compiling architecture rtl of entity c_addsub_v12_0_14.c_addsub_v12_0_14_lut6_legacy [\c_addsub_v12_0_14_lut6_legacy(c...]
Compiling architecture synth of entity c_addsub_v12_0_14.c_addsub_v12_0_14_fabric_legacy [\c_addsub_v12_0_14_fabric_legacy...]
Compiling architecture synth of entity c_addsub_v12_0_14.c_addsub_v12_0_14_legacy [\c_addsub_v12_0_14_legacy(c_fami...]
Compiling architecture synth of entity c_addsub_v12_0_14.c_addsub_v12_0_14_viv [\c_addsub_v12_0_14_viv(c_xdevice...]
Compiling architecture synth of entity cordic_v6_0_16.addsub [\addsub(family="artix7",add_mode...]
Compiling architecture struct_all of entity cordic_v6_0_16.delay [\delay(delay_len=1,family="artix...]
Compiling architecture struct_all of entity cordic_v6_0_16.delay [\delay(delay_len=1,family="artix...]
Compiling architecture synth of entity cordic_v6_0_16.cordic_sqrt_mod [\cordic_sqrt_mod(p_xdevicefamily...]
Compiling architecture struct_all of entity cordic_v6_0_16.delay [\delay(delay_len=0,family="artix...]
Compiling architecture rtl of entity c_addsub_v12_0_14.c_addsub_v12_0_14_lut6_legacy [\c_addsub_v12_0_14_lut6_legacy(c...]
Compiling architecture synth of entity c_addsub_v12_0_14.c_addsub_v12_0_14_fabric_legacy [\c_addsub_v12_0_14_fabric_legacy...]
Compiling architecture synth of entity c_addsub_v12_0_14.c_addsub_v12_0_14_legacy [\c_addsub_v12_0_14_legacy(c_fami...]
Compiling architecture synth of entity c_addsub_v12_0_14.c_addsub_v12_0_14_viv [\c_addsub_v12_0_14_viv(c_xdevice...]
Compiling architecture synth of entity cordic_v6_0_16.addsub [\addsub(family="artix7",add_mode...]
Compiling architecture struct_all of entity cordic_v6_0_16.delay [\delay(delay_len=0,family="artix...]
Compiling architecture struct_all of entity cordic_v6_0_16.delay [\delay(delay_len=7,family="artix...]
Compiling architecture synth of entity cordic_v6_0_16.cordic_sqrt_mod [\cordic_sqrt_mod(p_xdevicefamily...]
Compiling architecture struct_all of entity cordic_v6_0_16.delay [\delay(delay_len=0,family="artix...]
Compiling architecture rtl of entity c_addsub_v12_0_14.c_addsub_v12_0_14_lut6_legacy [\c_addsub_v12_0_14_lut6_legacy(c...]
Compiling architecture synth of entity c_addsub_v12_0_14.c_addsub_v12_0_14_fabric_legacy [\c_addsub_v12_0_14_fabric_legacy...]
Compiling architecture synth of entity c_addsub_v12_0_14.c_addsub_v12_0_14_legacy [\c_addsub_v12_0_14_legacy(c_fami...]
Compiling architecture synth of entity c_addsub_v12_0_14.c_addsub_v12_0_14_viv [\c_addsub_v12_0_14_viv(c_xdevice...]
Compiling architecture synth of entity cordic_v6_0_16.addsub [\addsub(family="artix7",add_mode...]
Compiling architecture struct_all of entity cordic_v6_0_16.delay [\delay(delay_len=0,family="artix...]
Compiling architecture synth of entity cordic_v6_0_16.cordic_sqrt_mod [\cordic_sqrt_mod(p_xdevicefamily...]
Compiling architecture struct_all of entity cordic_v6_0_16.delay [\delay(delay_len=1,family="artix...]
Compiling architecture rtl of entity c_addsub_v12_0_14.c_addsub_v12_0_14_lut6_legacy [\c_addsub_v12_0_14_lut6_legacy(c...]
Compiling architecture synth of entity c_addsub_v12_0_14.c_addsub_v12_0_14_fabric_legacy [\c_addsub_v12_0_14_fabric_legacy...]
Compiling architecture synth of entity c_addsub_v12_0_14.c_addsub_v12_0_14_legacy [\c_addsub_v12_0_14_legacy(c_fami...]
Compiling architecture synth of entity c_addsub_v12_0_14.c_addsub_v12_0_14_viv [\c_addsub_v12_0_14_viv(c_xdevice...]
Compiling architecture synth of entity cordic_v6_0_16.addsub [\addsub(family="artix7",add_mode...]
Compiling architecture struct_all of entity cordic_v6_0_16.delay [\delay(delay_len=1,family="artix...]
Compiling architecture synth of entity cordic_v6_0_16.cordic_sqrt_mod [\cordic_sqrt_mod(p_xdevicefamily...]
Compiling architecture struct_all of entity cordic_v6_0_16.delay [\delay(delay_len=1,family="artix...]
Compiling architecture rtl of entity c_addsub_v12_0_14.c_addsub_v12_0_14_lut6_legacy [\c_addsub_v12_0_14_lut6_legacy(c...]
Compiling architecture synth of entity c_addsub_v12_0_14.c_addsub_v12_0_14_fabric_legacy [\c_addsub_v12_0_14_fabric_legacy...]
Compiling architecture synth of entity c_addsub_v12_0_14.c_addsub_v12_0_14_legacy [\c_addsub_v12_0_14_legacy(c_fami...]
Compiling architecture synth of entity c_addsub_v12_0_14.c_addsub_v12_0_14_viv [\c_addsub_v12_0_14_viv(c_xdevice...]
Compiling architecture synth of entity cordic_v6_0_16.addsub [\addsub(family="artix7",add_mode...]
Compiling architecture struct_all of entity cordic_v6_0_16.delay [\delay(delay_len=1,family="artix...]
Compiling architecture struct_all of entity cordic_v6_0_16.delay [\delay(delay_len=0,family="artix...]
Compiling architecture synth of entity cordic_v6_0_16.cordic_sqrt_mod [\cordic_sqrt_mod(p_xdevicefamily...]
Compiling architecture structural of entity c_reg_fd_v12_0_6.c_reg_fd_v12_0_6_viv [\c_reg_fd_v12_0_6_viv(c_width=19...]
Compiling architecture rtl of entity c_addsub_v12_0_14.c_addsub_v12_0_14_lut6_legacy [\c_addsub_v12_0_14_lut6_legacy(c...]
Compiling architecture synth of entity c_addsub_v12_0_14.c_addsub_v12_0_14_fabric_legacy [\c_addsub_v12_0_14_fabric_legacy...]
Compiling architecture synth of entity c_addsub_v12_0_14.c_addsub_v12_0_14_legacy [\c_addsub_v12_0_14_legacy(c_fami...]
Compiling architecture synth of entity c_addsub_v12_0_14.c_addsub_v12_0_14_viv [\c_addsub_v12_0_14_viv(c_xdevice...]
Compiling architecture synth of entity cordic_v6_0_16.addsub [\addsub(family="artix7",add_mode...]
Compiling architecture rtl of entity c_addsub_v12_0_14.c_addsub_v12_0_14_lut6_legacy [\c_addsub_v12_0_14_lut6_legacy(c...]
Compiling architecture synth of entity c_addsub_v12_0_14.c_addsub_v12_0_14_fabric_legacy [\c_addsub_v12_0_14_fabric_legacy...]
Compiling architecture synth of entity c_addsub_v12_0_14.c_addsub_v12_0_14_legacy [\c_addsub_v12_0_14_legacy(c_fami...]
Compiling architecture synth of entity c_addsub_v12_0_14.c_addsub_v12_0_14_viv [\c_addsub_v12_0_14_viv(c_xdevice...]
Compiling architecture synth of entity cordic_v6_0_16.addsub [\addsub(family="artix7",add_mode...]
Compiling architecture struct_all of entity cordic_v6_0_16.delay [\delay(delay_len=0,family="artix...]
Compiling architecture struct_all of entity cordic_v6_0_16.delay [\delay(delay_len=8,family="artix...]
Compiling architecture synth of entity cordic_v6_0_16.cordic_sqrt_mod [\cordic_sqrt_mod(p_xdevicefamily...]
Compiling architecture struct_all of entity cordic_v6_0_16.delay [\delay(delay_len=0,family="artix...]
Compiling architecture struct_all of entity cordic_v6_0_16.delay_bit [\delay_bit(delay_len=0,family="a...]
Compiling architecture struct_all of entity cordic_v6_0_16.delay_bit [\delay_bit(delay_len=8,family="a...]
Compiling architecture synth of entity cordic_v6_0_16.cordic_sqrt [\cordic_sqrt(p_xdevicefamily="ar...]
Compiling architecture synth of entity cordic_v6_0_16.cordic_v6_0_16_synth [\cordic_v6_0_16_synth(c_architec...]
Compiling architecture synth of entity cordic_v6_0_16.cordic_v6_0_16_viv [\cordic_v6_0_16_viv(c_architectu...]
Compiling architecture xilinx of entity cordic_v6_0_16.cordic_v6_0_16 [\cordic_v6_0_16(c_architecture=2...]
Compiling architecture cordic_0_arch of entity xil_defaultlib.cordic_0 [cordic_0_default]
Compiling module xil_defaultlib.data_modulus
Compiling module xil_defaultlib.ram_wr_ctrl
Compiling module blk_mem_gen_v8_4_4.blk_mem_gen_v8_4_4_output_stage(...
Compiling module blk_mem_gen_v8_4_4.blk_mem_gen_v8_4_4_softecc_outpu...
Compiling module blk_mem_gen_v8_4_4.blk_mem_gen_v8_4_4_mem_module(C_...
Compiling module blk_mem_gen_v8_4_4.blk_mem_gen_v8_4_4(C_FAMILY="art...
Compiling module xil_defaultlib.ram_4096x16
Compiling module xil_defaultlib.wave_freq
Compiling module xil_defaultlib.top
Compiling module xil_defaultlib.top_tb
Compiling module xil_defaultlib.glbl
Built simulation snapshot top_tb_behav
run_program: Time (s): cpu = 00:00:03 ; elapsed = 00:00:52 . Memory (MB): peak = 1449.566 ; gain = 0.000
INFO: [USF-XSim-69] 'elaborate' step finished in '52' seconds
INFO: [USF-XSim-4] XSim::Simulate design
INFO: [USF-XSim-61] Executing 'SIMULATE' step in 'C:/Users/sb/Desktop/git/jnu2023h/jnu2023h.sim/sim_1/behav/xsim'
INFO: [USF-XSim-98] *** Running xsim
   with args "top_tb_behav -key {Behavioral:sim_1:Functional:top_tb} -tclbatch {top_tb.tcl} -log {simulate.log}"
INFO: [USF-XSim-8] Loading simulator feature
Vivado Simulator 2020.2
Time resolution is 1 ps
source top_tb.tcl
# set curr_wave [current_wave_config]
# if { [string length $curr_wave] == 0 } {
#   if { [llength [get_objects]] > 0} {
#     add_wave /
#     set_property needs_save false [current_wave_config]
#   } else {
#      send_msg_id Add_Wave-1 WARNING "No top level signals found. Simulator will start without a wave window. If you want to open a wave window go to 'File->New Waveform Configuration' or type 'create_wave_config' in the TCL console."
#   }
# }
# run 1000ns
 Block Memory Generator module loading initial data...
 Block Memory Generator data initialization complete.
Block Memory Generator module top_tb.u_dds.u_rom_1000x8b1.inst.\native_mem_module.blk_mem_gen_v8_4_4_inst  is using a behavioral model for simulation which will not precisely model memory collision behavior.
 Block Memory Generator module loading initial data...
 Block Memory Generator data initialization complete.
Block Memory Generator module top_tb.u_dds.u_rom_1000x8b2.inst.\native_mem_module.blk_mem_gen_v8_4_4_inst  is using a behavioral model for simulation which will not precisely model memory collision behavior.
Block Memory Generator module top_tb.u_top.u_ram_4096x16.inst.\native_mem_module.blk_mem_gen_v8_4_4_inst  is using a behavioral model for simulation which will not precisely model memory collision behavior.
 Block Memory Generator module loading initial data...
 Block Memory Generator data initialization complete.
Block Memory Generator module top_tb.u_top.u_dds.u_rom_1000x8b1.inst.\native_mem_module.blk_mem_gen_v8_4_4_inst  is using a behavioral model for simulation which will not precisely model memory collision behavior.
 Block Memory Generator module loading initial data...
 Block Memory Generator data initialization complete.
Block Memory Generator module top_tb.u_top.u_dds.u_rom_1000x8b2.inst.\native_mem_module.blk_mem_gen_v8_4_4_inst  is using a behavioral model for simulation which will not precisely model memory collision behavior.
INFO: [USF-XSim-96] XSim completed. Design snapshot 'top_tb_behav' loaded.
INFO: [USF-XSim-97] XSim simulation ran for 1000ns
launch_simulation: Time (s): cpu = 00:00:06 ; elapsed = 00:00:59 . Memory (MB): peak = 1449.566 ; gain = 0.000
close_sim
INFO: [Simtcl 6-16] Simulation closed
launch_simulation
Command: launch_simulation 
INFO: [Vivado 12-5698] Checking validity of IPs in the design for the 'XSim' simulator...
INFO: [Vivado 12-5682] Launching behavioral simulation in 'C:/Users/sb/Desktop/git/jnu2023h/jnu2023h.sim/sim_1/behav/xsim'
INFO: [Vivado 12-4795] Using compiled simulation libraries for IPs
INFO: [SIM-utils-51] Simulation object is 'sim_1'
INFO: [USF-XSim-7] Finding pre-compiled libraries...
INFO: [USF-XSim-11] File 'E:/Xilinx/Vivado/2020.2/data/xsim/xsim.ini' copied to run dir:'C:/Users/sb/Desktop/git/jnu2023h/jnu2023h.sim/sim_1/behav/xsim'
INFO: [SIM-utils-54] Inspecting design source files for 'top_tb' in fileset 'sim_1'...
INFO: [SIM-utils-43] Exported 'C:/Users/sb/Desktop/git/jnu2023h/jnu2023h.sim/sim_1/behav/xsim/rom_1000x8b.mif'
INFO: [SIM-utils-43] Exported 'C:/Users/sb/Desktop/git/jnu2023h/jnu2023h.sim/sim_1/behav/xsim/rom_1000x8.coe'
INFO: [USF-XSim-97] Finding global include files...
INFO: [USF-XSim-98] Fetching design files from 'sim_1'...
INFO: [USF-XSim-2] XSim::Compile design
INFO: [USF-XSim-61] Executing 'COMPILE and ANALYZE' step in 'C:/Users/sb/Desktop/git/jnu2023h/jnu2023h.sim/sim_1/behav/xsim'
"xvlog --incr --relax -prj top_tb_vlog.prj"
INFO: [VRFC 10-2263] Analyzing Verilog file "C:/Users/sb/Desktop/git/jnu2023h/jnu2023h.gen/sources_1/ip/rom_1000x8b/sim/rom_1000x8b.v" into library xil_defaultlib
INFO: [VRFC 10-311] analyzing module rom_1000x8b
INFO: [VRFC 10-2263] Analyzing Verilog file "C:/Users/sb/Desktop/git/jnu2023h/jnu2023h.gen/sources_1/ip/ram_4096x16/sim/ram_4096x16.v" into library xil_defaultlib
INFO: [VRFC 10-311] analyzing module ram_4096x16
INFO: [VRFC 10-2263] Analyzing Verilog file "C:/Users/sb/Desktop/git/jnu2023h/jnu2023h.gen/sources_1/ip/clk_wiz_0/clk_wiz_0_clk_wiz.v" into library xil_defaultlib
INFO: [VRFC 10-311] analyzing module clk_wiz_0_clk_wiz
INFO: [VRFC 10-2263] Analyzing Verilog file "C:/Users/sb/Desktop/git/jnu2023h/jnu2023h.gen/sources_1/ip/clk_wiz_0/clk_wiz_0.v" into library xil_defaultlib
INFO: [VRFC 10-311] analyzing module clk_wiz_0
INFO: [VRFC 10-2263] Analyzing Verilog file "C:/Users/sb/Desktop/git/jnu2023h/code/da_wave_send.v" into library xil_defaultlib
INFO: [VRFC 10-311] analyzing module da_wave_send
INFO: [VRFC 10-2263] Analyzing Verilog file "C:/Users/sb/Desktop/git/jnu2023h/code/data_modulus.v" into library xil_defaultlib
INFO: [VRFC 10-311] analyzing module data_modulus
INFO: [VRFC 10-2263] Analyzing Verilog file "C:/Users/sb/Desktop/git/jnu2023h/code/dds.v" into library xil_defaultlib
INFO: [VRFC 10-311] analyzing module dds
WARNING: [VRFC 10-986] literal value truncated to fit in 20 bits [C:/Users/sb/Desktop/git/jnu2023h/code/dds.v:42]
INFO: [VRFC 10-2263] Analyzing Verilog file "C:/Users/sb/Desktop/git/jnu2023h/code/ftt_clk.v" into library xil_defaultlib
INFO: [VRFC 10-311] analyzing module fft_clk
INFO: [VRFC 10-2263] Analyzing Verilog file "C:/Users/sb/Desktop/git/jnu2023h/code/ram_wr_ctrl.v" into library xil_defaultlib
INFO: [VRFC 10-311] analyzing module ram_wr_ctrl
INFO: [VRFC 10-2263] Analyzing Verilog file "C:/Users/sb/Desktop/git/jnu2023h/code/top.v" into library xil_defaultlib
INFO: [VRFC 10-311] analyzing module top
INFO: [VRFC 10-2458] undeclared symbol data_valid, assumed default net type wire [C:/Users/sb/Desktop/git/jnu2023h/code/top.v:159]
INFO: [VRFC 10-2263] Analyzing Verilog file "C:/Users/sb/Desktop/git/jnu2023h/code/wave_freq.v" into library xil_defaultlib
INFO: [VRFC 10-311] analyzing module wave_freq
INFO: [VRFC 10-2263] Analyzing Verilog file "C:/Users/sb/Desktop/git/jnu2023h/code/sim/top_tb.v" into library xil_defaultlib
INFO: [VRFC 10-311] analyzing module top_tb
INFO: [VRFC 10-2458] undeclared symbol clk_50m, assumed default net type wire [C:/Users/sb/Desktop/git/jnu2023h/code/sim/top_tb.v:66]
INFO: [VRFC 10-2458] undeclared symbol wave_vaild, assumed default net type wire [C:/Users/sb/Desktop/git/jnu2023h/code/sim/top_tb.v:67]
INFO: [VRFC 10-2458] undeclared symbol da_clk_1, assumed default net type wire [C:/Users/sb/Desktop/git/jnu2023h/code/sim/top_tb.v:76]
INFO: [VRFC 10-2458] undeclared symbol da_clk_2, assumed default net type wire [C:/Users/sb/Desktop/git/jnu2023h/code/sim/top_tb.v:77]
"xvhdl --incr --relax -prj top_tb_vhdl.prj"
INFO: [USF-XSim-69] 'compile' step finished in '3' seconds
INFO: [USF-XSim-3] XSim::Elaborate design
INFO: [USF-XSim-61] Executing 'ELABORATE' step in 'C:/Users/sb/Desktop/git/jnu2023h/jnu2023h.sim/sim_1/behav/xsim'
"xelab -wto 733bc6238e3a4b91923eb927ee1788cd --incr --debug typical --relax --mt 2 -L xil_defaultlib -L blk_mem_gen_v8_4_4 -L xbip_utils_v3_0_10 -L c_reg_fd_v12_0_6 -L xbip_dsp48_wrapper_v3_0_4 -L xbip_pipe_v3_0_6 -L xbip_dsp48_addsub_v3_0_6 -L xbip_addsub_v3_0_6 -L c_addsub_v12_0_14 -L xbip_bram18k_v3_0_6 -L mult_gen_v12_0_16 -L axi_utils_v2_0_6 -L cordic_v6_0_16 -L c_mux_bit_v12_0_6 -L c_shift_ram_v12_0_14 -L cmpy_v6_0_19 -L floating_point_v7_0_18 -L xfft_v9_1_5 -L unisims_ver -L unimacro_ver -L secureip -L xpm --snapshot top_tb_behav xil_defaultlib.top_tb xil_defaultlib.glbl -log elaborate.log"
Vivado Simulator 2020.2
Copyright 1986-1999, 2001-2020 Xilinx, Inc. All Rights Reserved.
Running: E:/Xilinx/Vivado/2020.2/bin/unwrapped/win64.o/xelab.exe -wto 733bc6238e3a4b91923eb927ee1788cd --incr --debug typical --relax --mt 2 -L xil_defaultlib -L blk_mem_gen_v8_4_4 -L xbip_utils_v3_0_10 -L c_reg_fd_v12_0_6 -L xbip_dsp48_wrapper_v3_0_4 -L xbip_pipe_v3_0_6 -L xbip_dsp48_addsub_v3_0_6 -L xbip_addsub_v3_0_6 -L c_addsub_v12_0_14 -L xbip_bram18k_v3_0_6 -L mult_gen_v12_0_16 -L axi_utils_v2_0_6 -L cordic_v6_0_16 -L c_mux_bit_v12_0_6 -L c_shift_ram_v12_0_14 -L cmpy_v6_0_19 -L floating_point_v7_0_18 -L xfft_v9_1_5 -L unisims_ver -L unimacro_ver -L secureip -L xpm --snapshot top_tb_behav xil_defaultlib.top_tb xil_defaultlib.glbl -log elaborate.log 
Using 2 slave threads.
Starting static elaboration
Pass Through NonSizing Optimizer
WARNING: [VRFC 10-8389] size mismatch in mixed language port association, VHDL port 'm_axis_data_tdata' [C:/Users/sb/Desktop/git/jnu2023h/code/top.v:108]
WARNING: [VRFC 10-8389] size mismatch in mixed language port association, VHDL port 's_axis_cartesian_tdata' [C:/Users/sb/Desktop/git/jnu2023h/code/data_modulus.v:95]
WARNING: [VRFC 10-3091] actual bit length 6 differs from formal bit length 8 for port 'freq_select1' [C:/Users/sb/Desktop/git/jnu2023h/code/sim/top_tb.v:70]
WARNING: [VRFC 10-3091] actual bit length 6 differs from formal bit length 8 for port 'freq_select2' [C:/Users/sb/Desktop/git/jnu2023h/code/sim/top_tb.v:71]
WARNING: [VRFC 10-3091] actual bit length 8 differs from formal bit length 6 for port 'freq_select' [C:/Users/sb/Desktop/git/jnu2023h/code/dds.v:89]
WARNING: [VRFC 10-3091] actual bit length 8 differs from formal bit length 6 for port 'freq_select' [C:/Users/sb/Desktop/git/jnu2023h/code/dds.v:102]
WARNING: [VRFC 10-3091] actual bit length 8 differs from formal bit length 10 for port 'ad_data_1' [C:/Users/sb/Desktop/git/jnu2023h/code/sim/top_tb.v:88]
WARNING: [VRFC 10-3091] actual bit length 8 differs from formal bit length 10 for port 'ad_data_2' [C:/Users/sb/Desktop/git/jnu2023h/code/sim/top_tb.v:93]
WARNING: [VRFC 10-3091] actual bit length 8 differs from formal bit length 12 for port 'waveA_freq' [C:/Users/sb/Desktop/git/jnu2023h/code/top.v:202]
WARNING: [VRFC 10-3091] actual bit length 8 differs from formal bit length 12 for port 'waveB_freq' [C:/Users/sb/Desktop/git/jnu2023h/code/top.v:204]
WARNING: [VRFC 10-5021] port 'reset' is not connected on this instance [C:/Users/sb/Desktop/git/jnu2023h/code/top.v:70]
Completed static elaboration
Starting simulation data flow analysis
Completed simulation data flow analysis
Time Resolution for simulation is 1ps
Compiling package std.standard
Compiling package std.textio
Compiling package ieee.std_logic_1164
Compiling package ieee.numeric_std
Compiling package xbip_utils_v3_0_10.xbip_utils_v3_0_10_pkg
Compiling package xfft_v9_1_5.xfft_v9_1_5_viv_comp
Compiling package ieee.std_logic_arith
Compiling package ieee.std_logic_unsigned
Compiling package ieee.math_real
Compiling package axi_utils_v2_0_6.axi_utils_v2_0_6_pkg
Compiling package mult_gen_v12_0_16.mult_gen_v12_0_16_pkg
Compiling package ieee.std_logic_signed
Compiling package cmpy_v6_0_19.cmpy_v6_0_19_pkg
Compiling package floating_point_v7_0_18.floating_point_v7_0_18_consts
Compiling package floating_point_v7_0_18.floating_point_v7_0_18_exp_table...
Compiling package floating_point_v7_0_18.floating_point_v7_0_18_pkg
Compiling package xfft_v9_1_5.pkg
Compiling package xfft_v9_1_5.xfft_v9_1_5_axi_pkg
Compiling package axi_utils_v2_0_6.global_util_pkg
Compiling package axi_utils_v2_0_6.axi_utils_comps
Compiling package unisim.vcomponents
Compiling package xbip_pipe_v3_0_6.xbip_pipe_v3_0_6_viv_comp
Compiling package xbip_addsub_v3_0_6.xbip_addsub_v3_0_6_viv_comp
Compiling package c_addsub_v12_0_14.c_addsub_v12_0_14_pkg
Compiling package c_addsub_v12_0_14.c_addsub_v12_0_14_pkg_legacy
Compiling package c_reg_fd_v12_0_6.c_reg_fd_v12_0_6_viv_comp
Compiling package ieee.vital_timing
Compiling package ieee.vital_primitives
Compiling package unisim.vpkg
Compiling package c_shift_ram_v12_0_14.c_shift_ram_v12_0_14_pkg
Compiling package c_mux_bit_v12_0_6.c_mux_bit_v12_0_6_viv_comp
Compiling package xfft_v9_1_5.quarter_sin_tw_table
Compiling package xfft_v9_1_5.quarter2_sin_tw_table
Compiling package mult_gen_v12_0_16.dsp_pkg
Compiling package xpm.vcomponents
Compiling package ieee.std_logic_textio
Compiling package cordic_v6_0_16.cordic_v6_0_16_viv_comp
Compiling package cordic_v6_0_16.cordic_pack
Compiling package cordic_v6_0_16.cordic_hdl_comps
Compiling package c_addsub_v12_0_14.c_addsub_v12_0_14_viv_comp
Compiling module blk_mem_gen_v8_4_4.blk_mem_gen_v8_4_4_output_stage(...
Compiling module blk_mem_gen_v8_4_4.blk_mem_gen_v8_4_4_softecc_outpu...
Compiling module blk_mem_gen_v8_4_4.blk_mem_gen_v8_4_4_mem_module(C_...
Compiling module blk_mem_gen_v8_4_4.blk_mem_gen_v8_4_4(C_FAMILY="art...
Compiling module xil_defaultlib.rom_1000x8b
Compiling module xil_defaultlib.da_wave_send
Compiling module xil_defaultlib.dds
Compiling module unisims_ver.IBUF
Compiling module unisims_ver.MMCME2_ADV(CLKFBOUT_MULT_F=16.0,...
Compiling module unisims_ver.BUFG
Compiling module xil_defaultlib.clk_wiz_0_clk_wiz
Compiling module xil_defaultlib.clk_wiz_0
Compiling module xil_defaultlib.fft_clk
Compiling architecture xilinx of entity axi_utils_v2_0_6.glb_srl_fifo [\glb_srl_fifo(width=5,has_uvprot...]
Compiling architecture xilinx of entity axi_utils_v2_0_6.glb_ifx_master [\glb_ifx_master(width=5,afull_th...]
Compiling architecture synth of entity xfft_v9_1_5.axi_wrapper_output_fifo [\axi_wrapper_output_fifo(c_fifo_...]
Compiling architecture xilinx of entity axi_utils_v2_0_6.glb_srl_fifo [\glb_srl_fifo(width=1,has_uvprot...]
Compiling architecture xilinx of entity axi_utils_v2_0_6.glb_ifx_slave [\glb_ifx_slave(width=1,has_uvpro...]
Compiling architecture synth of entity xfft_v9_1_5.axi_wrapper_input_fifo [\axi_wrapper_input_fifo(c_fifo_w...]
Compiling architecture xilinx of entity axi_utils_v2_0_6.glb_srl_fifo [\glb_srl_fifo(width=33,has_uvpro...]
Compiling architecture xilinx of entity axi_utils_v2_0_6.glb_ifx_slave [\glb_ifx_slave(width=33,has_uvpr...]
Compiling architecture synth of entity xfft_v9_1_5.axi_wrapper_input_fifo [\axi_wrapper_input_fifo(c_fifo_w...]
Compiling architecture xilinx of entity axi_utils_v2_0_6.glb_srl_fifo [\glb_srl_fifo(width=38,has_uvpro...]
Compiling architecture xilinx of entity axi_utils_v2_0_6.glb_ifx_master [\glb_ifx_master(width=38,afull_t...]
Compiling architecture synth of entity xfft_v9_1_5.axi_wrapper_output_fifo [\axi_wrapper_output_fifo(c_fifo_...]
Compiling architecture synth of entity xfft_v9_1_5.axi_wrapper [\axi_wrapper(c_nfft_max=7,c_arch...]
Compiling architecture xilinx of entity xfft_v9_1_5.equ_rtl [\equ_rtl(c_xdevicefamily="artix7...]
Compiling architecture xilinx of entity xfft_v9_1_5.r22_cnt_ctrl [\r22_cnt_ctrl(c_xdevicefamily="a...]
Compiling architecture xilinx of entity xfft_v9_1_5.r22_cnt_ctrl [\r22_cnt_ctrl(c_xdevicefamily="a...]
Compiling architecture struct of entity c_shift_ram_v12_0_14.c_shift_ram_v12_0_14_legacy [\c_shift_ram_v12_0_14_legacy(c_x...]
Compiling architecture synth of entity c_shift_ram_v12_0_14.c_shift_ram_v12_0_14_viv [\c_shift_ram_v12_0_14_viv(c_xdev...]
Compiling architecture xilinx of entity xfft_v9_1_5.shift_ram [\shift_ram(c_xdevicefamily="arti...]
Compiling architecture struct of entity c_shift_ram_v12_0_14.c_shift_ram_v12_0_14_legacy [\c_shift_ram_v12_0_14_legacy(c_x...]
Compiling architecture synth of entity c_shift_ram_v12_0_14.c_shift_ram_v12_0_14_viv [\c_shift_ram_v12_0_14_viv(c_xdev...]
Compiling architecture xilinx of entity xfft_v9_1_5.shift_ram [\shift_ram(c_xdevicefamily="arti...]
Compiling architecture fd_v of entity unisim.FD [fd_default]
Compiling architecture struct of entity c_shift_ram_v12_0_14.c_shift_ram_v12_0_14_legacy [\c_shift_ram_v12_0_14_legacy(c_x...]
Compiling architecture synth of entity c_shift_ram_v12_0_14.c_shift_ram_v12_0_14_viv [\c_shift_ram_v12_0_14_viv(c_xdev...]
Compiling architecture xilinx of entity xfft_v9_1_5.shift_ram [\shift_ram(c_xdevicefamily="arti...]
Compiling architecture struct of entity c_shift_ram_v12_0_14.c_shift_ram_v12_0_14_legacy [\c_shift_ram_v12_0_14_legacy(c_x...]
Compiling architecture synth of entity c_shift_ram_v12_0_14.c_shift_ram_v12_0_14_viv [\c_shift_ram_v12_0_14_viv(c_xdev...]
Compiling architecture xilinx of entity xfft_v9_1_5.shift_ram [\shift_ram(c_xdevicefamily="arti...]
Compiling architecture xilinx of entity xfft_v9_1_5.shift_ram [\shift_ram(c_xdevicefamily="arti...]
Compiling architecture xilinx of entity xfft_v9_1_5.shift_ram [\shift_ram(c_xdevicefamily="arti...]
Compiling architecture xilinx of entity xfft_v9_1_5.shift_ram [\shift_ram(c_xdevicefamily="arti...]
Compiling architecture lut3_v of entity unisim.LUT3 [\LUT3(init="11001010")(0,7)\]
Compiling architecture xilinx of entity xfft_v9_1_5.mux_bus2 [\mux_bus2(c_xdevicefamily="artix...]
Compiling architecture xilinx of entity xfft_v9_1_5.r22_delay_mux [\r22_delay_mux(c_xdevicefamily="...]
Compiling architecture xilinx of entity xfft_v9_1_5.r22_delay_mux [\r22_delay_mux(c_xdevicefamily="...]
Compiling architecture xilinx of entity xfft_v9_1_5.shift_ram [\shift_ram(c_xdevicefamily="arti...]
Compiling architecture xilinx of entity xfft_v9_1_5.shift_ram [\shift_ram(c_xdevicefamily="arti...]
Compiling architecture struct of entity c_shift_ram_v12_0_14.c_shift_ram_v12_0_14_legacy [\c_shift_ram_v12_0_14_legacy(c_x...]
Compiling architecture synth of entity c_shift_ram_v12_0_14.c_shift_ram_v12_0_14_viv [\c_shift_ram_v12_0_14_viv(c_xdev...]
Compiling architecture synth of entity xfft_v9_1_5.r22_srl_memory [\r22_srl_memory(c_xdevicefamily=...]
Compiling architecture xilinx of entity xfft_v9_1_5.r22_memory [\r22_memory(c_xdevicefamily="art...]
Compiling architecture structural of entity c_reg_fd_v12_0_6.c_reg_fd_v12_0_6_viv [\c_reg_fd_v12_0_6_viv(c_width=18...]
Compiling architecture rtl of entity c_addsub_v12_0_14.c_addsub_v12_0_14_lut6_legacy [\c_addsub_v12_0_14_lut6_legacy(c...]
Compiling architecture synth of entity c_addsub_v12_0_14.c_addsub_v12_0_14_fabric_legacy [\c_addsub_v12_0_14_fabric_legacy...]
Compiling architecture synth of entity c_addsub_v12_0_14.c_addsub_v12_0_14_legacy [\c_addsub_v12_0_14_legacy(c_fami...]
Compiling architecture synth of entity c_addsub_v12_0_14.c_addsub_v12_0_14_viv [\c_addsub_v12_0_14_viv(c_xdevice...]
Compiling architecture xilinx of entity xfft_v9_1_5.adder_bypass [\adder_bypass(c_xdevicefamily="a...]
Compiling architecture structural of entity c_reg_fd_v12_0_6.c_reg_fd_v12_0_6_viv [\c_reg_fd_v12_0_6_viv(c_width=18...]
Compiling architecture rtl of entity c_addsub_v12_0_14.c_addsub_v12_0_14_lut6_legacy [\c_addsub_v12_0_14_lut6_legacy(c...]
Compiling architecture synth of entity c_addsub_v12_0_14.c_addsub_v12_0_14_fabric_legacy [\c_addsub_v12_0_14_fabric_legacy...]
Compiling architecture synth of entity c_addsub_v12_0_14.c_addsub_v12_0_14_legacy [\c_addsub_v12_0_14_legacy(c_fami...]
Compiling architecture synth of entity c_addsub_v12_0_14.c_addsub_v12_0_14_viv [\c_addsub_v12_0_14_viv(c_xdevice...]
Compiling architecture xilinx of entity xfft_v9_1_5.sub_byp [\sub_byp(c_xdevicefamily="artix7...]
Compiling architecture xilinx of entity xfft_v9_1_5.r22_bfly_byp [\r22_bfly_byp(c_xdevicefamily="a...]
Compiling architecture xilinx of entity xfft_v9_1_5.r22_bf [\r22_bf(c_xdevicefamily="artix7"...]
Compiling architecture xilinx of entity xfft_v9_1_5.shift_ram [\shift_ram(c_xdevicefamily="arti...]
Compiling architecture fde_v of entity unisim.FDE [fde_default]
Compiling architecture synth of entity xfft_v9_1_5.r22_twos_comp_mux [\r22_twos_comp_mux(c_xdevicefami...]
Compiling architecture synth of entity xfft_v9_1_5.r22_twos_comp_mux [\r22_twos_comp_mux(c_xdevicefami...]
Compiling architecture xilinx of entity xfft_v9_1_5.shift_ram [\shift_ram(c_xdevicefamily="arti...]
Compiling architecture xilinx of entity xfft_v9_1_5.shift_ram [\shift_ram(c_xdevicefamily="arti...]
Compiling architecture xilinx of entity xfft_v9_1_5.shift_ram [\shift_ram(c_xdevicefamily="arti...]
Compiling architecture xilinx of entity xfft_v9_1_5.mux_bus2 [\mux_bus2(c_xdevicefamily="artix...]
Compiling architecture xilinx of entity xfft_v9_1_5.r22_delay_mux [\r22_delay_mux(c_xdevicefamily="...]
Compiling architecture xilinx of entity xfft_v9_1_5.r22_delay_mux [\r22_delay_mux(c_xdevicefamily="...]
Compiling architecture xilinx of entity xfft_v9_1_5.shift_ram [\shift_ram(c_xdevicefamily="arti...]
Compiling architecture xilinx of entity xfft_v9_1_5.shift_ram [\shift_ram(c_xdevicefamily="arti...]
Compiling architecture struct of entity c_shift_ram_v12_0_14.c_shift_ram_v12_0_14_legacy [\c_shift_ram_v12_0_14_legacy(c_x...]
Compiling architecture synth of entity c_shift_ram_v12_0_14.c_shift_ram_v12_0_14_viv [\c_shift_ram_v12_0_14_viv(c_xdev...]
Compiling architecture synth of entity xfft_v9_1_5.r22_srl_memory [\r22_srl_memory(c_xdevicefamily=...]
Compiling architecture xilinx of entity xfft_v9_1_5.r22_memory [\r22_memory(c_xdevicefamily="art...]
Compiling architecture structural of entity c_reg_fd_v12_0_6.c_reg_fd_v12_0_6_viv [\c_reg_fd_v12_0_6_viv(c_width=19...]
Compiling architecture rtl of entity c_addsub_v12_0_14.c_addsub_v12_0_14_lut6_legacy [\c_addsub_v12_0_14_lut6_legacy(c...]
Compiling architecture synth of entity c_addsub_v12_0_14.c_addsub_v12_0_14_fabric_legacy [\c_addsub_v12_0_14_fabric_legacy...]
Compiling architecture synth of entity c_addsub_v12_0_14.c_addsub_v12_0_14_legacy [\c_addsub_v12_0_14_legacy(c_fami...]
Compiling architecture synth of entity c_addsub_v12_0_14.c_addsub_v12_0_14_viv [\c_addsub_v12_0_14_viv(c_xdevice...]
Compiling architecture xilinx of entity xfft_v9_1_5.adder_bypass [\adder_bypass(c_xdevicefamily="a...]
Compiling architecture structural of entity c_reg_fd_v12_0_6.c_reg_fd_v12_0_6_viv [\c_reg_fd_v12_0_6_viv(c_width=19...]
Compiling architecture rtl of entity c_addsub_v12_0_14.c_addsub_v12_0_14_lut6_legacy [\c_addsub_v12_0_14_lut6_legacy(c...]
Compiling architecture synth of entity c_addsub_v12_0_14.c_addsub_v12_0_14_fabric_legacy [\c_addsub_v12_0_14_fabric_legacy...]
Compiling architecture synth of entity c_addsub_v12_0_14.c_addsub_v12_0_14_legacy [\c_addsub_v12_0_14_legacy(c_fami...]
Compiling architecture synth of entity c_addsub_v12_0_14.c_addsub_v12_0_14_viv [\c_addsub_v12_0_14_viv(c_xdevice...]
Compiling architecture xilinx of entity xfft_v9_1_5.sub_byp [\sub_byp(c_xdevicefamily="artix7...]
Compiling architecture xilinx of entity xfft_v9_1_5.r22_bfly_byp [\r22_bfly_byp(c_xdevicefamily="a...]
Compiling architecture xilinx of entity xfft_v9_1_5.r22_bf [\r22_bf(c_xdevicefamily="artix7"...]
Compiling architecture structural of entity c_reg_fd_v12_0_6.c_reg_fd_v12_0_6_viv [\c_reg_fd_v12_0_6_viv(c_width=7,...]
Compiling architecture rtl of entity c_addsub_v12_0_14.c_addsub_v12_0_14_lut6_legacy [\c_addsub_v12_0_14_lut6_legacy(c...]
Compiling architecture synth of entity c_addsub_v12_0_14.c_addsub_v12_0_14_fabric_legacy [\c_addsub_v12_0_14_fabric_legacy...]
Compiling architecture synth of entity c_addsub_v12_0_14.c_addsub_v12_0_14_legacy [\c_addsub_v12_0_14_legacy(c_fami...]
Compiling architecture synth of entity c_addsub_v12_0_14.c_addsub_v12_0_14_viv [\c_addsub_v12_0_14_viv(c_xdevice...]
Compiling architecture xilinx of entity xfft_v9_1_5.adder [\adder(c_xdevicefamily="artix7",...]
Compiling architecture lut6_v of entity unisim.LUT6 [\LUT6(init="11111111000000001111...]
Compiling architecture xilinx of entity xfft_v9_1_5.mux_bus4 [\mux_bus4(c_xdevicefamily="artix...]
Compiling architecture struct of entity c_shift_ram_v12_0_14.c_shift_ram_v12_0_14_legacy [\c_shift_ram_v12_0_14_legacy(c_x...]
Compiling architecture synth of entity c_shift_ram_v12_0_14.c_shift_ram_v12_0_14_viv [\c_shift_ram_v12_0_14_viv(c_xdev...]
Compiling architecture xilinx of entity xfft_v9_1_5.shift_ram [\shift_ram(c_xdevicefamily="arti...]
Compiling architecture xilinx of entity xfft_v9_1_5.twgen_distmem [\twgen_distmem(theta_width=6,pip...]
Compiling architecture xilinx of entity xfft_v9_1_5.twiddle_gen [\twiddle_gen(c_xdevicefamily="ar...]
Compiling architecture xilinx of entity xfft_v9_1_5.r22_tw_gen [\r22_tw_gen(c_xdevicefamily="art...]
Compiling architecture xilinx of entity cmpy_v6_0_19.delay_line [\delay_line(c_xdevicefamily="art...]
Compiling architecture xilinx of entity cmpy_v6_0_19.delay_line [\delay_line(c_xdevicefamily="art...]
Compiling architecture xilinx of entity mult_gen_v12_0_16.delay_line [\delay_line(c_xdevicefamily="art...]
Compiling architecture xilinx of entity mult_gen_v12_0_16.delay_line [\delay_line(c_xdevicefamily="art...]
Compiling architecture dsp48e1_v of entity unisim.DSP48E1 [\DSP48E1(acascreg=2,alumodereg=0...]
Compiling architecture xilinx of entity mult_gen_v12_0_16.delay_line [\delay_line(c_xdevicefamily="art...]
Compiling architecture xilinx of entity mult_gen_v12_0_16.op_resize [\op_resize(ai_width=18,bi_width=...]
Compiling architecture xilinx of entity mult_gen_v12_0_16.dsp [\dsp(c_xdevicefamily="artix7",c_...]
Compiling architecture xilinx of entity cmpy_v6_0_19.cmpy_3_dsp48_mult [\cmpy_3_dsp48_mult(c_xdevicefami...]
Compiling architecture xilinx of entity mult_gen_v12_0_16.delay_line [\delay_line(c_xdevicefamily="art...]
Compiling architecture xilinx of entity mult_gen_v12_0_16.delay_line [\delay_line(c_xdevicefamily="art...]
Compiling architecture dsp48e1_v of entity unisim.DSP48E1 [\DSP48E1(alumodereg=0,bcascreg=2...]
Compiling architecture xilinx of entity mult_gen_v12_0_16.op_resize [\op_resize(ai_width=19,bi_width=...]
Compiling architecture xilinx of entity mult_gen_v12_0_16.dsp [\dsp(c_xdevicefamily="artix7",c_...]
Compiling architecture xilinx of entity cmpy_v6_0_19.cmpy_3_dsp48_mult [\cmpy_3_dsp48_mult(c_xdevicefami...]
Compiling architecture xilinx of entity mult_gen_v12_0_16.dsp [\dsp(c_xdevicefamily="artix7",c_...]
Compiling architecture xilinx of entity cmpy_v6_0_19.cmpy_3_dsp48_mult [\cmpy_3_dsp48_mult(c_xdevicefami...]
Compiling architecture xilinx of entity cmpy_v6_0_19.input_negation [\input_negation(c_xdevicefamily=...]
Compiling architecture xilinx of entity cmpy_v6_0_19.delay_line [\delay_line(c_xdevicefamily="art...]
Compiling architecture xilinx of entity cmpy_v6_0_19.delay_line [\delay_line(c_xdevicefamily="art...]
Compiling architecture xilinx of entity cmpy_v6_0_19.cmpy_3_dsp48 [\cmpy_3_dsp48(c_xdevicefamily="a...]
Compiling architecture xilinx of entity cmpy_v6_0_19.cmpy_v6_0_19_synth [\cmpy_v6_0_19_synth(c_xdevicefam...]
Compiling architecture xilinx of entity xfft_v9_1_5.cmpy [\cmpy(c_xdevicefamily="artix7",a...]
Compiling architecture xilinx of entity xfft_v9_1_5.logic_gate [\logic_gate(c_xdevicefamily="art...]
Compiling architecture xilinx of entity xfft_v9_1_5.shift_ram [\shift_ram(c_xdevicefamily="arti...]
Compiling architecture lut6_v of entity unisim.LUT6 [\LUT6(init="10000000000000000000...]
Compiling architecture xilinx of entity xfft_v9_1_5.logic_gate [\logic_gate(c_xdevicefamily="art...]
Compiling architecture rtl of entity c_addsub_v12_0_14.c_addsub_v12_0_14_lut6_legacy [\c_addsub_v12_0_14_lut6_legacy(c...]
Compiling architecture synth of entity c_addsub_v12_0_14.c_addsub_v12_0_14_fabric_legacy [\c_addsub_v12_0_14_fabric_legacy...]
Compiling architecture synth of entity c_addsub_v12_0_14.c_addsub_v12_0_14_legacy [\c_addsub_v12_0_14_legacy(c_fami...]
Compiling architecture synth of entity c_addsub_v12_0_14.c_addsub_v12_0_14_viv [\c_addsub_v12_0_14_viv(c_xdevice...]
Compiling architecture xilinx of entity xfft_v9_1_5.unbiased_round [\unbiased_round(c_xdevicefamily=...]
Compiling architecture xilinx of entity xfft_v9_1_5.shift_ram [\shift_ram(c_xdevicefamily="arti...]
Compiling architecture xilinx of entity xfft_v9_1_5.shift_ram [\shift_ram(c_xdevicefamily="arti...]
Compiling architecture xilinx of entity xfft_v9_1_5.r22_pe [\r22_pe(c_xdevicefamily="artix7"...]
Compiling architecture synth of entity xfft_v9_1_5.srl_fifo [\srl_fifo(c_width=1)\]
Compiling architecture xilinx of entity xfft_v9_1_5.r22_cnt_ctrl [\r22_cnt_ctrl(c_xdevicefamily="a...]
Compiling architecture xilinx of entity xfft_v9_1_5.r22_cnt_ctrl [\r22_cnt_ctrl(c_xdevicefamily="a...]
Compiling architecture struct of entity c_shift_ram_v12_0_14.c_shift_ram_v12_0_14_legacy [\c_shift_ram_v12_0_14_legacy(c_x...]
Compiling architecture synth of entity c_shift_ram_v12_0_14.c_shift_ram_v12_0_14_viv [\c_shift_ram_v12_0_14_viv(c_xdev...]
Compiling architecture xilinx of entity xfft_v9_1_5.shift_ram [\shift_ram(c_xdevicefamily="arti...]
Compiling architecture struct of entity c_shift_ram_v12_0_14.c_shift_ram_v12_0_14_legacy [\c_shift_ram_v12_0_14_legacy(c_x...]
Compiling architecture synth of entity c_shift_ram_v12_0_14.c_shift_ram_v12_0_14_viv [\c_shift_ram_v12_0_14_viv(c_xdev...]
Compiling architecture xilinx of entity xfft_v9_1_5.shift_ram [\shift_ram(c_xdevicefamily="arti...]
Compiling architecture struct of entity c_shift_ram_v12_0_14.c_shift_ram_v12_0_14_legacy [\c_shift_ram_v12_0_14_legacy(c_x...]
Compiling architecture synth of entity c_shift_ram_v12_0_14.c_shift_ram_v12_0_14_viv [\c_shift_ram_v12_0_14_viv(c_xdev...]
Compiling architecture xilinx of entity xfft_v9_1_5.shift_ram [\shift_ram(c_xdevicefamily="arti...]
Compiling architecture structural of entity c_reg_fd_v12_0_6.c_reg_fd_v12_0_6_viv [\c_reg_fd_v12_0_6_viv(c_width=20...]
Compiling architecture rtl of entity c_addsub_v12_0_14.c_addsub_v12_0_14_lut6_legacy [\c_addsub_v12_0_14_lut6_legacy(c...]
Compiling architecture synth of entity c_addsub_v12_0_14.c_addsub_v12_0_14_fabric_legacy [\c_addsub_v12_0_14_fabric_legacy...]
Compiling architecture synth of entity c_addsub_v12_0_14.c_addsub_v12_0_14_legacy [\c_addsub_v12_0_14_legacy(c_fami...]
Compiling architecture synth of entity c_addsub_v12_0_14.c_addsub_v12_0_14_viv [\c_addsub_v12_0_14_viv(c_xdevice...]
Compiling architecture xilinx of entity xfft_v9_1_5.adder [\adder(c_xdevicefamily="artix7",...]
Compiling architecture struct of entity c_shift_ram_v12_0_14.c_shift_ram_v12_0_14_legacy [\c_shift_ram_v12_0_14_legacy(c_x...]
Compiling architecture synth of entity c_shift_ram_v12_0_14.c_shift_ram_v12_0_14_viv [\c_shift_ram_v12_0_14_viv(c_xdev...]
Compiling architecture xilinx of entity xfft_v9_1_5.shift_ram [\shift_ram(c_xdevicefamily="arti...]
Compiling architecture xilinx of entity xfft_v9_1_5.shift_ram [\shift_ram(c_xdevicefamily="arti...]
Compiling architecture xilinx of entity xfft_v9_1_5.mux_bus2 [\mux_bus2(c_xdevicefamily="artix...]
Compiling architecture xilinx of entity xfft_v9_1_5.shift_ram [\shift_ram(c_xdevicefamily="arti...]
Compiling architecture xilinx of entity xfft_v9_1_5.mux_bus2 [\mux_bus2(c_xdevicefamily="artix...]
Compiling architecture xilinx of entity xfft_v9_1_5.r22_bf_sp [\r22_bf_sp(c_xdevicefamily="arti...]
Compiling architecture synth of entity xfft_v9_1_5.r22_twos_comp_mux [\r22_twos_comp_mux(c_xdevicefami...]
Compiling architecture synth of entity xfft_v9_1_5.r22_twos_comp_mux [\r22_twos_comp_mux(c_xdevicefami...]
Compiling architecture structural of entity c_reg_fd_v12_0_6.c_reg_fd_v12_0_6_viv [\c_reg_fd_v12_0_6_viv(c_width=21...]
Compiling architecture rtl of entity c_addsub_v12_0_14.c_addsub_v12_0_14_lut6_legacy [\c_addsub_v12_0_14_lut6_legacy(c...]
Compiling architecture synth of entity c_addsub_v12_0_14.c_addsub_v12_0_14_fabric_legacy [\c_addsub_v12_0_14_fabric_legacy...]
Compiling architecture synth of entity c_addsub_v12_0_14.c_addsub_v12_0_14_legacy [\c_addsub_v12_0_14_legacy(c_fami...]
Compiling architecture synth of entity c_addsub_v12_0_14.c_addsub_v12_0_14_viv [\c_addsub_v12_0_14_viv(c_xdevice...]
Compiling architecture xilinx of entity xfft_v9_1_5.adder [\adder(c_xdevicefamily="artix7",...]
Compiling architecture xilinx of entity xfft_v9_1_5.shift_ram [\shift_ram(c_xdevicefamily="arti...]
Compiling architecture struct of entity c_shift_ram_v12_0_14.c_shift_ram_v12_0_14_legacy [\c_shift_ram_v12_0_14_legacy(c_x...]
Compiling architecture synth of entity c_shift_ram_v12_0_14.c_shift_ram_v12_0_14_viv [\c_shift_ram_v12_0_14_viv(c_xdev...]
Compiling architecture xilinx of entity xfft_v9_1_5.shift_ram [\shift_ram(c_xdevicefamily="arti...]
Compiling architecture xilinx of entity xfft_v9_1_5.shift_ram [\shift_ram(c_xdevicefamily="arti...]
Compiling architecture xilinx of entity xfft_v9_1_5.mux_bus2 [\mux_bus2(c_xdevicefamily="artix...]
Compiling architecture xilinx of entity xfft_v9_1_5.r22_bf_sp [\r22_bf_sp(c_xdevicefamily="arti...]
Compiling architecture struct of entity c_shift_ram_v12_0_14.c_shift_ram_v12_0_14_legacy [\c_shift_ram_v12_0_14_legacy(c_x...]
Compiling architecture synth of entity c_shift_ram_v12_0_14.c_shift_ram_v12_0_14_viv [\c_shift_ram_v12_0_14_viv(c_xdev...]
Compiling architecture xilinx of entity xfft_v9_1_5.shift_ram [\shift_ram(c_xdevicefamily="arti...]
Compiling architecture struct of entity c_shift_ram_v12_0_14.c_shift_ram_v12_0_14_legacy [\c_shift_ram_v12_0_14_legacy(c_x...]
Compiling architecture synth of entity c_shift_ram_v12_0_14.c_shift_ram_v12_0_14_viv [\c_shift_ram_v12_0_14_viv(c_xdev...]
Compiling architecture xilinx of entity xfft_v9_1_5.shift_ram [\shift_ram(c_xdevicefamily="arti...]
Compiling architecture structural of entity c_reg_fd_v12_0_6.c_reg_fd_v12_0_6_viv [\c_reg_fd_v12_0_6_viv(c_width=5,...]
Compiling architecture rtl of entity c_addsub_v12_0_14.c_addsub_v12_0_14_lut6_legacy [\c_addsub_v12_0_14_lut6_legacy(c...]
Compiling architecture synth of entity c_addsub_v12_0_14.c_addsub_v12_0_14_fabric_legacy [\c_addsub_v12_0_14_fabric_legacy...]
Compiling architecture synth of entity c_addsub_v12_0_14.c_addsub_v12_0_14_legacy [\c_addsub_v12_0_14_legacy(c_fami...]
Compiling architecture synth of entity c_addsub_v12_0_14.c_addsub_v12_0_14_viv [\c_addsub_v12_0_14_viv(c_xdevice...]
Compiling architecture xilinx of entity xfft_v9_1_5.adder [\adder(c_xdevicefamily="artix7",...]
Compiling architecture xilinx of entity xfft_v9_1_5.mux_bus4 [\mux_bus4(c_xdevicefamily="artix...]
Compiling architecture xilinx of entity xfft_v9_1_5.twgen_distmem [\twgen_distmem(theta_width=4,pip...]
Compiling architecture xilinx of entity xfft_v9_1_5.twiddle_gen [\twiddle_gen(c_xdevicefamily="ar...]
Compiling architecture xilinx of entity xfft_v9_1_5.r22_tw_gen [\r22_tw_gen(c_xdevicefamily="art...]
Compiling architecture xilinx of entity cmpy_v6_0_19.delay_line [\delay_line(c_xdevicefamily="art...]
Compiling architecture xilinx of entity cmpy_v6_0_19.delay_line [\delay_line(c_xdevicefamily="art...]
Compiling architecture xilinx of entity mult_gen_v12_0_16.op_resize [\op_resize(ai_width=22,bi_width=...]
Compiling architecture xilinx of entity mult_gen_v12_0_16.dsp [\dsp(c_xdevicefamily="artix7",c_...]
Compiling architecture xilinx of entity cmpy_v6_0_19.cmpy_3_dsp48_mult [\cmpy_3_dsp48_mult(c_xdevicefami...]
Compiling architecture xilinx of entity cmpy_v6_0_19.delay_line [\delay_line(c_xdevicefamily="art...]
Compiling architecture dsp48e1_v of entity unisim.DSP48E1 [\DSP48E1(acascreg=2,alumodereg=0...]
Compiling architecture xilinx of entity mult_gen_v12_0_16.op_resize [\op_resize(ai_width=21,bi_width=...]
Compiling architecture xilinx of entity mult_gen_v12_0_16.dsp [\dsp(c_xdevicefamily="artix7",c_...]
Compiling architecture xilinx of entity cmpy_v6_0_19.cmpy_3_dsp48_mult [\cmpy_3_dsp48_mult(c_xdevicefami...]
Compiling architecture xilinx of entity mult_gen_v12_0_16.dsp [\dsp(c_xdevicefamily="artix7",c_...]
Compiling architecture xilinx of entity cmpy_v6_0_19.cmpy_3_dsp48_mult [\cmpy_3_dsp48_mult(c_xdevicefami...]
Compiling architecture xilinx of entity cmpy_v6_0_19.input_negation [\input_negation(c_xdevicefamily=...]
Compiling architecture xilinx of entity cmpy_v6_0_19.delay_line [\delay_line(c_xdevicefamily="art...]
Compiling architecture xilinx of entity cmpy_v6_0_19.cmpy_3_dsp48 [\cmpy_3_dsp48(c_xdevicefamily="a...]
Compiling architecture xilinx of entity cmpy_v6_0_19.cmpy_v6_0_19_synth [\cmpy_v6_0_19_synth(c_xdevicefam...]
Compiling architecture xilinx of entity xfft_v9_1_5.cmpy [\cmpy(c_xdevicefamily="artix7",a...]
Compiling architecture xilinx of entity xfft_v9_1_5.shift_ram [\shift_ram(c_xdevicefamily="arti...]
Compiling architecture xilinx of entity xfft_v9_1_5.logic_gate [\logic_gate(c_xdevicefamily="art...]
Compiling architecture rtl of entity c_addsub_v12_0_14.c_addsub_v12_0_14_lut6_legacy [\c_addsub_v12_0_14_lut6_legacy(c...]
Compiling architecture synth of entity c_addsub_v12_0_14.c_addsub_v12_0_14_fabric_legacy [\c_addsub_v12_0_14_fabric_legacy...]
Compiling architecture synth of entity c_addsub_v12_0_14.c_addsub_v12_0_14_legacy [\c_addsub_v12_0_14_legacy(c_fami...]
Compiling architecture synth of entity c_addsub_v12_0_14.c_addsub_v12_0_14_viv [\c_addsub_v12_0_14_viv(c_xdevice...]
Compiling architecture xilinx of entity xfft_v9_1_5.unbiased_round [\unbiased_round(c_xdevicefamily=...]
Compiling architecture struct of entity c_shift_ram_v12_0_14.c_shift_ram_v12_0_14_legacy [\c_shift_ram_v12_0_14_legacy(c_x...]
Compiling architecture synth of entity c_shift_ram_v12_0_14.c_shift_ram_v12_0_14_viv [\c_shift_ram_v12_0_14_viv(c_xdev...]
Compiling architecture xilinx of entity xfft_v9_1_5.shift_ram [\shift_ram(c_xdevicefamily="arti...]
Compiling architecture xilinx of entity xfft_v9_1_5.shift_ram [\shift_ram(c_xdevicefamily="arti...]
Compiling architecture xilinx of entity xfft_v9_1_5.r22_pe [\r22_pe(c_xdevicefamily="artix7"...]
Compiling architecture xilinx of entity xfft_v9_1_5.r22_cnt_ctrl [\r22_cnt_ctrl(c_xdevicefamily="a...]
Compiling architecture xilinx of entity xfft_v9_1_5.r22_cnt_ctrl [\r22_cnt_ctrl(c_xdevicefamily="a...]
Compiling architecture struct of entity c_shift_ram_v12_0_14.c_shift_ram_v12_0_14_legacy [\c_shift_ram_v12_0_14_legacy(c_x...]
Compiling architecture synth of entity c_shift_ram_v12_0_14.c_shift_ram_v12_0_14_viv [\c_shift_ram_v12_0_14_viv(c_xdev...]
Compiling architecture xilinx of entity xfft_v9_1_5.shift_ram [\shift_ram(c_xdevicefamily="arti...]
Compiling architecture struct of entity c_shift_ram_v12_0_14.c_shift_ram_v12_0_14_legacy [\c_shift_ram_v12_0_14_legacy(c_x...]
Compiling architecture synth of entity c_shift_ram_v12_0_14.c_shift_ram_v12_0_14_viv [\c_shift_ram_v12_0_14_viv(c_xdev...]
Compiling architecture xilinx of entity xfft_v9_1_5.shift_ram [\shift_ram(c_xdevicefamily="arti...]
Compiling architecture struct of entity c_shift_ram_v12_0_14.c_shift_ram_v12_0_14_legacy [\c_shift_ram_v12_0_14_legacy(c_x...]
Compiling architecture synth of entity c_shift_ram_v12_0_14.c_shift_ram_v12_0_14_viv [\c_shift_ram_v12_0_14_viv(c_xdev...]
Compiling architecture xilinx of entity xfft_v9_1_5.shift_ram [\shift_ram(c_xdevicefamily="arti...]
Compiling architecture struct of entity c_shift_ram_v12_0_14.c_shift_ram_v12_0_14_legacy [\c_shift_ram_v12_0_14_legacy(c_x...]
Compiling architecture synth of entity c_shift_ram_v12_0_14.c_shift_ram_v12_0_14_viv [\c_shift_ram_v12_0_14_viv(c_xdev...]
Compiling architecture xilinx of entity xfft_v9_1_5.shift_ram [\shift_ram(c_xdevicefamily="arti...]
Compiling architecture structural of entity c_reg_fd_v12_0_6.c_reg_fd_v12_0_6_viv [\c_reg_fd_v12_0_6_viv(c_width=22...]
Compiling architecture rtl of entity c_addsub_v12_0_14.c_addsub_v12_0_14_lut6_legacy [\c_addsub_v12_0_14_lut6_legacy(c...]
Compiling architecture synth of entity c_addsub_v12_0_14.c_addsub_v12_0_14_fabric_legacy [\c_addsub_v12_0_14_fabric_legacy...]
Compiling architecture synth of entity c_addsub_v12_0_14.c_addsub_v12_0_14_legacy [\c_addsub_v12_0_14_legacy(c_fami...]
Compiling architecture synth of entity c_addsub_v12_0_14.c_addsub_v12_0_14_viv [\c_addsub_v12_0_14_viv(c_xdevice...]
Compiling architecture xilinx of entity xfft_v9_1_5.adder [\adder(c_xdevicefamily="artix7",...]
Compiling architecture xilinx of entity xfft_v9_1_5.shift_ram [\shift_ram(c_xdevicefamily="arti...]
Compiling architecture xilinx of entity xfft_v9_1_5.shift_ram [\shift_ram(c_xdevicefamily="arti...]
Compiling architecture xilinx of entity xfft_v9_1_5.mux_bus2 [\mux_bus2(c_xdevicefamily="artix...]
Compiling architecture xilinx of entity xfft_v9_1_5.r22_bf_sp [\r22_bf_sp(c_xdevicefamily="arti...]
Compiling architecture synth of entity xfft_v9_1_5.r22_twos_comp_mux [\r22_twos_comp_mux(c_xdevicefami...]
Compiling architecture synth of entity xfft_v9_1_5.r22_twos_comp_mux [\r22_twos_comp_mux(c_xdevicefami...]
Compiling architecture structural of entity c_reg_fd_v12_0_6.c_reg_fd_v12_0_6_viv [\c_reg_fd_v12_0_6_viv(c_width=23...]
Compiling architecture rtl of entity c_addsub_v12_0_14.c_addsub_v12_0_14_lut6_legacy [\c_addsub_v12_0_14_lut6_legacy(c...]
Compiling architecture synth of entity c_addsub_v12_0_14.c_addsub_v12_0_14_fabric_legacy [\c_addsub_v12_0_14_fabric_legacy...]
Compiling architecture synth of entity c_addsub_v12_0_14.c_addsub_v12_0_14_legacy [\c_addsub_v12_0_14_legacy(c_fami...]
Compiling architecture synth of entity c_addsub_v12_0_14.c_addsub_v12_0_14_viv [\c_addsub_v12_0_14_viv(c_xdevice...]
Compiling architecture xilinx of entity xfft_v9_1_5.adder [\adder(c_xdevicefamily="artix7",...]
Compiling architecture xilinx of entity xfft_v9_1_5.shift_ram [\shift_ram(c_xdevicefamily="arti...]
Compiling architecture xilinx of entity xfft_v9_1_5.mux_bus2 [\mux_bus2(c_xdevicefamily="artix...]
Compiling architecture xilinx of entity xfft_v9_1_5.r22_bf_sp [\r22_bf_sp(c_xdevicefamily="arti...]
Compiling architecture xilinx of entity xfft_v9_1_5.shift_ram [\shift_ram(c_xdevicefamily="arti...]
Compiling architecture struct of entity c_shift_ram_v12_0_14.c_shift_ram_v12_0_14_legacy [\c_shift_ram_v12_0_14_legacy(c_x...]
Compiling architecture synth of entity c_shift_ram_v12_0_14.c_shift_ram_v12_0_14_viv [\c_shift_ram_v12_0_14_viv(c_xdev...]
Compiling architecture xilinx of entity xfft_v9_1_5.shift_ram [\shift_ram(c_xdevicefamily="arti...]
Compiling architecture structural of entity c_reg_fd_v12_0_6.c_reg_fd_v12_0_6_viv [\c_reg_fd_v12_0_6_viv(c_width=3,...]
Compiling architecture rtl of entity c_addsub_v12_0_14.c_addsub_v12_0_14_lut6_legacy [\c_addsub_v12_0_14_lut6_legacy(c...]
Compiling architecture synth of entity c_addsub_v12_0_14.c_addsub_v12_0_14_fabric_legacy [\c_addsub_v12_0_14_fabric_legacy...]
Compiling architecture synth of entity c_addsub_v12_0_14.c_addsub_v12_0_14_legacy [\c_addsub_v12_0_14_legacy(c_fami...]
Compiling architecture synth of entity c_addsub_v12_0_14.c_addsub_v12_0_14_viv [\c_addsub_v12_0_14_viv(c_xdevice...]
Compiling architecture xilinx of entity xfft_v9_1_5.adder [\adder(c_xdevicefamily="artix7",...]
Compiling architecture xilinx of entity xfft_v9_1_5.mux_bus4 [\mux_bus4(c_xdevicefamily="artix...]
Compiling architecture xilinx of entity xfft_v9_1_5.twgen_distmem [\twgen_distmem(theta_width=2,pip...]
Compiling architecture xilinx of entity xfft_v9_1_5.twiddle_gen [\twiddle_gen(c_xdevicefamily="ar...]
Compiling architecture xilinx of entity xfft_v9_1_5.r22_tw_gen [\r22_tw_gen(c_xdevicefamily="art...]
Compiling architecture xilinx of entity cmpy_v6_0_19.delay_line [\delay_line(c_xdevicefamily="art...]
Compiling architecture xilinx of entity mult_gen_v12_0_16.op_resize [\op_resize(ai_width=24,bi_width=...]
Compiling architecture xilinx of entity mult_gen_v12_0_16.dsp [\dsp(c_xdevicefamily="artix7",c_...]
Compiling architecture xilinx of entity cmpy_v6_0_19.cmpy_3_dsp48_mult [\cmpy_3_dsp48_mult(c_xdevicefami...]
Compiling architecture xilinx of entity cmpy_v6_0_19.delay_line [\delay_line(c_xdevicefamily="art...]
Compiling architecture xilinx of entity mult_gen_v12_0_16.op_resize [\op_resize(ai_width=23,bi_width=...]
Compiling architecture xilinx of entity mult_gen_v12_0_16.dsp [\dsp(c_xdevicefamily="artix7",c_...]
Compiling architecture xilinx of entity cmpy_v6_0_19.cmpy_3_dsp48_mult [\cmpy_3_dsp48_mult(c_xdevicefami...]
Compiling architecture xilinx of entity mult_gen_v12_0_16.dsp [\dsp(c_xdevicefamily="artix7",c_...]
Compiling architecture xilinx of entity cmpy_v6_0_19.cmpy_3_dsp48_mult [\cmpy_3_dsp48_mult(c_xdevicefami...]
Compiling architecture xilinx of entity cmpy_v6_0_19.input_negation [\input_negation(c_xdevicefamily=...]
Compiling architecture xilinx of entity cmpy_v6_0_19.delay_line [\delay_line(c_xdevicefamily="art...]
Compiling architecture xilinx of entity cmpy_v6_0_19.cmpy_3_dsp48 [\cmpy_3_dsp48(c_xdevicefamily="a...]
Compiling architecture xilinx of entity cmpy_v6_0_19.cmpy_v6_0_19_synth [\cmpy_v6_0_19_synth(c_xdevicefam...]
Compiling architecture xilinx of entity xfft_v9_1_5.cmpy [\cmpy(c_xdevicefamily="artix7",a...]
Compiling architecture xilinx of entity xfft_v9_1_5.shift_ram [\shift_ram(c_xdevicefamily="arti...]
Compiling architecture xilinx of entity xfft_v9_1_5.logic_gate [\logic_gate(c_xdevicefamily="art...]
Compiling architecture rtl of entity c_addsub_v12_0_14.c_addsub_v12_0_14_lut6_legacy [\c_addsub_v12_0_14_lut6_legacy(c...]
Compiling architecture synth of entity c_addsub_v12_0_14.c_addsub_v12_0_14_fabric_legacy [\c_addsub_v12_0_14_fabric_legacy...]
Compiling architecture synth of entity c_addsub_v12_0_14.c_addsub_v12_0_14_legacy [\c_addsub_v12_0_14_legacy(c_fami...]
Compiling architecture synth of entity c_addsub_v12_0_14.c_addsub_v12_0_14_viv [\c_addsub_v12_0_14_viv(c_xdevice...]
Compiling architecture xilinx of entity xfft_v9_1_5.unbiased_round [\unbiased_round(c_xdevicefamily=...]
Compiling architecture xilinx of entity xfft_v9_1_5.shift_ram [\shift_ram(c_xdevicefamily="arti...]
Compiling architecture xilinx of entity xfft_v9_1_5.shift_ram [\shift_ram(c_xdevicefamily="arti...]
Compiling architecture xilinx of entity xfft_v9_1_5.r22_pe [\r22_pe(c_xdevicefamily="artix7"...]
Compiling architecture structural of entity c_reg_fd_v12_0_6.c_reg_fd_v12_0_6_viv [\c_reg_fd_v12_0_6_viv(c_width=24...]
Compiling architecture rtl of entity c_addsub_v12_0_14.c_addsub_v12_0_14_lut6_legacy [\c_addsub_v12_0_14_lut6_legacy(c...]
Compiling architecture synth of entity c_addsub_v12_0_14.c_addsub_v12_0_14_fabric_legacy [\c_addsub_v12_0_14_fabric_legacy...]
Compiling architecture synth of entity c_addsub_v12_0_14.c_addsub_v12_0_14_legacy [\c_addsub_v12_0_14_legacy(c_fami...]
Compiling architecture synth of entity c_addsub_v12_0_14.c_addsub_v12_0_14_viv [\c_addsub_v12_0_14_viv(c_xdevice...]
Compiling architecture xilinx of entity xfft_v9_1_5.adder [\adder(c_xdevicefamily="artix7",...]
Compiling architecture xilinx of entity xfft_v9_1_5.shift_ram [\shift_ram(c_xdevicefamily="arti...]
Compiling architecture xilinx of entity xfft_v9_1_5.shift_ram [\shift_ram(c_xdevicefamily="arti...]
Compiling architecture xilinx of entity xfft_v9_1_5.mux_bus2 [\mux_bus2(c_xdevicefamily="artix...]
Compiling architecture xilinx of entity xfft_v9_1_5.r22_bf_sp [\r22_bf_sp(c_xdevicefamily="arti...]
Compiling architecture xilinx of entity xfft_v9_1_5.shift_ram [\shift_ram(c_xdevicefamily="arti...]
Compiling architecture xilinx of entity xfft_v9_1_5.shift_ram [\shift_ram(c_xdevicefamily="arti...]
Compiling architecture xilinx of entity xfft_v9_1_5.shift_ram [\shift_ram(c_xdevicefamily="arti...]
Compiling architecture xilinx of entity xfft_v9_1_5.r22_pe [\r22_pe(c_xdevicefamily="artix7"...]
Compiling architecture xilinx of entity xfft_v9_1_5.shift_ram [\shift_ram(c_xdevicefamily="arti...]
Compiling architecture xilinx of entity xfft_v9_1_5.shift_ram [\shift_ram(c_xdevicefamily="arti...]
Compiling architecture xilinx of entity xfft_v9_1_5.shift_ram [\shift_ram(c_xdevicefamily="arti...]
Compiling architecture xilinx of entity xfft_v9_1_5.shift_ram [\shift_ram(c_xdevicefamily="arti...]
Compiling architecture xilinx of entity xfft_v9_1_5.shift_ram [\shift_ram(c_xdevicefamily="arti...]
Compiling architecture synth of entity xfft_v9_1_5.r22_shift_decode [\r22_shift_decode(c_nfft_max=7,c...]
Compiling architecture muxf7_v of entity unisim.MUXF7 [muxf7_default]
Compiling architecture muxf8_v of entity unisim.MUXF8 [muxf8_default]
Compiling architecture xilinx of entity xfft_v9_1_5.mux_bus16 [\mux_bus16(c_xdevicefamily="arti...]
Compiling architecture xilinx of entity xfft_v9_1_5.r22_right_shift [\r22_right_shift(c_xdevicefamily...]
Compiling architecture xilinx of entity xfft_v9_1_5.shift_ram [\shift_ram(c_xdevicefamily="arti...]
Compiling architecture xilinx of entity xfft_v9_1_5.r22_var_unbiased_round [\r22_var_unbiased_round(c_xdevic...]
Compiling architecture xilinx of entity xfft_v9_1_5.shift_ram [\shift_ram(c_xdevicefamily="arti...]
Compiling architecture xilinx of entity xfft_v9_1_5.shift_ram [\shift_ram(c_xdevicefamily="arti...]
Compiling architecture xilinx of entity xfft_v9_1_5.shift_ram [\shift_ram(c_xdevicefamily="arti...]
Compiling architecture rb18_internal_vhdl_v of entity unisim.RB18_INTERNAL_VHDL [\RB18_INTERNAL_VHDL(bram_size=18...]
Compiling architecture ramb18e1_v of entity unisim.RAMB18E1 [\RAMB18E1(doa_reg=1,dob_reg=1,ra...]
Compiling architecture xilinx of entity xfft_v9_1_5.dpm [\dpm(c_xdevicefamily="artix7",wm...]
Compiling architecture xilinx of entity xfft_v9_1_5.r22_memory [\r22_memory(c_xdevicefamily="art...]
Compiling architecture xilinx of entity xfft_v9_1_5.shift_ram [\shift_ram(c_xdevicefamily="arti...]
Compiling architecture xilinx of entity xfft_v9_1_5.shift_ram [\shift_ram(c_xdevicefamily="arti...]
Compiling architecture xilinx of entity xfft_v9_1_5.shift_ram [\shift_ram(c_xdevicefamily="arti...]
Compiling architecture xilinx of entity xfft_v9_1_5.shift_ram [\shift_ram(c_xdevicefamily="arti...]
Compiling architecture xilinx of entity xfft_v9_1_5.r22_busy [\r22_busy(c_xdevicefamily="artix...]
Compiling architecture fdre_v of entity unisim.FDRE [fdre_default]
Compiling architecture muxcy_v of entity unisim.MUXCY [muxcy_default]
Compiling architecture xorcy_v of entity unisim.XORCY [xorcy_default]
Compiling architecture rtl of entity c_addsub_v12_0_14.c_addsub_v12_0_14_lut6_legacy [\c_addsub_v12_0_14_lut6_legacy(c...]
Compiling architecture synth of entity c_addsub_v12_0_14.c_addsub_v12_0_14_fabric_legacy [\c_addsub_v12_0_14_fabric_legacy...]
Compiling architecture synth of entity c_addsub_v12_0_14.c_addsub_v12_0_14_legacy [\c_addsub_v12_0_14_legacy(c_fami...]
Compiling architecture synth of entity c_addsub_v12_0_14.c_addsub_v12_0_14_viv [\c_addsub_v12_0_14_viv(c_xdevice...]
Compiling architecture xilinx of entity xfft_v9_1_5.logic_gate [\logic_gate(c_xdevicefamily="art...]
Compiling architecture fdse_v of entity unisim.FDSE [fdse_default]
Compiling architecture xilinx of entity xfft_v9_1_5.cnt_sat [\cnt_sat(c_xdevicefamily="artix7...]
Compiling architecture rtl of entity c_addsub_v12_0_14.c_addsub_v12_0_14_lut6_legacy [\c_addsub_v12_0_14_lut6_legacy(c...]
Compiling architecture synth of entity c_addsub_v12_0_14.c_addsub_v12_0_14_fabric_legacy [\c_addsub_v12_0_14_fabric_legacy...]
Compiling architecture synth of entity c_addsub_v12_0_14.c_addsub_v12_0_14_legacy [\c_addsub_v12_0_14_legacy(c_fami...]
Compiling architecture synth of entity c_addsub_v12_0_14.c_addsub_v12_0_14_viv [\c_addsub_v12_0_14_viv(c_xdevice...]
Compiling architecture xilinx of entity xfft_v9_1_5.logic_gate [\logic_gate(c_xdevicefamily="art...]
Compiling architecture xilinx of entity xfft_v9_1_5.cnt_sat [\cnt_sat(c_xdevicefamily="artix7...]
Compiling architecture rtl of entity c_addsub_v12_0_14.c_addsub_v12_0_14_lut6_legacy [\c_addsub_v12_0_14_lut6_legacy(c...]
Compiling architecture synth of entity c_addsub_v12_0_14.c_addsub_v12_0_14_fabric_legacy [\c_addsub_v12_0_14_fabric_legacy...]
Compiling architecture synth of entity c_addsub_v12_0_14.c_addsub_v12_0_14_legacy [\c_addsub_v12_0_14_legacy(c_fami...]
Compiling architecture synth of entity c_addsub_v12_0_14.c_addsub_v12_0_14_viv [\c_addsub_v12_0_14_viv(c_xdevice...]
Compiling architecture xilinx of entity xfft_v9_1_5.logic_gate [\logic_gate(c_xdevicefamily="art...]
Compiling architecture xilinx of entity xfft_v9_1_5.cnt_sat [\cnt_sat(c_xdevicefamily="artix7...]
Compiling architecture xilinx of entity xfft_v9_1_5.logic_gate [\logic_gate(c_xdevicefamily="art...]
Compiling architecture xilinx of entity xfft_v9_1_5.cnt_sat [\cnt_sat(c_xdevicefamily="artix7...]
Compiling architecture rtl of entity c_addsub_v12_0_14.c_addsub_v12_0_14_lut6_legacy [\c_addsub_v12_0_14_lut6_legacy(c...]
Compiling architecture synth of entity c_addsub_v12_0_14.c_addsub_v12_0_14_fabric_legacy [\c_addsub_v12_0_14_fabric_legacy...]
Compiling architecture synth of entity c_addsub_v12_0_14.c_addsub_v12_0_14_legacy [\c_addsub_v12_0_14_legacy(c_fami...]
Compiling architecture synth of entity c_addsub_v12_0_14.c_addsub_v12_0_14_viv [\c_addsub_v12_0_14_viv(c_xdevice...]
Compiling architecture xilinx of entity xfft_v9_1_5.logic_gate [\logic_gate(c_xdevicefamily="art...]
Compiling architecture xilinx of entity xfft_v9_1_5.cnt_sat [\cnt_sat(c_xdevicefamily="artix7...]
Compiling architecture structural of entity c_reg_fd_v12_0_6.c_reg_fd_v12_0_6_viv [\c_reg_fd_v12_0_6_viv(c_width=7,...]
Compiling architecture rtl of entity c_addsub_v12_0_14.c_addsub_v12_0_14_lut6_legacy [\c_addsub_v12_0_14_lut6_legacy(c...]
Compiling architecture synth of entity c_addsub_v12_0_14.c_addsub_v12_0_14_fabric_legacy [\c_addsub_v12_0_14_fabric_legacy...]
Compiling architecture synth of entity c_addsub_v12_0_14.c_addsub_v12_0_14_legacy [\c_addsub_v12_0_14_legacy(c_fami...]
Compiling architecture synth of entity c_addsub_v12_0_14.c_addsub_v12_0_14_viv [\c_addsub_v12_0_14_viv(c_xdevice...]
Compiling architecture lut6_v of entity unisim.LUT6 [\LUT6(init="10010000000010010000...]
Compiling architecture xilinx of entity xfft_v9_1_5.equ_rtl [\equ_rtl(c_xdevicefamily="artix7...]
Compiling architecture xilinx of entity xfft_v9_1_5.cnt_tc_rtl_a [\cnt_tc_rtl_a(c_xdevicefamily="a...]
Compiling architecture struct of entity c_shift_ram_v12_0_14.c_shift_ram_v12_0_14_legacy [\c_shift_ram_v12_0_14_legacy(c_x...]
Compiling architecture synth of entity c_shift_ram_v12_0_14.c_shift_ram_v12_0_14_viv [\c_shift_ram_v12_0_14_viv(c_xdev...]
Compiling architecture xilinx of entity xfft_v9_1_5.shift_ram [\shift_ram(c_xdevicefamily="arti...]
Compiling architecture xilinx of entity xfft_v9_1_5.r22_flow_ctrl [\r22_flow_ctrl(c_xdevicefamily="...]
Compiling architecture lut3_v of entity unisim.LUT3 [\LUT3(init="10101110")(0,7)\]
Compiling architecture xilinx of entity xfft_v9_1_5.r22_cnt_ctrl [\r22_cnt_ctrl(c_xdevicefamily="a...]
Compiling architecture srl16e_v of entity unisim.SRL16E [\SRL16E(0,15)\]
Compiling architecture xilinx of entity xfft_v9_1_5.shift_ram [\shift_ram(c_xdevicefamily="arti...]
Compiling architecture fdr_v of entity unisim.FDR [fdr_default]
Compiling architecture xilinx of entity xfft_v9_1_5.shift_ram [\shift_ram(c_xdevicefamily="arti...]
Compiling architecture xilinx of entity xfft_v9_1_5.shift_ram [\shift_ram(c_xdevicefamily="arti...]
Compiling architecture xilinx of entity xfft_v9_1_5.xfft_v9_1_5_d [\xfft_v9_1_5_d(c_xdevicefamily="...]
Compiling architecture synth of entity xfft_v9_1_5.xfft_v9_1_5_core [\xfft_v9_1_5_core(c_xdevicefamil...]
Compiling architecture synth of entity xfft_v9_1_5.xfft_v9_1_5_viv [\xfft_v9_1_5_viv(c_xdevicefamily...]
Compiling architecture xilinx of entity xfft_v9_1_5.xfft_v9_1_5 [\xfft_v9_1_5(c_xdevicefamily="ar...]
Compiling architecture xfft_0_arch of entity xil_defaultlib.xfft_0 [xfft_0_default]
Compiling architecture synth of entity xbip_pipe_v3_0_6.xbip_pipe_v3_0_6_viv [\xbip_pipe_v3_0_6_viv(c_latency=...]
Compiling architecture struct_all of entity cordic_v6_0_16.delay [\delay(delay_len=0,family="artix...]
Compiling architecture rtl of entity c_addsub_v12_0_14.c_addsub_v12_0_14_lut6_legacy [\c_addsub_v12_0_14_lut6_legacy(c...]
Compiling architecture synth of entity c_addsub_v12_0_14.c_addsub_v12_0_14_fabric_legacy [\c_addsub_v12_0_14_fabric_legacy...]
Compiling architecture synth of entity c_addsub_v12_0_14.c_addsub_v12_0_14_legacy [\c_addsub_v12_0_14_legacy(c_fami...]
Compiling architecture synth of entity c_addsub_v12_0_14.c_addsub_v12_0_14_viv [\c_addsub_v12_0_14_viv(c_xdevice...]
Compiling architecture synth of entity cordic_v6_0_16.addsub [\addsub(family="artix7",add_mode...]
Compiling architecture struct_all of entity cordic_v6_0_16.delay [\delay(delay_len=0,family="artix...]
Compiling architecture struct_all of entity cordic_v6_0_16.delay [\delay(delay_len=4,family="artix...]
Compiling architecture synth of entity cordic_v6_0_16.cordic_sqrt_mod [\cordic_sqrt_mod(p_xdevicefamily...]
Compiling architecture struct_all of entity cordic_v6_0_16.delay [\delay(delay_len=1,family="artix...]
Compiling architecture rtl of entity c_addsub_v12_0_14.c_addsub_v12_0_14_lut6_legacy [\c_addsub_v12_0_14_lut6_legacy(c...]
Compiling architecture synth of entity c_addsub_v12_0_14.c_addsub_v12_0_14_fabric_legacy [\c_addsub_v12_0_14_fabric_legacy...]
Compiling architecture synth of entity c_addsub_v12_0_14.c_addsub_v12_0_14_legacy [\c_addsub_v12_0_14_legacy(c_fami...]
Compiling architecture synth of entity c_addsub_v12_0_14.c_addsub_v12_0_14_viv [\c_addsub_v12_0_14_viv(c_xdevice...]
Compiling architecture synth of entity cordic_v6_0_16.addsub [\addsub(family="artix7",add_mode...]
Compiling architecture struct_all of entity cordic_v6_0_16.delay [\delay(delay_len=1,family="artix...]
Compiling architecture synth of entity cordic_v6_0_16.cordic_sqrt_mod [\cordic_sqrt_mod(p_xdevicefamily...]
Compiling architecture struct_all of entity cordic_v6_0_16.delay [\delay(delay_len=1,family="artix...]
Compiling architecture rtl of entity c_addsub_v12_0_14.c_addsub_v12_0_14_lut6_legacy [\c_addsub_v12_0_14_lut6_legacy(c...]
Compiling architecture synth of entity c_addsub_v12_0_14.c_addsub_v12_0_14_fabric_legacy [\c_addsub_v12_0_14_fabric_legacy...]
Compiling architecture synth of entity c_addsub_v12_0_14.c_addsub_v12_0_14_legacy [\c_addsub_v12_0_14_legacy(c_fami...]
Compiling architecture synth of entity c_addsub_v12_0_14.c_addsub_v12_0_14_viv [\c_addsub_v12_0_14_viv(c_xdevice...]
Compiling architecture synth of entity cordic_v6_0_16.addsub [\addsub(family="artix7",add_mode...]
Compiling architecture struct_all of entity cordic_v6_0_16.delay [\delay(delay_len=1,family="artix...]
Compiling architecture struct_all of entity cordic_v6_0_16.delay [\delay(delay_len=3,family="artix...]
Compiling architecture synth of entity cordic_v6_0_16.cordic_sqrt_mod [\cordic_sqrt_mod(p_xdevicefamily...]
Compiling architecture struct_all of entity cordic_v6_0_16.delay [\delay(delay_len=0,family="artix...]
Compiling architecture rtl of entity c_addsub_v12_0_14.c_addsub_v12_0_14_lut6_legacy [\c_addsub_v12_0_14_lut6_legacy(c...]
Compiling architecture synth of entity c_addsub_v12_0_14.c_addsub_v12_0_14_fabric_legacy [\c_addsub_v12_0_14_fabric_legacy...]
Compiling architecture synth of entity c_addsub_v12_0_14.c_addsub_v12_0_14_legacy [\c_addsub_v12_0_14_legacy(c_fami...]
Compiling architecture synth of entity c_addsub_v12_0_14.c_addsub_v12_0_14_viv [\c_addsub_v12_0_14_viv(c_xdevice...]
Compiling architecture synth of entity cordic_v6_0_16.addsub [\addsub(family="artix7",add_mode...]
Compiling architecture struct_all of entity cordic_v6_0_16.delay [\delay(delay_len=0,family="artix...]
Compiling architecture struct_all of entity cordic_v6_0_16.delay [\delay(delay_len=5,family="artix...]
Compiling architecture synth of entity cordic_v6_0_16.cordic_sqrt_mod [\cordic_sqrt_mod(p_xdevicefamily...]
Compiling architecture struct_all of entity cordic_v6_0_16.delay [\delay(delay_len=0,family="artix...]
Compiling architecture rtl of entity c_addsub_v12_0_14.c_addsub_v12_0_14_lut6_legacy [\c_addsub_v12_0_14_lut6_legacy(c...]
Compiling architecture synth of entity c_addsub_v12_0_14.c_addsub_v12_0_14_fabric_legacy [\c_addsub_v12_0_14_fabric_legacy...]
Compiling architecture synth of entity c_addsub_v12_0_14.c_addsub_v12_0_14_legacy [\c_addsub_v12_0_14_legacy(c_fami...]
Compiling architecture synth of entity c_addsub_v12_0_14.c_addsub_v12_0_14_viv [\c_addsub_v12_0_14_viv(c_xdevice...]
Compiling architecture synth of entity cordic_v6_0_16.addsub [\addsub(family="artix7",add_mode...]
Compiling architecture struct_all of entity cordic_v6_0_16.delay [\delay(delay_len=0,family="artix...]
Compiling architecture synth of entity cordic_v6_0_16.cordic_sqrt_mod [\cordic_sqrt_mod(p_xdevicefamily...]
Compiling architecture struct_all of entity cordic_v6_0_16.delay [\delay(delay_len=1,family="artix...]
Compiling architecture rtl of entity c_addsub_v12_0_14.c_addsub_v12_0_14_lut6_legacy [\c_addsub_v12_0_14_lut6_legacy(c...]
Compiling architecture synth of entity c_addsub_v12_0_14.c_addsub_v12_0_14_fabric_legacy [\c_addsub_v12_0_14_fabric_legacy...]
Compiling architecture synth of entity c_addsub_v12_0_14.c_addsub_v12_0_14_legacy [\c_addsub_v12_0_14_legacy(c_fami...]
Compiling architecture synth of entity c_addsub_v12_0_14.c_addsub_v12_0_14_viv [\c_addsub_v12_0_14_viv(c_xdevice...]
Compiling architecture synth of entity cordic_v6_0_16.addsub [\addsub(family="artix7",add_mode...]
Compiling architecture struct_all of entity cordic_v6_0_16.delay [\delay(delay_len=1,family="artix...]
Compiling architecture synth of entity cordic_v6_0_16.cordic_sqrt_mod [\cordic_sqrt_mod(p_xdevicefamily...]
Compiling architecture struct_all of entity cordic_v6_0_16.delay [\delay(delay_len=1,family="artix...]
Compiling architecture rtl of entity c_addsub_v12_0_14.c_addsub_v12_0_14_lut6_legacy [\c_addsub_v12_0_14_lut6_legacy(c...]
Compiling architecture synth of entity c_addsub_v12_0_14.c_addsub_v12_0_14_fabric_legacy [\c_addsub_v12_0_14_fabric_legacy...]
Compiling architecture synth of entity c_addsub_v12_0_14.c_addsub_v12_0_14_legacy [\c_addsub_v12_0_14_legacy(c_fami...]
Compiling architecture synth of entity c_addsub_v12_0_14.c_addsub_v12_0_14_viv [\c_addsub_v12_0_14_viv(c_xdevice...]
Compiling architecture synth of entity cordic_v6_0_16.addsub [\addsub(family="artix7",add_mode...]
Compiling architecture struct_all of entity cordic_v6_0_16.delay [\delay(delay_len=1,family="artix...]
Compiling architecture struct_all of entity cordic_v6_0_16.delay [\delay(delay_len=2,family="artix...]
Compiling architecture synth of entity cordic_v6_0_16.cordic_sqrt_mod [\cordic_sqrt_mod(p_xdevicefamily...]
Compiling architecture struct_all of entity cordic_v6_0_16.delay [\delay(delay_len=0,family="artix...]
Compiling architecture rtl of entity c_addsub_v12_0_14.c_addsub_v12_0_14_lut6_legacy [\c_addsub_v12_0_14_lut6_legacy(c...]
Compiling architecture synth of entity c_addsub_v12_0_14.c_addsub_v12_0_14_fabric_legacy [\c_addsub_v12_0_14_fabric_legacy...]
Compiling architecture synth of entity c_addsub_v12_0_14.c_addsub_v12_0_14_legacy [\c_addsub_v12_0_14_legacy(c_fami...]
Compiling architecture synth of entity c_addsub_v12_0_14.c_addsub_v12_0_14_viv [\c_addsub_v12_0_14_viv(c_xdevice...]
Compiling architecture synth of entity cordic_v6_0_16.addsub [\addsub(family="artix7",add_mode...]
Compiling architecture struct_all of entity cordic_v6_0_16.delay [\delay(delay_len=0,family="artix...]
Compiling architecture struct_all of entity cordic_v6_0_16.delay [\delay(delay_len=6,family="artix...]
Compiling architecture synth of entity cordic_v6_0_16.cordic_sqrt_mod [\cordic_sqrt_mod(p_xdevicefamily...]
Compiling architecture struct_all of entity cordic_v6_0_16.delay [\delay(delay_len=0,family="artix...]
Compiling architecture rtl of entity c_addsub_v12_0_14.c_addsub_v12_0_14_lut6_legacy [\c_addsub_v12_0_14_lut6_legacy(c...]
Compiling architecture synth of entity c_addsub_v12_0_14.c_addsub_v12_0_14_fabric_legacy [\c_addsub_v12_0_14_fabric_legacy...]
Compiling architecture synth of entity c_addsub_v12_0_14.c_addsub_v12_0_14_legacy [\c_addsub_v12_0_14_legacy(c_fami...]
Compiling architecture synth of entity c_addsub_v12_0_14.c_addsub_v12_0_14_viv [\c_addsub_v12_0_14_viv(c_xdevice...]
Compiling architecture synth of entity cordic_v6_0_16.addsub [\addsub(family="artix7",add_mode...]
Compiling architecture struct_all of entity cordic_v6_0_16.delay [\delay(delay_len=0,family="artix...]
Compiling architecture synth of entity cordic_v6_0_16.cordic_sqrt_mod [\cordic_sqrt_mod(p_xdevicefamily...]
Compiling architecture struct_all of entity cordic_v6_0_16.delay [\delay(delay_len=1,family="artix...]
Compiling architecture rtl of entity c_addsub_v12_0_14.c_addsub_v12_0_14_lut6_legacy [\c_addsub_v12_0_14_lut6_legacy(c...]
Compiling architecture synth of entity c_addsub_v12_0_14.c_addsub_v12_0_14_fabric_legacy [\c_addsub_v12_0_14_fabric_legacy...]
Compiling architecture synth of entity c_addsub_v12_0_14.c_addsub_v12_0_14_legacy [\c_addsub_v12_0_14_legacy(c_fami...]
Compiling architecture synth of entity c_addsub_v12_0_14.c_addsub_v12_0_14_viv [\c_addsub_v12_0_14_viv(c_xdevice...]
Compiling architecture synth of entity cordic_v6_0_16.addsub [\addsub(family="artix7",add_mode...]
Compiling architecture struct_all of entity cordic_v6_0_16.delay [\delay(delay_len=1,family="artix...]
Compiling architecture synth of entity cordic_v6_0_16.cordic_sqrt_mod [\cordic_sqrt_mod(p_xdevicefamily...]
Compiling architecture struct_all of entity cordic_v6_0_16.delay [\delay(delay_len=1,family="artix...]
Compiling architecture rtl of entity c_addsub_v12_0_14.c_addsub_v12_0_14_lut6_legacy [\c_addsub_v12_0_14_lut6_legacy(c...]
Compiling architecture synth of entity c_addsub_v12_0_14.c_addsub_v12_0_14_fabric_legacy [\c_addsub_v12_0_14_fabric_legacy...]
Compiling architecture synth of entity c_addsub_v12_0_14.c_addsub_v12_0_14_legacy [\c_addsub_v12_0_14_legacy(c_fami...]
Compiling architecture synth of entity c_addsub_v12_0_14.c_addsub_v12_0_14_viv [\c_addsub_v12_0_14_viv(c_xdevice...]
Compiling architecture synth of entity cordic_v6_0_16.addsub [\addsub(family="artix7",add_mode...]
Compiling architecture struct_all of entity cordic_v6_0_16.delay [\delay(delay_len=1,family="artix...]
Compiling architecture struct_all of entity cordic_v6_0_16.delay [\delay(delay_len=1,family="artix...]
Compiling architecture synth of entity cordic_v6_0_16.cordic_sqrt_mod [\cordic_sqrt_mod(p_xdevicefamily...]
Compiling architecture struct_all of entity cordic_v6_0_16.delay [\delay(delay_len=0,family="artix...]
Compiling architecture rtl of entity c_addsub_v12_0_14.c_addsub_v12_0_14_lut6_legacy [\c_addsub_v12_0_14_lut6_legacy(c...]
Compiling architecture synth of entity c_addsub_v12_0_14.c_addsub_v12_0_14_fabric_legacy [\c_addsub_v12_0_14_fabric_legacy...]
Compiling architecture synth of entity c_addsub_v12_0_14.c_addsub_v12_0_14_legacy [\c_addsub_v12_0_14_legacy(c_fami...]
Compiling architecture synth of entity c_addsub_v12_0_14.c_addsub_v12_0_14_viv [\c_addsub_v12_0_14_viv(c_xdevice...]
Compiling architecture synth of entity cordic_v6_0_16.addsub [\addsub(family="artix7",add_mode...]
Compiling architecture struct_all of entity cordic_v6_0_16.delay [\delay(delay_len=0,family="artix...]
Compiling architecture struct_all of entity cordic_v6_0_16.delay [\delay(delay_len=7,family="artix...]
Compiling architecture synth of entity cordic_v6_0_16.cordic_sqrt_mod [\cordic_sqrt_mod(p_xdevicefamily...]
Compiling architecture struct_all of entity cordic_v6_0_16.delay [\delay(delay_len=0,family="artix...]
Compiling architecture rtl of entity c_addsub_v12_0_14.c_addsub_v12_0_14_lut6_legacy [\c_addsub_v12_0_14_lut6_legacy(c...]
Compiling architecture synth of entity c_addsub_v12_0_14.c_addsub_v12_0_14_fabric_legacy [\c_addsub_v12_0_14_fabric_legacy...]
Compiling architecture synth of entity c_addsub_v12_0_14.c_addsub_v12_0_14_legacy [\c_addsub_v12_0_14_legacy(c_fami...]
Compiling architecture synth of entity c_addsub_v12_0_14.c_addsub_v12_0_14_viv [\c_addsub_v12_0_14_viv(c_xdevice...]
Compiling architecture synth of entity cordic_v6_0_16.addsub [\addsub(family="artix7",add_mode...]
Compiling architecture struct_all of entity cordic_v6_0_16.delay [\delay(delay_len=0,family="artix...]
Compiling architecture synth of entity cordic_v6_0_16.cordic_sqrt_mod [\cordic_sqrt_mod(p_xdevicefamily...]
Compiling architecture struct_all of entity cordic_v6_0_16.delay [\delay(delay_len=1,family="artix...]
Compiling architecture rtl of entity c_addsub_v12_0_14.c_addsub_v12_0_14_lut6_legacy [\c_addsub_v12_0_14_lut6_legacy(c...]
Compiling architecture synth of entity c_addsub_v12_0_14.c_addsub_v12_0_14_fabric_legacy [\c_addsub_v12_0_14_fabric_legacy...]
Compiling architecture synth of entity c_addsub_v12_0_14.c_addsub_v12_0_14_legacy [\c_addsub_v12_0_14_legacy(c_fami...]
Compiling architecture synth of entity c_addsub_v12_0_14.c_addsub_v12_0_14_viv [\c_addsub_v12_0_14_viv(c_xdevice...]
Compiling architecture synth of entity cordic_v6_0_16.addsub [\addsub(family="artix7",add_mode...]
Compiling architecture struct_all of entity cordic_v6_0_16.delay [\delay(delay_len=1,family="artix...]
Compiling architecture synth of entity cordic_v6_0_16.cordic_sqrt_mod [\cordic_sqrt_mod(p_xdevicefamily...]
Compiling architecture struct_all of entity cordic_v6_0_16.delay [\delay(delay_len=1,family="artix...]
Compiling architecture rtl of entity c_addsub_v12_0_14.c_addsub_v12_0_14_lut6_legacy [\c_addsub_v12_0_14_lut6_legacy(c...]
Compiling architecture synth of entity c_addsub_v12_0_14.c_addsub_v12_0_14_fabric_legacy [\c_addsub_v12_0_14_fabric_legacy...]
Compiling architecture synth of entity c_addsub_v12_0_14.c_addsub_v12_0_14_legacy [\c_addsub_v12_0_14_legacy(c_fami...]
Compiling architecture synth of entity c_addsub_v12_0_14.c_addsub_v12_0_14_viv [\c_addsub_v12_0_14_viv(c_xdevice...]
Compiling architecture synth of entity cordic_v6_0_16.addsub [\addsub(family="artix7",add_mode...]
Compiling architecture struct_all of entity cordic_v6_0_16.delay [\delay(delay_len=1,family="artix...]
Compiling architecture struct_all of entity cordic_v6_0_16.delay [\delay(delay_len=0,family="artix...]
Compiling architecture synth of entity cordic_v6_0_16.cordic_sqrt_mod [\cordic_sqrt_mod(p_xdevicefamily...]
Compiling architecture structural of entity c_reg_fd_v12_0_6.c_reg_fd_v12_0_6_viv [\c_reg_fd_v12_0_6_viv(c_width=19...]
Compiling architecture rtl of entity c_addsub_v12_0_14.c_addsub_v12_0_14_lut6_legacy [\c_addsub_v12_0_14_lut6_legacy(c...]
Compiling architecture synth of entity c_addsub_v12_0_14.c_addsub_v12_0_14_fabric_legacy [\c_addsub_v12_0_14_fabric_legacy...]
Compiling architecture synth of entity c_addsub_v12_0_14.c_addsub_v12_0_14_legacy [\c_addsub_v12_0_14_legacy(c_fami...]
Compiling architecture synth of entity c_addsub_v12_0_14.c_addsub_v12_0_14_viv [\c_addsub_v12_0_14_viv(c_xdevice...]
Compiling architecture synth of entity cordic_v6_0_16.addsub [\addsub(family="artix7",add_mode...]
Compiling architecture rtl of entity c_addsub_v12_0_14.c_addsub_v12_0_14_lut6_legacy [\c_addsub_v12_0_14_lut6_legacy(c...]
Compiling architecture synth of entity c_addsub_v12_0_14.c_addsub_v12_0_14_fabric_legacy [\c_addsub_v12_0_14_fabric_legacy...]
Compiling architecture synth of entity c_addsub_v12_0_14.c_addsub_v12_0_14_legacy [\c_addsub_v12_0_14_legacy(c_fami...]
Compiling architecture synth of entity c_addsub_v12_0_14.c_addsub_v12_0_14_viv [\c_addsub_v12_0_14_viv(c_xdevice...]
Compiling architecture synth of entity cordic_v6_0_16.addsub [\addsub(family="artix7",add_mode...]
Compiling architecture struct_all of entity cordic_v6_0_16.delay [\delay(delay_len=0,family="artix...]
Compiling architecture struct_all of entity cordic_v6_0_16.delay [\delay(delay_len=8,family="artix...]
Compiling architecture synth of entity cordic_v6_0_16.cordic_sqrt_mod [\cordic_sqrt_mod(p_xdevicefamily...]
Compiling architecture struct_all of entity cordic_v6_0_16.delay [\delay(delay_len=0,family="artix...]
Compiling architecture struct_all of entity cordic_v6_0_16.delay_bit [\delay_bit(delay_len=0,family="a...]
Compiling architecture struct_all of entity cordic_v6_0_16.delay_bit [\delay_bit(delay_len=8,family="a...]
Compiling architecture synth of entity cordic_v6_0_16.cordic_sqrt [\cordic_sqrt(p_xdevicefamily="ar...]
Compiling architecture synth of entity cordic_v6_0_16.cordic_v6_0_16_synth [\cordic_v6_0_16_synth(c_architec...]
Compiling architecture synth of entity cordic_v6_0_16.cordic_v6_0_16_viv [\cordic_v6_0_16_viv(c_architectu...]
Compiling architecture xilinx of entity cordic_v6_0_16.cordic_v6_0_16 [\cordic_v6_0_16(c_architecture=2...]
Compiling architecture cordic_0_arch of entity xil_defaultlib.cordic_0 [cordic_0_default]
Compiling module xil_defaultlib.data_modulus
Compiling module xil_defaultlib.ram_wr_ctrl
Compiling module blk_mem_gen_v8_4_4.blk_mem_gen_v8_4_4_output_stage(...
Compiling module blk_mem_gen_v8_4_4.blk_mem_gen_v8_4_4_softecc_outpu...
Compiling module blk_mem_gen_v8_4_4.blk_mem_gen_v8_4_4_mem_module(C_...
Compiling module blk_mem_gen_v8_4_4.blk_mem_gen_v8_4_4(C_FAMILY="art...
Compiling module xil_defaultlib.ram_4096x16
Compiling module xil_defaultlib.wave_freq
Compiling module xil_defaultlib.top
Compiling module xil_defaultlib.top_tb
Compiling module xil_defaultlib.glbl
Built simulation snapshot top_tb_behav
run_program: Time (s): cpu = 00:00:05 ; elapsed = 00:00:54 . Memory (MB): peak = 2697.137 ; gain = 0.000
INFO: [USF-XSim-69] 'elaborate' step finished in '54' seconds
INFO: [USF-XSim-4] XSim::Simulate design
INFO: [USF-XSim-61] Executing 'SIMULATE' step in 'C:/Users/sb/Desktop/git/jnu2023h/jnu2023h.sim/sim_1/behav/xsim'
INFO: [USF-XSim-98] *** Running xsim
   with args "top_tb_behav -key {Behavioral:sim_1:Functional:top_tb} -tclbatch {top_tb.tcl} -log {simulate.log}"
INFO: [USF-XSim-8] Loading simulator feature
Vivado Simulator 2020.2
Time resolution is 1 ps
source top_tb.tcl
# set curr_wave [current_wave_config]
# if { [string length $curr_wave] == 0 } {
#   if { [llength [get_objects]] > 0} {
#     add_wave /
#     set_property needs_save false [current_wave_config]
#   } else {
#      send_msg_id Add_Wave-1 WARNING "No top level signals found. Simulator will start without a wave window. If you want to open a wave window go to 'File->New Waveform Configuration' or type 'create_wave_config' in the TCL console."
#   }
# }
# run 1000ns
 Block Memory Generator module loading initial data...
 Block Memory Generator data initialization complete.
Block Memory Generator module top_tb.u_dds.u_rom_1000x8b1.inst.\native_mem_module.blk_mem_gen_v8_4_4_inst  is using a behavioral model for simulation which will not precisely model memory collision behavior.
 Block Memory Generator module loading initial data...
 Block Memory Generator data initialization complete.
Block Memory Generator module top_tb.u_dds.u_rom_1000x8b2.inst.\native_mem_module.blk_mem_gen_v8_4_4_inst  is using a behavioral model for simulation which will not precisely model memory collision behavior.
Block Memory Generator module top_tb.u_top.u_ram_4096x16.inst.\native_mem_module.blk_mem_gen_v8_4_4_inst  is using a behavioral model for simulation which will not precisely model memory collision behavior.
 Block Memory Generator module loading initial data...
 Block Memory Generator data initialization complete.
Block Memory Generator module top_tb.u_top.u_dds.u_rom_1000x8b1.inst.\native_mem_module.blk_mem_gen_v8_4_4_inst  is using a behavioral model for simulation which will not precisely model memory collision behavior.
 Block Memory Generator module loading initial data...
 Block Memory Generator data initialization complete.
Block Memory Generator module top_tb.u_top.u_dds.u_rom_1000x8b2.inst.\native_mem_module.blk_mem_gen_v8_4_4_inst  is using a behavioral model for simulation which will not precisely model memory collision behavior.
INFO: [USF-XSim-96] XSim completed. Design snapshot 'top_tb_behav' loaded.
INFO: [USF-XSim-97] XSim simulation ran for 1000ns
launch_simulation: Time (s): cpu = 00:00:10 ; elapsed = 00:01:01 . Memory (MB): peak = 2697.137 ; gain = 0.000
close_sim
INFO: [Simtcl 6-16] Simulation closed
launch_simulation
Command: launch_simulation 
INFO: [Vivado 12-5698] Checking validity of IPs in the design for the 'XSim' simulator...
INFO: [Vivado 12-5682] Launching behavioral simulation in 'C:/Users/sb/Desktop/git/jnu2023h/jnu2023h.sim/sim_1/behav/xsim'
INFO: [Vivado 12-4795] Using compiled simulation libraries for IPs
INFO: [SIM-utils-51] Simulation object is 'sim_1'
INFO: [USF-XSim-7] Finding pre-compiled libraries...
INFO: [USF-XSim-11] File 'E:/Xilinx/Vivado/2020.2/data/xsim/xsim.ini' copied to run dir:'C:/Users/sb/Desktop/git/jnu2023h/jnu2023h.sim/sim_1/behav/xsim'
INFO: [SIM-utils-54] Inspecting design source files for 'top_tb' in fileset 'sim_1'...
INFO: [SIM-utils-43] Exported 'C:/Users/sb/Desktop/git/jnu2023h/jnu2023h.sim/sim_1/behav/xsim/rom_1000x8b.mif'
INFO: [SIM-utils-43] Exported 'C:/Users/sb/Desktop/git/jnu2023h/jnu2023h.sim/sim_1/behav/xsim/rom_1000x8.coe'
INFO: [USF-XSim-97] Finding global include files...
INFO: [USF-XSim-98] Fetching design files from 'sim_1'...
INFO: [USF-XSim-2] XSim::Compile design
INFO: [USF-XSim-61] Executing 'COMPILE and ANALYZE' step in 'C:/Users/sb/Desktop/git/jnu2023h/jnu2023h.sim/sim_1/behav/xsim'
"xvlog --incr --relax -prj top_tb_vlog.prj"
INFO: [VRFC 10-2263] Analyzing Verilog file "C:/Users/sb/Desktop/git/jnu2023h/jnu2023h.gen/sources_1/ip/rom_1000x8b/sim/rom_1000x8b.v" into library xil_defaultlib
INFO: [VRFC 10-311] analyzing module rom_1000x8b
INFO: [VRFC 10-2263] Analyzing Verilog file "C:/Users/sb/Desktop/git/jnu2023h/jnu2023h.gen/sources_1/ip/ram_4096x16/sim/ram_4096x16.v" into library xil_defaultlib
INFO: [VRFC 10-311] analyzing module ram_4096x16
INFO: [VRFC 10-2263] Analyzing Verilog file "C:/Users/sb/Desktop/git/jnu2023h/jnu2023h.gen/sources_1/ip/clk_wiz_0/clk_wiz_0_clk_wiz.v" into library xil_defaultlib
INFO: [VRFC 10-311] analyzing module clk_wiz_0_clk_wiz
INFO: [VRFC 10-2263] Analyzing Verilog file "C:/Users/sb/Desktop/git/jnu2023h/jnu2023h.gen/sources_1/ip/clk_wiz_0/clk_wiz_0.v" into library xil_defaultlib
INFO: [VRFC 10-311] analyzing module clk_wiz_0
INFO: [VRFC 10-2263] Analyzing Verilog file "C:/Users/sb/Desktop/git/jnu2023h/code/da_wave_send.v" into library xil_defaultlib
INFO: [VRFC 10-311] analyzing module da_wave_send
INFO: [VRFC 10-2263] Analyzing Verilog file "C:/Users/sb/Desktop/git/jnu2023h/code/data_modulus.v" into library xil_defaultlib
INFO: [VRFC 10-311] analyzing module data_modulus
INFO: [VRFC 10-2263] Analyzing Verilog file "C:/Users/sb/Desktop/git/jnu2023h/code/dds.v" into library xil_defaultlib
INFO: [VRFC 10-311] analyzing module dds
WARNING: [VRFC 10-986] literal value truncated to fit in 20 bits [C:/Users/sb/Desktop/git/jnu2023h/code/dds.v:42]
INFO: [VRFC 10-2263] Analyzing Verilog file "C:/Users/sb/Desktop/git/jnu2023h/code/ftt_clk.v" into library xil_defaultlib
INFO: [VRFC 10-311] analyzing module fft_clk
INFO: [VRFC 10-2263] Analyzing Verilog file "C:/Users/sb/Desktop/git/jnu2023h/code/ram_wr_ctrl.v" into library xil_defaultlib
INFO: [VRFC 10-311] analyzing module ram_wr_ctrl
INFO: [VRFC 10-2263] Analyzing Verilog file "C:/Users/sb/Desktop/git/jnu2023h/code/top.v" into library xil_defaultlib
INFO: [VRFC 10-311] analyzing module top
INFO: [VRFC 10-2458] undeclared symbol data_valid, assumed default net type wire [C:/Users/sb/Desktop/git/jnu2023h/code/top.v:159]
INFO: [VRFC 10-2263] Analyzing Verilog file "C:/Users/sb/Desktop/git/jnu2023h/code/wave_freq.v" into library xil_defaultlib
INFO: [VRFC 10-311] analyzing module wave_freq
INFO: [VRFC 10-2263] Analyzing Verilog file "C:/Users/sb/Desktop/git/jnu2023h/code/sim/top_tb.v" into library xil_defaultlib
INFO: [VRFC 10-311] analyzing module top_tb
INFO: [VRFC 10-2458] undeclared symbol da_clk_1, assumed default net type wire [C:/Users/sb/Desktop/git/jnu2023h/code/sim/top_tb.v:76]
INFO: [VRFC 10-2458] undeclared symbol da_clk_2, assumed default net type wire [C:/Users/sb/Desktop/git/jnu2023h/code/sim/top_tb.v:77]
"xvhdl --incr --relax -prj top_tb_vhdl.prj"
INFO: [USF-XSim-69] 'compile' step finished in '3' seconds
INFO: [USF-XSim-3] XSim::Elaborate design
INFO: [USF-XSim-61] Executing 'ELABORATE' step in 'C:/Users/sb/Desktop/git/jnu2023h/jnu2023h.sim/sim_1/behav/xsim'
"xelab -wto 733bc6238e3a4b91923eb927ee1788cd --incr --debug typical --relax --mt 2 -L xil_defaultlib -L blk_mem_gen_v8_4_4 -L xbip_utils_v3_0_10 -L c_reg_fd_v12_0_6 -L xbip_dsp48_wrapper_v3_0_4 -L xbip_pipe_v3_0_6 -L xbip_dsp48_addsub_v3_0_6 -L xbip_addsub_v3_0_6 -L c_addsub_v12_0_14 -L xbip_bram18k_v3_0_6 -L mult_gen_v12_0_16 -L axi_utils_v2_0_6 -L cordic_v6_0_16 -L c_mux_bit_v12_0_6 -L c_shift_ram_v12_0_14 -L cmpy_v6_0_19 -L floating_point_v7_0_18 -L xfft_v9_1_5 -L unisims_ver -L unimacro_ver -L secureip -L xpm --snapshot top_tb_behav xil_defaultlib.top_tb xil_defaultlib.glbl -log elaborate.log"
Vivado Simulator 2020.2
Copyright 1986-1999, 2001-2020 Xilinx, Inc. All Rights Reserved.
Running: E:/Xilinx/Vivado/2020.2/bin/unwrapped/win64.o/xelab.exe -wto 733bc6238e3a4b91923eb927ee1788cd --incr --debug typical --relax --mt 2 -L xil_defaultlib -L blk_mem_gen_v8_4_4 -L xbip_utils_v3_0_10 -L c_reg_fd_v12_0_6 -L xbip_dsp48_wrapper_v3_0_4 -L xbip_pipe_v3_0_6 -L xbip_dsp48_addsub_v3_0_6 -L xbip_addsub_v3_0_6 -L c_addsub_v12_0_14 -L xbip_bram18k_v3_0_6 -L mult_gen_v12_0_16 -L axi_utils_v2_0_6 -L cordic_v6_0_16 -L c_mux_bit_v12_0_6 -L c_shift_ram_v12_0_14 -L cmpy_v6_0_19 -L floating_point_v7_0_18 -L xfft_v9_1_5 -L unisims_ver -L unimacro_ver -L secureip -L xpm --snapshot top_tb_behav xil_defaultlib.top_tb xil_defaultlib.glbl -log elaborate.log 
Using 2 slave threads.
Starting static elaboration
Pass Through NonSizing Optimizer
WARNING: [VRFC 10-8389] size mismatch in mixed language port association, VHDL port 'm_axis_data_tdata' [C:/Users/sb/Desktop/git/jnu2023h/code/top.v:108]
WARNING: [VRFC 10-8389] size mismatch in mixed language port association, VHDL port 's_axis_cartesian_tdata' [C:/Users/sb/Desktop/git/jnu2023h/code/data_modulus.v:95]
WARNING: [VRFC 10-3091] actual bit length 6 differs from formal bit length 8 for port 'freq_select1' [C:/Users/sb/Desktop/git/jnu2023h/code/sim/top_tb.v:70]
WARNING: [VRFC 10-3091] actual bit length 6 differs from formal bit length 8 for port 'freq_select2' [C:/Users/sb/Desktop/git/jnu2023h/code/sim/top_tb.v:71]
WARNING: [VRFC 10-3091] actual bit length 8 differs from formal bit length 6 for port 'freq_select' [C:/Users/sb/Desktop/git/jnu2023h/code/dds.v:89]
WARNING: [VRFC 10-3091] actual bit length 8 differs from formal bit length 6 for port 'freq_select' [C:/Users/sb/Desktop/git/jnu2023h/code/dds.v:102]
WARNING: [VRFC 10-3091] actual bit length 8 differs from formal bit length 10 for port 'ad_data_1' [C:/Users/sb/Desktop/git/jnu2023h/code/sim/top_tb.v:88]
WARNING: [VRFC 10-3091] actual bit length 8 differs from formal bit length 10 for port 'ad_data_2' [C:/Users/sb/Desktop/git/jnu2023h/code/sim/top_tb.v:93]
WARNING: [VRFC 10-3091] actual bit length 8 differs from formal bit length 12 for port 'waveA_freq' [C:/Users/sb/Desktop/git/jnu2023h/code/top.v:202]
WARNING: [VRFC 10-3091] actual bit length 8 differs from formal bit length 12 for port 'waveB_freq' [C:/Users/sb/Desktop/git/jnu2023h/code/top.v:204]
WARNING: [VRFC 10-5021] port 'reset' is not connected on this instance [C:/Users/sb/Desktop/git/jnu2023h/code/top.v:70]
Completed static elaboration
Starting simulation data flow analysis
Completed simulation data flow analysis
Time Resolution for simulation is 1ps
Compiling package std.standard
Compiling package std.textio
Compiling package ieee.std_logic_1164
Compiling package ieee.numeric_std
Compiling package xbip_utils_v3_0_10.xbip_utils_v3_0_10_pkg
Compiling package xfft_v9_1_5.xfft_v9_1_5_viv_comp
Compiling package ieee.std_logic_arith
Compiling package ieee.std_logic_unsigned
Compiling package ieee.math_real
Compiling package axi_utils_v2_0_6.axi_utils_v2_0_6_pkg
Compiling package mult_gen_v12_0_16.mult_gen_v12_0_16_pkg
Compiling package ieee.std_logic_signed
Compiling package cmpy_v6_0_19.cmpy_v6_0_19_pkg
Compiling package floating_point_v7_0_18.floating_point_v7_0_18_consts
Compiling package floating_point_v7_0_18.floating_point_v7_0_18_exp_table...
Compiling package floating_point_v7_0_18.floating_point_v7_0_18_pkg
Compiling package xfft_v9_1_5.pkg
Compiling package xfft_v9_1_5.xfft_v9_1_5_axi_pkg
Compiling package axi_utils_v2_0_6.global_util_pkg
Compiling package axi_utils_v2_0_6.axi_utils_comps
Compiling package unisim.vcomponents
Compiling package xbip_pipe_v3_0_6.xbip_pipe_v3_0_6_viv_comp
Compiling package xbip_addsub_v3_0_6.xbip_addsub_v3_0_6_viv_comp
Compiling package c_addsub_v12_0_14.c_addsub_v12_0_14_pkg
Compiling package c_addsub_v12_0_14.c_addsub_v12_0_14_pkg_legacy
Compiling package c_reg_fd_v12_0_6.c_reg_fd_v12_0_6_viv_comp
Compiling package ieee.vital_timing
Compiling package ieee.vital_primitives
Compiling package unisim.vpkg
Compiling package c_shift_ram_v12_0_14.c_shift_ram_v12_0_14_pkg
Compiling package c_mux_bit_v12_0_6.c_mux_bit_v12_0_6_viv_comp
Compiling package xfft_v9_1_5.quarter_sin_tw_table
Compiling package xfft_v9_1_5.quarter2_sin_tw_table
Compiling package mult_gen_v12_0_16.dsp_pkg
Compiling package xpm.vcomponents
Compiling package ieee.std_logic_textio
Compiling package cordic_v6_0_16.cordic_v6_0_16_viv_comp
Compiling package cordic_v6_0_16.cordic_pack
Compiling package cordic_v6_0_16.cordic_hdl_comps
Compiling package c_addsub_v12_0_14.c_addsub_v12_0_14_viv_comp
Compiling module blk_mem_gen_v8_4_4.blk_mem_gen_v8_4_4_output_stage(...
Compiling module blk_mem_gen_v8_4_4.blk_mem_gen_v8_4_4_softecc_outpu...
Compiling module blk_mem_gen_v8_4_4.blk_mem_gen_v8_4_4_mem_module(C_...
Compiling module blk_mem_gen_v8_4_4.blk_mem_gen_v8_4_4(C_FAMILY="art...
Compiling module xil_defaultlib.rom_1000x8b
Compiling module xil_defaultlib.da_wave_send
Compiling module xil_defaultlib.dds
Compiling module unisims_ver.IBUF
Compiling module unisims_ver.MMCME2_ADV(CLKFBOUT_MULT_F=16.0,...
Compiling module unisims_ver.BUFG
Compiling module xil_defaultlib.clk_wiz_0_clk_wiz
Compiling module xil_defaultlib.clk_wiz_0
Compiling module xil_defaultlib.fft_clk
Compiling architecture xilinx of entity axi_utils_v2_0_6.glb_srl_fifo [\glb_srl_fifo(width=5,has_uvprot...]
Compiling architecture xilinx of entity axi_utils_v2_0_6.glb_ifx_master [\glb_ifx_master(width=5,afull_th...]
Compiling architecture synth of entity xfft_v9_1_5.axi_wrapper_output_fifo [\axi_wrapper_output_fifo(c_fifo_...]
Compiling architecture xilinx of entity axi_utils_v2_0_6.glb_srl_fifo [\glb_srl_fifo(width=1,has_uvprot...]
Compiling architecture xilinx of entity axi_utils_v2_0_6.glb_ifx_slave [\glb_ifx_slave(width=1,has_uvpro...]
Compiling architecture synth of entity xfft_v9_1_5.axi_wrapper_input_fifo [\axi_wrapper_input_fifo(c_fifo_w...]
Compiling architecture xilinx of entity axi_utils_v2_0_6.glb_srl_fifo [\glb_srl_fifo(width=33,has_uvpro...]
Compiling architecture xilinx of entity axi_utils_v2_0_6.glb_ifx_slave [\glb_ifx_slave(width=33,has_uvpr...]
Compiling architecture synth of entity xfft_v9_1_5.axi_wrapper_input_fifo [\axi_wrapper_input_fifo(c_fifo_w...]
Compiling architecture xilinx of entity axi_utils_v2_0_6.glb_srl_fifo [\glb_srl_fifo(width=38,has_uvpro...]
Compiling architecture xilinx of entity axi_utils_v2_0_6.glb_ifx_master [\glb_ifx_master(width=38,afull_t...]
Compiling architecture synth of entity xfft_v9_1_5.axi_wrapper_output_fifo [\axi_wrapper_output_fifo(c_fifo_...]
Compiling architecture synth of entity xfft_v9_1_5.axi_wrapper [\axi_wrapper(c_nfft_max=7,c_arch...]
Compiling architecture xilinx of entity xfft_v9_1_5.equ_rtl [\equ_rtl(c_xdevicefamily="artix7...]
Compiling architecture xilinx of entity xfft_v9_1_5.r22_cnt_ctrl [\r22_cnt_ctrl(c_xdevicefamily="a...]
Compiling architecture xilinx of entity xfft_v9_1_5.r22_cnt_ctrl [\r22_cnt_ctrl(c_xdevicefamily="a...]
Compiling architecture struct of entity c_shift_ram_v12_0_14.c_shift_ram_v12_0_14_legacy [\c_shift_ram_v12_0_14_legacy(c_x...]
Compiling architecture synth of entity c_shift_ram_v12_0_14.c_shift_ram_v12_0_14_viv [\c_shift_ram_v12_0_14_viv(c_xdev...]
Compiling architecture xilinx of entity xfft_v9_1_5.shift_ram [\shift_ram(c_xdevicefamily="arti...]
Compiling architecture struct of entity c_shift_ram_v12_0_14.c_shift_ram_v12_0_14_legacy [\c_shift_ram_v12_0_14_legacy(c_x...]
Compiling architecture synth of entity c_shift_ram_v12_0_14.c_shift_ram_v12_0_14_viv [\c_shift_ram_v12_0_14_viv(c_xdev...]
Compiling architecture xilinx of entity xfft_v9_1_5.shift_ram [\shift_ram(c_xdevicefamily="arti...]
Compiling architecture fd_v of entity unisim.FD [fd_default]
Compiling architecture struct of entity c_shift_ram_v12_0_14.c_shift_ram_v12_0_14_legacy [\c_shift_ram_v12_0_14_legacy(c_x...]
Compiling architecture synth of entity c_shift_ram_v12_0_14.c_shift_ram_v12_0_14_viv [\c_shift_ram_v12_0_14_viv(c_xdev...]
Compiling architecture xilinx of entity xfft_v9_1_5.shift_ram [\shift_ram(c_xdevicefamily="arti...]
Compiling architecture struct of entity c_shift_ram_v12_0_14.c_shift_ram_v12_0_14_legacy [\c_shift_ram_v12_0_14_legacy(c_x...]
Compiling architecture synth of entity c_shift_ram_v12_0_14.c_shift_ram_v12_0_14_viv [\c_shift_ram_v12_0_14_viv(c_xdev...]
Compiling architecture xilinx of entity xfft_v9_1_5.shift_ram [\shift_ram(c_xdevicefamily="arti...]
Compiling architecture xilinx of entity xfft_v9_1_5.shift_ram [\shift_ram(c_xdevicefamily="arti...]
Compiling architecture xilinx of entity xfft_v9_1_5.shift_ram [\shift_ram(c_xdevicefamily="arti...]
Compiling architecture xilinx of entity xfft_v9_1_5.shift_ram [\shift_ram(c_xdevicefamily="arti...]
Compiling architecture lut3_v of entity unisim.LUT3 [\LUT3(init="11001010")(0,7)\]
Compiling architecture xilinx of entity xfft_v9_1_5.mux_bus2 [\mux_bus2(c_xdevicefamily="artix...]
Compiling architecture xilinx of entity xfft_v9_1_5.r22_delay_mux [\r22_delay_mux(c_xdevicefamily="...]
Compiling architecture xilinx of entity xfft_v9_1_5.r22_delay_mux [\r22_delay_mux(c_xdevicefamily="...]
Compiling architecture xilinx of entity xfft_v9_1_5.shift_ram [\shift_ram(c_xdevicefamily="arti...]
Compiling architecture xilinx of entity xfft_v9_1_5.shift_ram [\shift_ram(c_xdevicefamily="arti...]
Compiling architecture struct of entity c_shift_ram_v12_0_14.c_shift_ram_v12_0_14_legacy [\c_shift_ram_v12_0_14_legacy(c_x...]
Compiling architecture synth of entity c_shift_ram_v12_0_14.c_shift_ram_v12_0_14_viv [\c_shift_ram_v12_0_14_viv(c_xdev...]
Compiling architecture synth of entity xfft_v9_1_5.r22_srl_memory [\r22_srl_memory(c_xdevicefamily=...]
Compiling architecture xilinx of entity xfft_v9_1_5.r22_memory [\r22_memory(c_xdevicefamily="art...]
Compiling architecture structural of entity c_reg_fd_v12_0_6.c_reg_fd_v12_0_6_viv [\c_reg_fd_v12_0_6_viv(c_width=18...]
Compiling architecture rtl of entity c_addsub_v12_0_14.c_addsub_v12_0_14_lut6_legacy [\c_addsub_v12_0_14_lut6_legacy(c...]
Compiling architecture synth of entity c_addsub_v12_0_14.c_addsub_v12_0_14_fabric_legacy [\c_addsub_v12_0_14_fabric_legacy...]
Compiling architecture synth of entity c_addsub_v12_0_14.c_addsub_v12_0_14_legacy [\c_addsub_v12_0_14_legacy(c_fami...]
Compiling architecture synth of entity c_addsub_v12_0_14.c_addsub_v12_0_14_viv [\c_addsub_v12_0_14_viv(c_xdevice...]
Compiling architecture xilinx of entity xfft_v9_1_5.adder_bypass [\adder_bypass(c_xdevicefamily="a...]
Compiling architecture structural of entity c_reg_fd_v12_0_6.c_reg_fd_v12_0_6_viv [\c_reg_fd_v12_0_6_viv(c_width=18...]
Compiling architecture rtl of entity c_addsub_v12_0_14.c_addsub_v12_0_14_lut6_legacy [\c_addsub_v12_0_14_lut6_legacy(c...]
Compiling architecture synth of entity c_addsub_v12_0_14.c_addsub_v12_0_14_fabric_legacy [\c_addsub_v12_0_14_fabric_legacy...]
Compiling architecture synth of entity c_addsub_v12_0_14.c_addsub_v12_0_14_legacy [\c_addsub_v12_0_14_legacy(c_fami...]
Compiling architecture synth of entity c_addsub_v12_0_14.c_addsub_v12_0_14_viv [\c_addsub_v12_0_14_viv(c_xdevice...]
Compiling architecture xilinx of entity xfft_v9_1_5.sub_byp [\sub_byp(c_xdevicefamily="artix7...]
Compiling architecture xilinx of entity xfft_v9_1_5.r22_bfly_byp [\r22_bfly_byp(c_xdevicefamily="a...]
Compiling architecture xilinx of entity xfft_v9_1_5.r22_bf [\r22_bf(c_xdevicefamily="artix7"...]
Compiling architecture xilinx of entity xfft_v9_1_5.shift_ram [\shift_ram(c_xdevicefamily="arti...]
Compiling architecture fde_v of entity unisim.FDE [fde_default]
Compiling architecture synth of entity xfft_v9_1_5.r22_twos_comp_mux [\r22_twos_comp_mux(c_xdevicefami...]
Compiling architecture synth of entity xfft_v9_1_5.r22_twos_comp_mux [\r22_twos_comp_mux(c_xdevicefami...]
Compiling architecture xilinx of entity xfft_v9_1_5.shift_ram [\shift_ram(c_xdevicefamily="arti...]
Compiling architecture xilinx of entity xfft_v9_1_5.shift_ram [\shift_ram(c_xdevicefamily="arti...]
Compiling architecture xilinx of entity xfft_v9_1_5.shift_ram [\shift_ram(c_xdevicefamily="arti...]
Compiling architecture xilinx of entity xfft_v9_1_5.mux_bus2 [\mux_bus2(c_xdevicefamily="artix...]
Compiling architecture xilinx of entity xfft_v9_1_5.r22_delay_mux [\r22_delay_mux(c_xdevicefamily="...]
Compiling architecture xilinx of entity xfft_v9_1_5.r22_delay_mux [\r22_delay_mux(c_xdevicefamily="...]
Compiling architecture xilinx of entity xfft_v9_1_5.shift_ram [\shift_ram(c_xdevicefamily="arti...]
Compiling architecture xilinx of entity xfft_v9_1_5.shift_ram [\shift_ram(c_xdevicefamily="arti...]
Compiling architecture struct of entity c_shift_ram_v12_0_14.c_shift_ram_v12_0_14_legacy [\c_shift_ram_v12_0_14_legacy(c_x...]
Compiling architecture synth of entity c_shift_ram_v12_0_14.c_shift_ram_v12_0_14_viv [\c_shift_ram_v12_0_14_viv(c_xdev...]
Compiling architecture synth of entity xfft_v9_1_5.r22_srl_memory [\r22_srl_memory(c_xdevicefamily=...]
Compiling architecture xilinx of entity xfft_v9_1_5.r22_memory [\r22_memory(c_xdevicefamily="art...]
Compiling architecture structural of entity c_reg_fd_v12_0_6.c_reg_fd_v12_0_6_viv [\c_reg_fd_v12_0_6_viv(c_width=19...]
Compiling architecture rtl of entity c_addsub_v12_0_14.c_addsub_v12_0_14_lut6_legacy [\c_addsub_v12_0_14_lut6_legacy(c...]
Compiling architecture synth of entity c_addsub_v12_0_14.c_addsub_v12_0_14_fabric_legacy [\c_addsub_v12_0_14_fabric_legacy...]
Compiling architecture synth of entity c_addsub_v12_0_14.c_addsub_v12_0_14_legacy [\c_addsub_v12_0_14_legacy(c_fami...]
Compiling architecture synth of entity c_addsub_v12_0_14.c_addsub_v12_0_14_viv [\c_addsub_v12_0_14_viv(c_xdevice...]
Compiling architecture xilinx of entity xfft_v9_1_5.adder_bypass [\adder_bypass(c_xdevicefamily="a...]
Compiling architecture structural of entity c_reg_fd_v12_0_6.c_reg_fd_v12_0_6_viv [\c_reg_fd_v12_0_6_viv(c_width=19...]
Compiling architecture rtl of entity c_addsub_v12_0_14.c_addsub_v12_0_14_lut6_legacy [\c_addsub_v12_0_14_lut6_legacy(c...]
Compiling architecture synth of entity c_addsub_v12_0_14.c_addsub_v12_0_14_fabric_legacy [\c_addsub_v12_0_14_fabric_legacy...]
Compiling architecture synth of entity c_addsub_v12_0_14.c_addsub_v12_0_14_legacy [\c_addsub_v12_0_14_legacy(c_fami...]
Compiling architecture synth of entity c_addsub_v12_0_14.c_addsub_v12_0_14_viv [\c_addsub_v12_0_14_viv(c_xdevice...]
Compiling architecture xilinx of entity xfft_v9_1_5.sub_byp [\sub_byp(c_xdevicefamily="artix7...]
Compiling architecture xilinx of entity xfft_v9_1_5.r22_bfly_byp [\r22_bfly_byp(c_xdevicefamily="a...]
Compiling architecture xilinx of entity xfft_v9_1_5.r22_bf [\r22_bf(c_xdevicefamily="artix7"...]
Compiling architecture structural of entity c_reg_fd_v12_0_6.c_reg_fd_v12_0_6_viv [\c_reg_fd_v12_0_6_viv(c_width=7,...]
Compiling architecture rtl of entity c_addsub_v12_0_14.c_addsub_v12_0_14_lut6_legacy [\c_addsub_v12_0_14_lut6_legacy(c...]
Compiling architecture synth of entity c_addsub_v12_0_14.c_addsub_v12_0_14_fabric_legacy [\c_addsub_v12_0_14_fabric_legacy...]
Compiling architecture synth of entity c_addsub_v12_0_14.c_addsub_v12_0_14_legacy [\c_addsub_v12_0_14_legacy(c_fami...]
Compiling architecture synth of entity c_addsub_v12_0_14.c_addsub_v12_0_14_viv [\c_addsub_v12_0_14_viv(c_xdevice...]
Compiling architecture xilinx of entity xfft_v9_1_5.adder [\adder(c_xdevicefamily="artix7",...]
Compiling architecture lut6_v of entity unisim.LUT6 [\LUT6(init="11111111000000001111...]
Compiling architecture xilinx of entity xfft_v9_1_5.mux_bus4 [\mux_bus4(c_xdevicefamily="artix...]
Compiling architecture struct of entity c_shift_ram_v12_0_14.c_shift_ram_v12_0_14_legacy [\c_shift_ram_v12_0_14_legacy(c_x...]
Compiling architecture synth of entity c_shift_ram_v12_0_14.c_shift_ram_v12_0_14_viv [\c_shift_ram_v12_0_14_viv(c_xdev...]
Compiling architecture xilinx of entity xfft_v9_1_5.shift_ram [\shift_ram(c_xdevicefamily="arti...]
Compiling architecture xilinx of entity xfft_v9_1_5.twgen_distmem [\twgen_distmem(theta_width=6,pip...]
Compiling architecture xilinx of entity xfft_v9_1_5.twiddle_gen [\twiddle_gen(c_xdevicefamily="ar...]
Compiling architecture xilinx of entity xfft_v9_1_5.r22_tw_gen [\r22_tw_gen(c_xdevicefamily="art...]
Compiling architecture xilinx of entity cmpy_v6_0_19.delay_line [\delay_line(c_xdevicefamily="art...]
Compiling architecture xilinx of entity cmpy_v6_0_19.delay_line [\delay_line(c_xdevicefamily="art...]
Compiling architecture xilinx of entity mult_gen_v12_0_16.delay_line [\delay_line(c_xdevicefamily="art...]
Compiling architecture xilinx of entity mult_gen_v12_0_16.delay_line [\delay_line(c_xdevicefamily="art...]
Compiling architecture dsp48e1_v of entity unisim.DSP48E1 [\DSP48E1(acascreg=2,alumodereg=0...]
Compiling architecture xilinx of entity mult_gen_v12_0_16.delay_line [\delay_line(c_xdevicefamily="art...]
Compiling architecture xilinx of entity mult_gen_v12_0_16.op_resize [\op_resize(ai_width=18,bi_width=...]
Compiling architecture xilinx of entity mult_gen_v12_0_16.dsp [\dsp(c_xdevicefamily="artix7",c_...]
Compiling architecture xilinx of entity cmpy_v6_0_19.cmpy_3_dsp48_mult [\cmpy_3_dsp48_mult(c_xdevicefami...]
Compiling architecture xilinx of entity mult_gen_v12_0_16.delay_line [\delay_line(c_xdevicefamily="art...]
Compiling architecture xilinx of entity mult_gen_v12_0_16.delay_line [\delay_line(c_xdevicefamily="art...]
Compiling architecture dsp48e1_v of entity unisim.DSP48E1 [\DSP48E1(alumodereg=0,bcascreg=2...]
Compiling architecture xilinx of entity mult_gen_v12_0_16.op_resize [\op_resize(ai_width=19,bi_width=...]
Compiling architecture xilinx of entity mult_gen_v12_0_16.dsp [\dsp(c_xdevicefamily="artix7",c_...]
Compiling architecture xilinx of entity cmpy_v6_0_19.cmpy_3_dsp48_mult [\cmpy_3_dsp48_mult(c_xdevicefami...]
Compiling architecture xilinx of entity mult_gen_v12_0_16.dsp [\dsp(c_xdevicefamily="artix7",c_...]
Compiling architecture xilinx of entity cmpy_v6_0_19.cmpy_3_dsp48_mult [\cmpy_3_dsp48_mult(c_xdevicefami...]
Compiling architecture xilinx of entity cmpy_v6_0_19.input_negation [\input_negation(c_xdevicefamily=...]
Compiling architecture xilinx of entity cmpy_v6_0_19.delay_line [\delay_line(c_xdevicefamily="art...]
Compiling architecture xilinx of entity cmpy_v6_0_19.delay_line [\delay_line(c_xdevicefamily="art...]
Compiling architecture xilinx of entity cmpy_v6_0_19.cmpy_3_dsp48 [\cmpy_3_dsp48(c_xdevicefamily="a...]
Compiling architecture xilinx of entity cmpy_v6_0_19.cmpy_v6_0_19_synth [\cmpy_v6_0_19_synth(c_xdevicefam...]
Compiling architecture xilinx of entity xfft_v9_1_5.cmpy [\cmpy(c_xdevicefamily="artix7",a...]
Compiling architecture xilinx of entity xfft_v9_1_5.logic_gate [\logic_gate(c_xdevicefamily="art...]
Compiling architecture xilinx of entity xfft_v9_1_5.shift_ram [\shift_ram(c_xdevicefamily="arti...]
Compiling architecture lut6_v of entity unisim.LUT6 [\LUT6(init="10000000000000000000...]
Compiling architecture xilinx of entity xfft_v9_1_5.logic_gate [\logic_gate(c_xdevicefamily="art...]
Compiling architecture rtl of entity c_addsub_v12_0_14.c_addsub_v12_0_14_lut6_legacy [\c_addsub_v12_0_14_lut6_legacy(c...]
Compiling architecture synth of entity c_addsub_v12_0_14.c_addsub_v12_0_14_fabric_legacy [\c_addsub_v12_0_14_fabric_legacy...]
Compiling architecture synth of entity c_addsub_v12_0_14.c_addsub_v12_0_14_legacy [\c_addsub_v12_0_14_legacy(c_fami...]
Compiling architecture synth of entity c_addsub_v12_0_14.c_addsub_v12_0_14_viv [\c_addsub_v12_0_14_viv(c_xdevice...]
Compiling architecture xilinx of entity xfft_v9_1_5.unbiased_round [\unbiased_round(c_xdevicefamily=...]
Compiling architecture xilinx of entity xfft_v9_1_5.shift_ram [\shift_ram(c_xdevicefamily="arti...]
Compiling architecture xilinx of entity xfft_v9_1_5.shift_ram [\shift_ram(c_xdevicefamily="arti...]
Compiling architecture xilinx of entity xfft_v9_1_5.r22_pe [\r22_pe(c_xdevicefamily="artix7"...]
Compiling architecture synth of entity xfft_v9_1_5.srl_fifo [\srl_fifo(c_width=1)\]
Compiling architecture xilinx of entity xfft_v9_1_5.r22_cnt_ctrl [\r22_cnt_ctrl(c_xdevicefamily="a...]
Compiling architecture xilinx of entity xfft_v9_1_5.r22_cnt_ctrl [\r22_cnt_ctrl(c_xdevicefamily="a...]
Compiling architecture struct of entity c_shift_ram_v12_0_14.c_shift_ram_v12_0_14_legacy [\c_shift_ram_v12_0_14_legacy(c_x...]
Compiling architecture synth of entity c_shift_ram_v12_0_14.c_shift_ram_v12_0_14_viv [\c_shift_ram_v12_0_14_viv(c_xdev...]
Compiling architecture xilinx of entity xfft_v9_1_5.shift_ram [\shift_ram(c_xdevicefamily="arti...]
Compiling architecture struct of entity c_shift_ram_v12_0_14.c_shift_ram_v12_0_14_legacy [\c_shift_ram_v12_0_14_legacy(c_x...]
Compiling architecture synth of entity c_shift_ram_v12_0_14.c_shift_ram_v12_0_14_viv [\c_shift_ram_v12_0_14_viv(c_xdev...]
Compiling architecture xilinx of entity xfft_v9_1_5.shift_ram [\shift_ram(c_xdevicefamily="arti...]
Compiling architecture struct of entity c_shift_ram_v12_0_14.c_shift_ram_v12_0_14_legacy [\c_shift_ram_v12_0_14_legacy(c_x...]
Compiling architecture synth of entity c_shift_ram_v12_0_14.c_shift_ram_v12_0_14_viv [\c_shift_ram_v12_0_14_viv(c_xdev...]
Compiling architecture xilinx of entity xfft_v9_1_5.shift_ram [\shift_ram(c_xdevicefamily="arti...]
Compiling architecture structural of entity c_reg_fd_v12_0_6.c_reg_fd_v12_0_6_viv [\c_reg_fd_v12_0_6_viv(c_width=20...]
Compiling architecture rtl of entity c_addsub_v12_0_14.c_addsub_v12_0_14_lut6_legacy [\c_addsub_v12_0_14_lut6_legacy(c...]
Compiling architecture synth of entity c_addsub_v12_0_14.c_addsub_v12_0_14_fabric_legacy [\c_addsub_v12_0_14_fabric_legacy...]
Compiling architecture synth of entity c_addsub_v12_0_14.c_addsub_v12_0_14_legacy [\c_addsub_v12_0_14_legacy(c_fami...]
Compiling architecture synth of entity c_addsub_v12_0_14.c_addsub_v12_0_14_viv [\c_addsub_v12_0_14_viv(c_xdevice...]
Compiling architecture xilinx of entity xfft_v9_1_5.adder [\adder(c_xdevicefamily="artix7",...]
Compiling architecture struct of entity c_shift_ram_v12_0_14.c_shift_ram_v12_0_14_legacy [\c_shift_ram_v12_0_14_legacy(c_x...]
Compiling architecture synth of entity c_shift_ram_v12_0_14.c_shift_ram_v12_0_14_viv [\c_shift_ram_v12_0_14_viv(c_xdev...]
Compiling architecture xilinx of entity xfft_v9_1_5.shift_ram [\shift_ram(c_xdevicefamily="arti...]
Compiling architecture xilinx of entity xfft_v9_1_5.shift_ram [\shift_ram(c_xdevicefamily="arti...]
Compiling architecture xilinx of entity xfft_v9_1_5.mux_bus2 [\mux_bus2(c_xdevicefamily="artix...]
Compiling architecture xilinx of entity xfft_v9_1_5.shift_ram [\shift_ram(c_xdevicefamily="arti...]
Compiling architecture xilinx of entity xfft_v9_1_5.mux_bus2 [\mux_bus2(c_xdevicefamily="artix...]
Compiling architecture xilinx of entity xfft_v9_1_5.r22_bf_sp [\r22_bf_sp(c_xdevicefamily="arti...]
Compiling architecture synth of entity xfft_v9_1_5.r22_twos_comp_mux [\r22_twos_comp_mux(c_xdevicefami...]
Compiling architecture synth of entity xfft_v9_1_5.r22_twos_comp_mux [\r22_twos_comp_mux(c_xdevicefami...]
Compiling architecture structural of entity c_reg_fd_v12_0_6.c_reg_fd_v12_0_6_viv [\c_reg_fd_v12_0_6_viv(c_width=21...]
Compiling architecture rtl of entity c_addsub_v12_0_14.c_addsub_v12_0_14_lut6_legacy [\c_addsub_v12_0_14_lut6_legacy(c...]
Compiling architecture synth of entity c_addsub_v12_0_14.c_addsub_v12_0_14_fabric_legacy [\c_addsub_v12_0_14_fabric_legacy...]
Compiling architecture synth of entity c_addsub_v12_0_14.c_addsub_v12_0_14_legacy [\c_addsub_v12_0_14_legacy(c_fami...]
Compiling architecture synth of entity c_addsub_v12_0_14.c_addsub_v12_0_14_viv [\c_addsub_v12_0_14_viv(c_xdevice...]
Compiling architecture xilinx of entity xfft_v9_1_5.adder [\adder(c_xdevicefamily="artix7",...]
Compiling architecture xilinx of entity xfft_v9_1_5.shift_ram [\shift_ram(c_xdevicefamily="arti...]
Compiling architecture struct of entity c_shift_ram_v12_0_14.c_shift_ram_v12_0_14_legacy [\c_shift_ram_v12_0_14_legacy(c_x...]
Compiling architecture synth of entity c_shift_ram_v12_0_14.c_shift_ram_v12_0_14_viv [\c_shift_ram_v12_0_14_viv(c_xdev...]
Compiling architecture xilinx of entity xfft_v9_1_5.shift_ram [\shift_ram(c_xdevicefamily="arti...]
Compiling architecture xilinx of entity xfft_v9_1_5.shift_ram [\shift_ram(c_xdevicefamily="arti...]
Compiling architecture xilinx of entity xfft_v9_1_5.mux_bus2 [\mux_bus2(c_xdevicefamily="artix...]
Compiling architecture xilinx of entity xfft_v9_1_5.r22_bf_sp [\r22_bf_sp(c_xdevicefamily="arti...]
Compiling architecture struct of entity c_shift_ram_v12_0_14.c_shift_ram_v12_0_14_legacy [\c_shift_ram_v12_0_14_legacy(c_x...]
Compiling architecture synth of entity c_shift_ram_v12_0_14.c_shift_ram_v12_0_14_viv [\c_shift_ram_v12_0_14_viv(c_xdev...]
Compiling architecture xilinx of entity xfft_v9_1_5.shift_ram [\shift_ram(c_xdevicefamily="arti...]
Compiling architecture struct of entity c_shift_ram_v12_0_14.c_shift_ram_v12_0_14_legacy [\c_shift_ram_v12_0_14_legacy(c_x...]
Compiling architecture synth of entity c_shift_ram_v12_0_14.c_shift_ram_v12_0_14_viv [\c_shift_ram_v12_0_14_viv(c_xdev...]
Compiling architecture xilinx of entity xfft_v9_1_5.shift_ram [\shift_ram(c_xdevicefamily="arti...]
Compiling architecture structural of entity c_reg_fd_v12_0_6.c_reg_fd_v12_0_6_viv [\c_reg_fd_v12_0_6_viv(c_width=5,...]
Compiling architecture rtl of entity c_addsub_v12_0_14.c_addsub_v12_0_14_lut6_legacy [\c_addsub_v12_0_14_lut6_legacy(c...]
Compiling architecture synth of entity c_addsub_v12_0_14.c_addsub_v12_0_14_fabric_legacy [\c_addsub_v12_0_14_fabric_legacy...]
Compiling architecture synth of entity c_addsub_v12_0_14.c_addsub_v12_0_14_legacy [\c_addsub_v12_0_14_legacy(c_fami...]
Compiling architecture synth of entity c_addsub_v12_0_14.c_addsub_v12_0_14_viv [\c_addsub_v12_0_14_viv(c_xdevice...]
Compiling architecture xilinx of entity xfft_v9_1_5.adder [\adder(c_xdevicefamily="artix7",...]
Compiling architecture xilinx of entity xfft_v9_1_5.mux_bus4 [\mux_bus4(c_xdevicefamily="artix...]
Compiling architecture xilinx of entity xfft_v9_1_5.twgen_distmem [\twgen_distmem(theta_width=4,pip...]
Compiling architecture xilinx of entity xfft_v9_1_5.twiddle_gen [\twiddle_gen(c_xdevicefamily="ar...]
Compiling architecture xilinx of entity xfft_v9_1_5.r22_tw_gen [\r22_tw_gen(c_xdevicefamily="art...]
Compiling architecture xilinx of entity cmpy_v6_0_19.delay_line [\delay_line(c_xdevicefamily="art...]
Compiling architecture xilinx of entity cmpy_v6_0_19.delay_line [\delay_line(c_xdevicefamily="art...]
Compiling architecture xilinx of entity mult_gen_v12_0_16.op_resize [\op_resize(ai_width=22,bi_width=...]
Compiling architecture xilinx of entity mult_gen_v12_0_16.dsp [\dsp(c_xdevicefamily="artix7",c_...]
Compiling architecture xilinx of entity cmpy_v6_0_19.cmpy_3_dsp48_mult [\cmpy_3_dsp48_mult(c_xdevicefami...]
Compiling architecture xilinx of entity cmpy_v6_0_19.delay_line [\delay_line(c_xdevicefamily="art...]
Compiling architecture dsp48e1_v of entity unisim.DSP48E1 [\DSP48E1(acascreg=2,alumodereg=0...]
Compiling architecture xilinx of entity mult_gen_v12_0_16.op_resize [\op_resize(ai_width=21,bi_width=...]
Compiling architecture xilinx of entity mult_gen_v12_0_16.dsp [\dsp(c_xdevicefamily="artix7",c_...]
Compiling architecture xilinx of entity cmpy_v6_0_19.cmpy_3_dsp48_mult [\cmpy_3_dsp48_mult(c_xdevicefami...]
Compiling architecture xilinx of entity mult_gen_v12_0_16.dsp [\dsp(c_xdevicefamily="artix7",c_...]
Compiling architecture xilinx of entity cmpy_v6_0_19.cmpy_3_dsp48_mult [\cmpy_3_dsp48_mult(c_xdevicefami...]
Compiling architecture xilinx of entity cmpy_v6_0_19.input_negation [\input_negation(c_xdevicefamily=...]
Compiling architecture xilinx of entity cmpy_v6_0_19.delay_line [\delay_line(c_xdevicefamily="art...]
Compiling architecture xilinx of entity cmpy_v6_0_19.cmpy_3_dsp48 [\cmpy_3_dsp48(c_xdevicefamily="a...]
Compiling architecture xilinx of entity cmpy_v6_0_19.cmpy_v6_0_19_synth [\cmpy_v6_0_19_synth(c_xdevicefam...]
Compiling architecture xilinx of entity xfft_v9_1_5.cmpy [\cmpy(c_xdevicefamily="artix7",a...]
Compiling architecture xilinx of entity xfft_v9_1_5.shift_ram [\shift_ram(c_xdevicefamily="arti...]
Compiling architecture xilinx of entity xfft_v9_1_5.logic_gate [\logic_gate(c_xdevicefamily="art...]
Compiling architecture rtl of entity c_addsub_v12_0_14.c_addsub_v12_0_14_lut6_legacy [\c_addsub_v12_0_14_lut6_legacy(c...]
Compiling architecture synth of entity c_addsub_v12_0_14.c_addsub_v12_0_14_fabric_legacy [\c_addsub_v12_0_14_fabric_legacy...]
Compiling architecture synth of entity c_addsub_v12_0_14.c_addsub_v12_0_14_legacy [\c_addsub_v12_0_14_legacy(c_fami...]
Compiling architecture synth of entity c_addsub_v12_0_14.c_addsub_v12_0_14_viv [\c_addsub_v12_0_14_viv(c_xdevice...]
Compiling architecture xilinx of entity xfft_v9_1_5.unbiased_round [\unbiased_round(c_xdevicefamily=...]
Compiling architecture struct of entity c_shift_ram_v12_0_14.c_shift_ram_v12_0_14_legacy [\c_shift_ram_v12_0_14_legacy(c_x...]
Compiling architecture synth of entity c_shift_ram_v12_0_14.c_shift_ram_v12_0_14_viv [\c_shift_ram_v12_0_14_viv(c_xdev...]
Compiling architecture xilinx of entity xfft_v9_1_5.shift_ram [\shift_ram(c_xdevicefamily="arti...]
Compiling architecture xilinx of entity xfft_v9_1_5.shift_ram [\shift_ram(c_xdevicefamily="arti...]
Compiling architecture xilinx of entity xfft_v9_1_5.r22_pe [\r22_pe(c_xdevicefamily="artix7"...]
Compiling architecture xilinx of entity xfft_v9_1_5.r22_cnt_ctrl [\r22_cnt_ctrl(c_xdevicefamily="a...]
Compiling architecture xilinx of entity xfft_v9_1_5.r22_cnt_ctrl [\r22_cnt_ctrl(c_xdevicefamily="a...]
Compiling architecture struct of entity c_shift_ram_v12_0_14.c_shift_ram_v12_0_14_legacy [\c_shift_ram_v12_0_14_legacy(c_x...]
Compiling architecture synth of entity c_shift_ram_v12_0_14.c_shift_ram_v12_0_14_viv [\c_shift_ram_v12_0_14_viv(c_xdev...]
Compiling architecture xilinx of entity xfft_v9_1_5.shift_ram [\shift_ram(c_xdevicefamily="arti...]
Compiling architecture struct of entity c_shift_ram_v12_0_14.c_shift_ram_v12_0_14_legacy [\c_shift_ram_v12_0_14_legacy(c_x...]
Compiling architecture synth of entity c_shift_ram_v12_0_14.c_shift_ram_v12_0_14_viv [\c_shift_ram_v12_0_14_viv(c_xdev...]
Compiling architecture xilinx of entity xfft_v9_1_5.shift_ram [\shift_ram(c_xdevicefamily="arti...]
Compiling architecture struct of entity c_shift_ram_v12_0_14.c_shift_ram_v12_0_14_legacy [\c_shift_ram_v12_0_14_legacy(c_x...]
Compiling architecture synth of entity c_shift_ram_v12_0_14.c_shift_ram_v12_0_14_viv [\c_shift_ram_v12_0_14_viv(c_xdev...]
Compiling architecture xilinx of entity xfft_v9_1_5.shift_ram [\shift_ram(c_xdevicefamily="arti...]
Compiling architecture struct of entity c_shift_ram_v12_0_14.c_shift_ram_v12_0_14_legacy [\c_shift_ram_v12_0_14_legacy(c_x...]
Compiling architecture synth of entity c_shift_ram_v12_0_14.c_shift_ram_v12_0_14_viv [\c_shift_ram_v12_0_14_viv(c_xdev...]
Compiling architecture xilinx of entity xfft_v9_1_5.shift_ram [\shift_ram(c_xdevicefamily="arti...]
Compiling architecture structural of entity c_reg_fd_v12_0_6.c_reg_fd_v12_0_6_viv [\c_reg_fd_v12_0_6_viv(c_width=22...]
Compiling architecture rtl of entity c_addsub_v12_0_14.c_addsub_v12_0_14_lut6_legacy [\c_addsub_v12_0_14_lut6_legacy(c...]
Compiling architecture synth of entity c_addsub_v12_0_14.c_addsub_v12_0_14_fabric_legacy [\c_addsub_v12_0_14_fabric_legacy...]
Compiling architecture synth of entity c_addsub_v12_0_14.c_addsub_v12_0_14_legacy [\c_addsub_v12_0_14_legacy(c_fami...]
Compiling architecture synth of entity c_addsub_v12_0_14.c_addsub_v12_0_14_viv [\c_addsub_v12_0_14_viv(c_xdevice...]
Compiling architecture xilinx of entity xfft_v9_1_5.adder [\adder(c_xdevicefamily="artix7",...]
Compiling architecture xilinx of entity xfft_v9_1_5.shift_ram [\shift_ram(c_xdevicefamily="arti...]
Compiling architecture xilinx of entity xfft_v9_1_5.shift_ram [\shift_ram(c_xdevicefamily="arti...]
Compiling architecture xilinx of entity xfft_v9_1_5.mux_bus2 [\mux_bus2(c_xdevicefamily="artix...]
Compiling architecture xilinx of entity xfft_v9_1_5.r22_bf_sp [\r22_bf_sp(c_xdevicefamily="arti...]
Compiling architecture synth of entity xfft_v9_1_5.r22_twos_comp_mux [\r22_twos_comp_mux(c_xdevicefami...]
Compiling architecture synth of entity xfft_v9_1_5.r22_twos_comp_mux [\r22_twos_comp_mux(c_xdevicefami...]
Compiling architecture structural of entity c_reg_fd_v12_0_6.c_reg_fd_v12_0_6_viv [\c_reg_fd_v12_0_6_viv(c_width=23...]
Compiling architecture rtl of entity c_addsub_v12_0_14.c_addsub_v12_0_14_lut6_legacy [\c_addsub_v12_0_14_lut6_legacy(c...]
Compiling architecture synth of entity c_addsub_v12_0_14.c_addsub_v12_0_14_fabric_legacy [\c_addsub_v12_0_14_fabric_legacy...]
Compiling architecture synth of entity c_addsub_v12_0_14.c_addsub_v12_0_14_legacy [\c_addsub_v12_0_14_legacy(c_fami...]
Compiling architecture synth of entity c_addsub_v12_0_14.c_addsub_v12_0_14_viv [\c_addsub_v12_0_14_viv(c_xdevice...]
Compiling architecture xilinx of entity xfft_v9_1_5.adder [\adder(c_xdevicefamily="artix7",...]
Compiling architecture xilinx of entity xfft_v9_1_5.shift_ram [\shift_ram(c_xdevicefamily="arti...]
Compiling architecture xilinx of entity xfft_v9_1_5.mux_bus2 [\mux_bus2(c_xdevicefamily="artix...]
Compiling architecture xilinx of entity xfft_v9_1_5.r22_bf_sp [\r22_bf_sp(c_xdevicefamily="arti...]
Compiling architecture xilinx of entity xfft_v9_1_5.shift_ram [\shift_ram(c_xdevicefamily="arti...]
Compiling architecture struct of entity c_shift_ram_v12_0_14.c_shift_ram_v12_0_14_legacy [\c_shift_ram_v12_0_14_legacy(c_x...]
Compiling architecture synth of entity c_shift_ram_v12_0_14.c_shift_ram_v12_0_14_viv [\c_shift_ram_v12_0_14_viv(c_xdev...]
Compiling architecture xilinx of entity xfft_v9_1_5.shift_ram [\shift_ram(c_xdevicefamily="arti...]
Compiling architecture structural of entity c_reg_fd_v12_0_6.c_reg_fd_v12_0_6_viv [\c_reg_fd_v12_0_6_viv(c_width=3,...]
Compiling architecture rtl of entity c_addsub_v12_0_14.c_addsub_v12_0_14_lut6_legacy [\c_addsub_v12_0_14_lut6_legacy(c...]
Compiling architecture synth of entity c_addsub_v12_0_14.c_addsub_v12_0_14_fabric_legacy [\c_addsub_v12_0_14_fabric_legacy...]
Compiling architecture synth of entity c_addsub_v12_0_14.c_addsub_v12_0_14_legacy [\c_addsub_v12_0_14_legacy(c_fami...]
Compiling architecture synth of entity c_addsub_v12_0_14.c_addsub_v12_0_14_viv [\c_addsub_v12_0_14_viv(c_xdevice...]
Compiling architecture xilinx of entity xfft_v9_1_5.adder [\adder(c_xdevicefamily="artix7",...]
Compiling architecture xilinx of entity xfft_v9_1_5.mux_bus4 [\mux_bus4(c_xdevicefamily="artix...]
Compiling architecture xilinx of entity xfft_v9_1_5.twgen_distmem [\twgen_distmem(theta_width=2,pip...]
Compiling architecture xilinx of entity xfft_v9_1_5.twiddle_gen [\twiddle_gen(c_xdevicefamily="ar...]
Compiling architecture xilinx of entity xfft_v9_1_5.r22_tw_gen [\r22_tw_gen(c_xdevicefamily="art...]
Compiling architecture xilinx of entity cmpy_v6_0_19.delay_line [\delay_line(c_xdevicefamily="art...]
Compiling architecture xilinx of entity mult_gen_v12_0_16.op_resize [\op_resize(ai_width=24,bi_width=...]
Compiling architecture xilinx of entity mult_gen_v12_0_16.dsp [\dsp(c_xdevicefamily="artix7",c_...]
Compiling architecture xilinx of entity cmpy_v6_0_19.cmpy_3_dsp48_mult [\cmpy_3_dsp48_mult(c_xdevicefami...]
Compiling architecture xilinx of entity cmpy_v6_0_19.delay_line [\delay_line(c_xdevicefamily="art...]
Compiling architecture xilinx of entity mult_gen_v12_0_16.op_resize [\op_resize(ai_width=23,bi_width=...]
Compiling architecture xilinx of entity mult_gen_v12_0_16.dsp [\dsp(c_xdevicefamily="artix7",c_...]
Compiling architecture xilinx of entity cmpy_v6_0_19.cmpy_3_dsp48_mult [\cmpy_3_dsp48_mult(c_xdevicefami...]
Compiling architecture xilinx of entity mult_gen_v12_0_16.dsp [\dsp(c_xdevicefamily="artix7",c_...]
Compiling architecture xilinx of entity cmpy_v6_0_19.cmpy_3_dsp48_mult [\cmpy_3_dsp48_mult(c_xdevicefami...]
Compiling architecture xilinx of entity cmpy_v6_0_19.input_negation [\input_negation(c_xdevicefamily=...]
Compiling architecture xilinx of entity cmpy_v6_0_19.delay_line [\delay_line(c_xdevicefamily="art...]
Compiling architecture xilinx of entity cmpy_v6_0_19.cmpy_3_dsp48 [\cmpy_3_dsp48(c_xdevicefamily="a...]
Compiling architecture xilinx of entity cmpy_v6_0_19.cmpy_v6_0_19_synth [\cmpy_v6_0_19_synth(c_xdevicefam...]
Compiling architecture xilinx of entity xfft_v9_1_5.cmpy [\cmpy(c_xdevicefamily="artix7",a...]
Compiling architecture xilinx of entity xfft_v9_1_5.shift_ram [\shift_ram(c_xdevicefamily="arti...]
Compiling architecture xilinx of entity xfft_v9_1_5.logic_gate [\logic_gate(c_xdevicefamily="art...]
Compiling architecture rtl of entity c_addsub_v12_0_14.c_addsub_v12_0_14_lut6_legacy [\c_addsub_v12_0_14_lut6_legacy(c...]
Compiling architecture synth of entity c_addsub_v12_0_14.c_addsub_v12_0_14_fabric_legacy [\c_addsub_v12_0_14_fabric_legacy...]
Compiling architecture synth of entity c_addsub_v12_0_14.c_addsub_v12_0_14_legacy [\c_addsub_v12_0_14_legacy(c_fami...]
Compiling architecture synth of entity c_addsub_v12_0_14.c_addsub_v12_0_14_viv [\c_addsub_v12_0_14_viv(c_xdevice...]
Compiling architecture xilinx of entity xfft_v9_1_5.unbiased_round [\unbiased_round(c_xdevicefamily=...]
Compiling architecture xilinx of entity xfft_v9_1_5.shift_ram [\shift_ram(c_xdevicefamily="arti...]
Compiling architecture xilinx of entity xfft_v9_1_5.shift_ram [\shift_ram(c_xdevicefamily="arti...]
Compiling architecture xilinx of entity xfft_v9_1_5.r22_pe [\r22_pe(c_xdevicefamily="artix7"...]
Compiling architecture structural of entity c_reg_fd_v12_0_6.c_reg_fd_v12_0_6_viv [\c_reg_fd_v12_0_6_viv(c_width=24...]
Compiling architecture rtl of entity c_addsub_v12_0_14.c_addsub_v12_0_14_lut6_legacy [\c_addsub_v12_0_14_lut6_legacy(c...]
Compiling architecture synth of entity c_addsub_v12_0_14.c_addsub_v12_0_14_fabric_legacy [\c_addsub_v12_0_14_fabric_legacy...]
Compiling architecture synth of entity c_addsub_v12_0_14.c_addsub_v12_0_14_legacy [\c_addsub_v12_0_14_legacy(c_fami...]
Compiling architecture synth of entity c_addsub_v12_0_14.c_addsub_v12_0_14_viv [\c_addsub_v12_0_14_viv(c_xdevice...]
Compiling architecture xilinx of entity xfft_v9_1_5.adder [\adder(c_xdevicefamily="artix7",...]
Compiling architecture xilinx of entity xfft_v9_1_5.shift_ram [\shift_ram(c_xdevicefamily="arti...]
Compiling architecture xilinx of entity xfft_v9_1_5.shift_ram [\shift_ram(c_xdevicefamily="arti...]
Compiling architecture xilinx of entity xfft_v9_1_5.mux_bus2 [\mux_bus2(c_xdevicefamily="artix...]
Compiling architecture xilinx of entity xfft_v9_1_5.r22_bf_sp [\r22_bf_sp(c_xdevicefamily="arti...]
Compiling architecture xilinx of entity xfft_v9_1_5.shift_ram [\shift_ram(c_xdevicefamily="arti...]
Compiling architecture xilinx of entity xfft_v9_1_5.shift_ram [\shift_ram(c_xdevicefamily="arti...]
Compiling architecture xilinx of entity xfft_v9_1_5.shift_ram [\shift_ram(c_xdevicefamily="arti...]
Compiling architecture xilinx of entity xfft_v9_1_5.r22_pe [\r22_pe(c_xdevicefamily="artix7"...]
Compiling architecture xilinx of entity xfft_v9_1_5.shift_ram [\shift_ram(c_xdevicefamily="arti...]
Compiling architecture xilinx of entity xfft_v9_1_5.shift_ram [\shift_ram(c_xdevicefamily="arti...]
Compiling architecture xilinx of entity xfft_v9_1_5.shift_ram [\shift_ram(c_xdevicefamily="arti...]
Compiling architecture xilinx of entity xfft_v9_1_5.shift_ram [\shift_ram(c_xdevicefamily="arti...]
Compiling architecture xilinx of entity xfft_v9_1_5.shift_ram [\shift_ram(c_xdevicefamily="arti...]
Compiling architecture synth of entity xfft_v9_1_5.r22_shift_decode [\r22_shift_decode(c_nfft_max=7,c...]
Compiling architecture muxf7_v of entity unisim.MUXF7 [muxf7_default]
Compiling architecture muxf8_v of entity unisim.MUXF8 [muxf8_default]
Compiling architecture xilinx of entity xfft_v9_1_5.mux_bus16 [\mux_bus16(c_xdevicefamily="arti...]
Compiling architecture xilinx of entity xfft_v9_1_5.r22_right_shift [\r22_right_shift(c_xdevicefamily...]
Compiling architecture xilinx of entity xfft_v9_1_5.shift_ram [\shift_ram(c_xdevicefamily="arti...]
Compiling architecture xilinx of entity xfft_v9_1_5.r22_var_unbiased_round [\r22_var_unbiased_round(c_xdevic...]
Compiling architecture xilinx of entity xfft_v9_1_5.shift_ram [\shift_ram(c_xdevicefamily="arti...]
Compiling architecture xilinx of entity xfft_v9_1_5.shift_ram [\shift_ram(c_xdevicefamily="arti...]
Compiling architecture xilinx of entity xfft_v9_1_5.shift_ram [\shift_ram(c_xdevicefamily="arti...]
Compiling architecture rb18_internal_vhdl_v of entity unisim.RB18_INTERNAL_VHDL [\RB18_INTERNAL_VHDL(bram_size=18...]
Compiling architecture ramb18e1_v of entity unisim.RAMB18E1 [\RAMB18E1(doa_reg=1,dob_reg=1,ra...]
Compiling architecture xilinx of entity xfft_v9_1_5.dpm [\dpm(c_xdevicefamily="artix7",wm...]
Compiling architecture xilinx of entity xfft_v9_1_5.r22_memory [\r22_memory(c_xdevicefamily="art...]
Compiling architecture xilinx of entity xfft_v9_1_5.shift_ram [\shift_ram(c_xdevicefamily="arti...]
Compiling architecture xilinx of entity xfft_v9_1_5.shift_ram [\shift_ram(c_xdevicefamily="arti...]
Compiling architecture xilinx of entity xfft_v9_1_5.shift_ram [\shift_ram(c_xdevicefamily="arti...]
Compiling architecture xilinx of entity xfft_v9_1_5.shift_ram [\shift_ram(c_xdevicefamily="arti...]
Compiling architecture xilinx of entity xfft_v9_1_5.r22_busy [\r22_busy(c_xdevicefamily="artix...]
Compiling architecture fdre_v of entity unisim.FDRE [fdre_default]
Compiling architecture muxcy_v of entity unisim.MUXCY [muxcy_default]
Compiling architecture xorcy_v of entity unisim.XORCY [xorcy_default]
Compiling architecture rtl of entity c_addsub_v12_0_14.c_addsub_v12_0_14_lut6_legacy [\c_addsub_v12_0_14_lut6_legacy(c...]
Compiling architecture synth of entity c_addsub_v12_0_14.c_addsub_v12_0_14_fabric_legacy [\c_addsub_v12_0_14_fabric_legacy...]
Compiling architecture synth of entity c_addsub_v12_0_14.c_addsub_v12_0_14_legacy [\c_addsub_v12_0_14_legacy(c_fami...]
Compiling architecture synth of entity c_addsub_v12_0_14.c_addsub_v12_0_14_viv [\c_addsub_v12_0_14_viv(c_xdevice...]
Compiling architecture xilinx of entity xfft_v9_1_5.logic_gate [\logic_gate(c_xdevicefamily="art...]
Compiling architecture fdse_v of entity unisim.FDSE [fdse_default]
Compiling architecture xilinx of entity xfft_v9_1_5.cnt_sat [\cnt_sat(c_xdevicefamily="artix7...]
Compiling architecture rtl of entity c_addsub_v12_0_14.c_addsub_v12_0_14_lut6_legacy [\c_addsub_v12_0_14_lut6_legacy(c...]
Compiling architecture synth of entity c_addsub_v12_0_14.c_addsub_v12_0_14_fabric_legacy [\c_addsub_v12_0_14_fabric_legacy...]
Compiling architecture synth of entity c_addsub_v12_0_14.c_addsub_v12_0_14_legacy [\c_addsub_v12_0_14_legacy(c_fami...]
Compiling architecture synth of entity c_addsub_v12_0_14.c_addsub_v12_0_14_viv [\c_addsub_v12_0_14_viv(c_xdevice...]
Compiling architecture xilinx of entity xfft_v9_1_5.logic_gate [\logic_gate(c_xdevicefamily="art...]
Compiling architecture xilinx of entity xfft_v9_1_5.cnt_sat [\cnt_sat(c_xdevicefamily="artix7...]
Compiling architecture rtl of entity c_addsub_v12_0_14.c_addsub_v12_0_14_lut6_legacy [\c_addsub_v12_0_14_lut6_legacy(c...]
Compiling architecture synth of entity c_addsub_v12_0_14.c_addsub_v12_0_14_fabric_legacy [\c_addsub_v12_0_14_fabric_legacy...]
Compiling architecture synth of entity c_addsub_v12_0_14.c_addsub_v12_0_14_legacy [\c_addsub_v12_0_14_legacy(c_fami...]
Compiling architecture synth of entity c_addsub_v12_0_14.c_addsub_v12_0_14_viv [\c_addsub_v12_0_14_viv(c_xdevice...]
Compiling architecture xilinx of entity xfft_v9_1_5.logic_gate [\logic_gate(c_xdevicefamily="art...]
Compiling architecture xilinx of entity xfft_v9_1_5.cnt_sat [\cnt_sat(c_xdevicefamily="artix7...]
Compiling architecture xilinx of entity xfft_v9_1_5.logic_gate [\logic_gate(c_xdevicefamily="art...]
Compiling architecture xilinx of entity xfft_v9_1_5.cnt_sat [\cnt_sat(c_xdevicefamily="artix7...]
Compiling architecture rtl of entity c_addsub_v12_0_14.c_addsub_v12_0_14_lut6_legacy [\c_addsub_v12_0_14_lut6_legacy(c...]
Compiling architecture synth of entity c_addsub_v12_0_14.c_addsub_v12_0_14_fabric_legacy [\c_addsub_v12_0_14_fabric_legacy...]
Compiling architecture synth of entity c_addsub_v12_0_14.c_addsub_v12_0_14_legacy [\c_addsub_v12_0_14_legacy(c_fami...]
Compiling architecture synth of entity c_addsub_v12_0_14.c_addsub_v12_0_14_viv [\c_addsub_v12_0_14_viv(c_xdevice...]
Compiling architecture xilinx of entity xfft_v9_1_5.logic_gate [\logic_gate(c_xdevicefamily="art...]
Compiling architecture xilinx of entity xfft_v9_1_5.cnt_sat [\cnt_sat(c_xdevicefamily="artix7...]
Compiling architecture structural of entity c_reg_fd_v12_0_6.c_reg_fd_v12_0_6_viv [\c_reg_fd_v12_0_6_viv(c_width=7,...]
Compiling architecture rtl of entity c_addsub_v12_0_14.c_addsub_v12_0_14_lut6_legacy [\c_addsub_v12_0_14_lut6_legacy(c...]
Compiling architecture synth of entity c_addsub_v12_0_14.c_addsub_v12_0_14_fabric_legacy [\c_addsub_v12_0_14_fabric_legacy...]
Compiling architecture synth of entity c_addsub_v12_0_14.c_addsub_v12_0_14_legacy [\c_addsub_v12_0_14_legacy(c_fami...]
Compiling architecture synth of entity c_addsub_v12_0_14.c_addsub_v12_0_14_viv [\c_addsub_v12_0_14_viv(c_xdevice...]
Compiling architecture lut6_v of entity unisim.LUT6 [\LUT6(init="10010000000010010000...]
Compiling architecture xilinx of entity xfft_v9_1_5.equ_rtl [\equ_rtl(c_xdevicefamily="artix7...]
Compiling architecture xilinx of entity xfft_v9_1_5.cnt_tc_rtl_a [\cnt_tc_rtl_a(c_xdevicefamily="a...]
Compiling architecture struct of entity c_shift_ram_v12_0_14.c_shift_ram_v12_0_14_legacy [\c_shift_ram_v12_0_14_legacy(c_x...]
Compiling architecture synth of entity c_shift_ram_v12_0_14.c_shift_ram_v12_0_14_viv [\c_shift_ram_v12_0_14_viv(c_xdev...]
Compiling architecture xilinx of entity xfft_v9_1_5.shift_ram [\shift_ram(c_xdevicefamily="arti...]
Compiling architecture xilinx of entity xfft_v9_1_5.r22_flow_ctrl [\r22_flow_ctrl(c_xdevicefamily="...]
Compiling architecture lut3_v of entity unisim.LUT3 [\LUT3(init="10101110")(0,7)\]
Compiling architecture xilinx of entity xfft_v9_1_5.r22_cnt_ctrl [\r22_cnt_ctrl(c_xdevicefamily="a...]
Compiling architecture srl16e_v of entity unisim.SRL16E [\SRL16E(0,15)\]
Compiling architecture xilinx of entity xfft_v9_1_5.shift_ram [\shift_ram(c_xdevicefamily="arti...]
Compiling architecture fdr_v of entity unisim.FDR [fdr_default]
Compiling architecture xilinx of entity xfft_v9_1_5.shift_ram [\shift_ram(c_xdevicefamily="arti...]
Compiling architecture xilinx of entity xfft_v9_1_5.shift_ram [\shift_ram(c_xdevicefamily="arti...]
Compiling architecture xilinx of entity xfft_v9_1_5.xfft_v9_1_5_d [\xfft_v9_1_5_d(c_xdevicefamily="...]
Compiling architecture synth of entity xfft_v9_1_5.xfft_v9_1_5_core [\xfft_v9_1_5_core(c_xdevicefamil...]
Compiling architecture synth of entity xfft_v9_1_5.xfft_v9_1_5_viv [\xfft_v9_1_5_viv(c_xdevicefamily...]
Compiling architecture xilinx of entity xfft_v9_1_5.xfft_v9_1_5 [\xfft_v9_1_5(c_xdevicefamily="ar...]
Compiling architecture xfft_0_arch of entity xil_defaultlib.xfft_0 [xfft_0_default]
Compiling architecture synth of entity xbip_pipe_v3_0_6.xbip_pipe_v3_0_6_viv [\xbip_pipe_v3_0_6_viv(c_latency=...]
Compiling architecture struct_all of entity cordic_v6_0_16.delay [\delay(delay_len=0,family="artix...]
Compiling architecture rtl of entity c_addsub_v12_0_14.c_addsub_v12_0_14_lut6_legacy [\c_addsub_v12_0_14_lut6_legacy(c...]
Compiling architecture synth of entity c_addsub_v12_0_14.c_addsub_v12_0_14_fabric_legacy [\c_addsub_v12_0_14_fabric_legacy...]
Compiling architecture synth of entity c_addsub_v12_0_14.c_addsub_v12_0_14_legacy [\c_addsub_v12_0_14_legacy(c_fami...]
Compiling architecture synth of entity c_addsub_v12_0_14.c_addsub_v12_0_14_viv [\c_addsub_v12_0_14_viv(c_xdevice...]
Compiling architecture synth of entity cordic_v6_0_16.addsub [\addsub(family="artix7",add_mode...]
Compiling architecture struct_all of entity cordic_v6_0_16.delay [\delay(delay_len=0,family="artix...]
Compiling architecture struct_all of entity cordic_v6_0_16.delay [\delay(delay_len=4,family="artix...]
Compiling architecture synth of entity cordic_v6_0_16.cordic_sqrt_mod [\cordic_sqrt_mod(p_xdevicefamily...]
Compiling architecture struct_all of entity cordic_v6_0_16.delay [\delay(delay_len=1,family="artix...]
Compiling architecture rtl of entity c_addsub_v12_0_14.c_addsub_v12_0_14_lut6_legacy [\c_addsub_v12_0_14_lut6_legacy(c...]
Compiling architecture synth of entity c_addsub_v12_0_14.c_addsub_v12_0_14_fabric_legacy [\c_addsub_v12_0_14_fabric_legacy...]
Compiling architecture synth of entity c_addsub_v12_0_14.c_addsub_v12_0_14_legacy [\c_addsub_v12_0_14_legacy(c_fami...]
Compiling architecture synth of entity c_addsub_v12_0_14.c_addsub_v12_0_14_viv [\c_addsub_v12_0_14_viv(c_xdevice...]
Compiling architecture synth of entity cordic_v6_0_16.addsub [\addsub(family="artix7",add_mode...]
Compiling architecture struct_all of entity cordic_v6_0_16.delay [\delay(delay_len=1,family="artix...]
Compiling architecture synth of entity cordic_v6_0_16.cordic_sqrt_mod [\cordic_sqrt_mod(p_xdevicefamily...]
Compiling architecture struct_all of entity cordic_v6_0_16.delay [\delay(delay_len=1,family="artix...]
Compiling architecture rtl of entity c_addsub_v12_0_14.c_addsub_v12_0_14_lut6_legacy [\c_addsub_v12_0_14_lut6_legacy(c...]
Compiling architecture synth of entity c_addsub_v12_0_14.c_addsub_v12_0_14_fabric_legacy [\c_addsub_v12_0_14_fabric_legacy...]
Compiling architecture synth of entity c_addsub_v12_0_14.c_addsub_v12_0_14_legacy [\c_addsub_v12_0_14_legacy(c_fami...]
Compiling architecture synth of entity c_addsub_v12_0_14.c_addsub_v12_0_14_viv [\c_addsub_v12_0_14_viv(c_xdevice...]
Compiling architecture synth of entity cordic_v6_0_16.addsub [\addsub(family="artix7",add_mode...]
Compiling architecture struct_all of entity cordic_v6_0_16.delay [\delay(delay_len=1,family="artix...]
Compiling architecture struct_all of entity cordic_v6_0_16.delay [\delay(delay_len=3,family="artix...]
Compiling architecture synth of entity cordic_v6_0_16.cordic_sqrt_mod [\cordic_sqrt_mod(p_xdevicefamily...]
Compiling architecture struct_all of entity cordic_v6_0_16.delay [\delay(delay_len=0,family="artix...]
Compiling architecture rtl of entity c_addsub_v12_0_14.c_addsub_v12_0_14_lut6_legacy [\c_addsub_v12_0_14_lut6_legacy(c...]
Compiling architecture synth of entity c_addsub_v12_0_14.c_addsub_v12_0_14_fabric_legacy [\c_addsub_v12_0_14_fabric_legacy...]
Compiling architecture synth of entity c_addsub_v12_0_14.c_addsub_v12_0_14_legacy [\c_addsub_v12_0_14_legacy(c_fami...]
Compiling architecture synth of entity c_addsub_v12_0_14.c_addsub_v12_0_14_viv [\c_addsub_v12_0_14_viv(c_xdevice...]
Compiling architecture synth of entity cordic_v6_0_16.addsub [\addsub(family="artix7",add_mode...]
Compiling architecture struct_all of entity cordic_v6_0_16.delay [\delay(delay_len=0,family="artix...]
Compiling architecture struct_all of entity cordic_v6_0_16.delay [\delay(delay_len=5,family="artix...]
Compiling architecture synth of entity cordic_v6_0_16.cordic_sqrt_mod [\cordic_sqrt_mod(p_xdevicefamily...]
Compiling architecture struct_all of entity cordic_v6_0_16.delay [\delay(delay_len=0,family="artix...]
Compiling architecture rtl of entity c_addsub_v12_0_14.c_addsub_v12_0_14_lut6_legacy [\c_addsub_v12_0_14_lut6_legacy(c...]
Compiling architecture synth of entity c_addsub_v12_0_14.c_addsub_v12_0_14_fabric_legacy [\c_addsub_v12_0_14_fabric_legacy...]
Compiling architecture synth of entity c_addsub_v12_0_14.c_addsub_v12_0_14_legacy [\c_addsub_v12_0_14_legacy(c_fami...]
Compiling architecture synth of entity c_addsub_v12_0_14.c_addsub_v12_0_14_viv [\c_addsub_v12_0_14_viv(c_xdevice...]
Compiling architecture synth of entity cordic_v6_0_16.addsub [\addsub(family="artix7",add_mode...]
Compiling architecture struct_all of entity cordic_v6_0_16.delay [\delay(delay_len=0,family="artix...]
Compiling architecture synth of entity cordic_v6_0_16.cordic_sqrt_mod [\cordic_sqrt_mod(p_xdevicefamily...]
Compiling architecture struct_all of entity cordic_v6_0_16.delay [\delay(delay_len=1,family="artix...]
Compiling architecture rtl of entity c_addsub_v12_0_14.c_addsub_v12_0_14_lut6_legacy [\c_addsub_v12_0_14_lut6_legacy(c...]
Compiling architecture synth of entity c_addsub_v12_0_14.c_addsub_v12_0_14_fabric_legacy [\c_addsub_v12_0_14_fabric_legacy...]
Compiling architecture synth of entity c_addsub_v12_0_14.c_addsub_v12_0_14_legacy [\c_addsub_v12_0_14_legacy(c_fami...]
Compiling architecture synth of entity c_addsub_v12_0_14.c_addsub_v12_0_14_viv [\c_addsub_v12_0_14_viv(c_xdevice...]
Compiling architecture synth of entity cordic_v6_0_16.addsub [\addsub(family="artix7",add_mode...]
Compiling architecture struct_all of entity cordic_v6_0_16.delay [\delay(delay_len=1,family="artix...]
Compiling architecture synth of entity cordic_v6_0_16.cordic_sqrt_mod [\cordic_sqrt_mod(p_xdevicefamily...]
Compiling architecture struct_all of entity cordic_v6_0_16.delay [\delay(delay_len=1,family="artix...]
Compiling architecture rtl of entity c_addsub_v12_0_14.c_addsub_v12_0_14_lut6_legacy [\c_addsub_v12_0_14_lut6_legacy(c...]
Compiling architecture synth of entity c_addsub_v12_0_14.c_addsub_v12_0_14_fabric_legacy [\c_addsub_v12_0_14_fabric_legacy...]
Compiling architecture synth of entity c_addsub_v12_0_14.c_addsub_v12_0_14_legacy [\c_addsub_v12_0_14_legacy(c_fami...]
Compiling architecture synth of entity c_addsub_v12_0_14.c_addsub_v12_0_14_viv [\c_addsub_v12_0_14_viv(c_xdevice...]
Compiling architecture synth of entity cordic_v6_0_16.addsub [\addsub(family="artix7",add_mode...]
Compiling architecture struct_all of entity cordic_v6_0_16.delay [\delay(delay_len=1,family="artix...]
Compiling architecture struct_all of entity cordic_v6_0_16.delay [\delay(delay_len=2,family="artix...]
Compiling architecture synth of entity cordic_v6_0_16.cordic_sqrt_mod [\cordic_sqrt_mod(p_xdevicefamily...]
Compiling architecture struct_all of entity cordic_v6_0_16.delay [\delay(delay_len=0,family="artix...]
Compiling architecture rtl of entity c_addsub_v12_0_14.c_addsub_v12_0_14_lut6_legacy [\c_addsub_v12_0_14_lut6_legacy(c...]
Compiling architecture synth of entity c_addsub_v12_0_14.c_addsub_v12_0_14_fabric_legacy [\c_addsub_v12_0_14_fabric_legacy...]
Compiling architecture synth of entity c_addsub_v12_0_14.c_addsub_v12_0_14_legacy [\c_addsub_v12_0_14_legacy(c_fami...]
Compiling architecture synth of entity c_addsub_v12_0_14.c_addsub_v12_0_14_viv [\c_addsub_v12_0_14_viv(c_xdevice...]
Compiling architecture synth of entity cordic_v6_0_16.addsub [\addsub(family="artix7",add_mode...]
Compiling architecture struct_all of entity cordic_v6_0_16.delay [\delay(delay_len=0,family="artix...]
Compiling architecture struct_all of entity cordic_v6_0_16.delay [\delay(delay_len=6,family="artix...]
Compiling architecture synth of entity cordic_v6_0_16.cordic_sqrt_mod [\cordic_sqrt_mod(p_xdevicefamily...]
Compiling architecture struct_all of entity cordic_v6_0_16.delay [\delay(delay_len=0,family="artix...]
Compiling architecture rtl of entity c_addsub_v12_0_14.c_addsub_v12_0_14_lut6_legacy [\c_addsub_v12_0_14_lut6_legacy(c...]
Compiling architecture synth of entity c_addsub_v12_0_14.c_addsub_v12_0_14_fabric_legacy [\c_addsub_v12_0_14_fabric_legacy...]
Compiling architecture synth of entity c_addsub_v12_0_14.c_addsub_v12_0_14_legacy [\c_addsub_v12_0_14_legacy(c_fami...]
Compiling architecture synth of entity c_addsub_v12_0_14.c_addsub_v12_0_14_viv [\c_addsub_v12_0_14_viv(c_xdevice...]
Compiling architecture synth of entity cordic_v6_0_16.addsub [\addsub(family="artix7",add_mode...]
Compiling architecture struct_all of entity cordic_v6_0_16.delay [\delay(delay_len=0,family="artix...]
Compiling architecture synth of entity cordic_v6_0_16.cordic_sqrt_mod [\cordic_sqrt_mod(p_xdevicefamily...]
Compiling architecture struct_all of entity cordic_v6_0_16.delay [\delay(delay_len=1,family="artix...]
Compiling architecture rtl of entity c_addsub_v12_0_14.c_addsub_v12_0_14_lut6_legacy [\c_addsub_v12_0_14_lut6_legacy(c...]
Compiling architecture synth of entity c_addsub_v12_0_14.c_addsub_v12_0_14_fabric_legacy [\c_addsub_v12_0_14_fabric_legacy...]
Compiling architecture synth of entity c_addsub_v12_0_14.c_addsub_v12_0_14_legacy [\c_addsub_v12_0_14_legacy(c_fami...]
Compiling architecture synth of entity c_addsub_v12_0_14.c_addsub_v12_0_14_viv [\c_addsub_v12_0_14_viv(c_xdevice...]
Compiling architecture synth of entity cordic_v6_0_16.addsub [\addsub(family="artix7",add_mode...]
Compiling architecture struct_all of entity cordic_v6_0_16.delay [\delay(delay_len=1,family="artix...]
Compiling architecture synth of entity cordic_v6_0_16.cordic_sqrt_mod [\cordic_sqrt_mod(p_xdevicefamily...]
Compiling architecture struct_all of entity cordic_v6_0_16.delay [\delay(delay_len=1,family="artix...]
Compiling architecture rtl of entity c_addsub_v12_0_14.c_addsub_v12_0_14_lut6_legacy [\c_addsub_v12_0_14_lut6_legacy(c...]
Compiling architecture synth of entity c_addsub_v12_0_14.c_addsub_v12_0_14_fabric_legacy [\c_addsub_v12_0_14_fabric_legacy...]
Compiling architecture synth of entity c_addsub_v12_0_14.c_addsub_v12_0_14_legacy [\c_addsub_v12_0_14_legacy(c_fami...]
Compiling architecture synth of entity c_addsub_v12_0_14.c_addsub_v12_0_14_viv [\c_addsub_v12_0_14_viv(c_xdevice...]
Compiling architecture synth of entity cordic_v6_0_16.addsub [\addsub(family="artix7",add_mode...]
Compiling architecture struct_all of entity cordic_v6_0_16.delay [\delay(delay_len=1,family="artix...]
Compiling architecture struct_all of entity cordic_v6_0_16.delay [\delay(delay_len=1,family="artix...]
Compiling architecture synth of entity cordic_v6_0_16.cordic_sqrt_mod [\cordic_sqrt_mod(p_xdevicefamily...]
Compiling architecture struct_all of entity cordic_v6_0_16.delay [\delay(delay_len=0,family="artix...]
Compiling architecture rtl of entity c_addsub_v12_0_14.c_addsub_v12_0_14_lut6_legacy [\c_addsub_v12_0_14_lut6_legacy(c...]
Compiling architecture synth of entity c_addsub_v12_0_14.c_addsub_v12_0_14_fabric_legacy [\c_addsub_v12_0_14_fabric_legacy...]
Compiling architecture synth of entity c_addsub_v12_0_14.c_addsub_v12_0_14_legacy [\c_addsub_v12_0_14_legacy(c_fami...]
Compiling architecture synth of entity c_addsub_v12_0_14.c_addsub_v12_0_14_viv [\c_addsub_v12_0_14_viv(c_xdevice...]
Compiling architecture synth of entity cordic_v6_0_16.addsub [\addsub(family="artix7",add_mode...]
Compiling architecture struct_all of entity cordic_v6_0_16.delay [\delay(delay_len=0,family="artix...]
Compiling architecture struct_all of entity cordic_v6_0_16.delay [\delay(delay_len=7,family="artix...]
Compiling architecture synth of entity cordic_v6_0_16.cordic_sqrt_mod [\cordic_sqrt_mod(p_xdevicefamily...]
Compiling architecture struct_all of entity cordic_v6_0_16.delay [\delay(delay_len=0,family="artix...]
Compiling architecture rtl of entity c_addsub_v12_0_14.c_addsub_v12_0_14_lut6_legacy [\c_addsub_v12_0_14_lut6_legacy(c...]
Compiling architecture synth of entity c_addsub_v12_0_14.c_addsub_v12_0_14_fabric_legacy [\c_addsub_v12_0_14_fabric_legacy...]
Compiling architecture synth of entity c_addsub_v12_0_14.c_addsub_v12_0_14_legacy [\c_addsub_v12_0_14_legacy(c_fami...]
Compiling architecture synth of entity c_addsub_v12_0_14.c_addsub_v12_0_14_viv [\c_addsub_v12_0_14_viv(c_xdevice...]
Compiling architecture synth of entity cordic_v6_0_16.addsub [\addsub(family="artix7",add_mode...]
Compiling architecture struct_all of entity cordic_v6_0_16.delay [\delay(delay_len=0,family="artix...]
Compiling architecture synth of entity cordic_v6_0_16.cordic_sqrt_mod [\cordic_sqrt_mod(p_xdevicefamily...]
Compiling architecture struct_all of entity cordic_v6_0_16.delay [\delay(delay_len=1,family="artix...]
Compiling architecture rtl of entity c_addsub_v12_0_14.c_addsub_v12_0_14_lut6_legacy [\c_addsub_v12_0_14_lut6_legacy(c...]
Compiling architecture synth of entity c_addsub_v12_0_14.c_addsub_v12_0_14_fabric_legacy [\c_addsub_v12_0_14_fabric_legacy...]
Compiling architecture synth of entity c_addsub_v12_0_14.c_addsub_v12_0_14_legacy [\c_addsub_v12_0_14_legacy(c_fami...]
Compiling architecture synth of entity c_addsub_v12_0_14.c_addsub_v12_0_14_viv [\c_addsub_v12_0_14_viv(c_xdevice...]
Compiling architecture synth of entity cordic_v6_0_16.addsub [\addsub(family="artix7",add_mode...]
Compiling architecture struct_all of entity cordic_v6_0_16.delay [\delay(delay_len=1,family="artix...]
Compiling architecture synth of entity cordic_v6_0_16.cordic_sqrt_mod [\cordic_sqrt_mod(p_xdevicefamily...]
Compiling architecture struct_all of entity cordic_v6_0_16.delay [\delay(delay_len=1,family="artix...]
Compiling architecture rtl of entity c_addsub_v12_0_14.c_addsub_v12_0_14_lut6_legacy [\c_addsub_v12_0_14_lut6_legacy(c...]
Compiling architecture synth of entity c_addsub_v12_0_14.c_addsub_v12_0_14_fabric_legacy [\c_addsub_v12_0_14_fabric_legacy...]
Compiling architecture synth of entity c_addsub_v12_0_14.c_addsub_v12_0_14_legacy [\c_addsub_v12_0_14_legacy(c_fami...]
Compiling architecture synth of entity c_addsub_v12_0_14.c_addsub_v12_0_14_viv [\c_addsub_v12_0_14_viv(c_xdevice...]
Compiling architecture synth of entity cordic_v6_0_16.addsub [\addsub(family="artix7",add_mode...]
Compiling architecture struct_all of entity cordic_v6_0_16.delay [\delay(delay_len=1,family="artix...]
Compiling architecture struct_all of entity cordic_v6_0_16.delay [\delay(delay_len=0,family="artix...]
Compiling architecture synth of entity cordic_v6_0_16.cordic_sqrt_mod [\cordic_sqrt_mod(p_xdevicefamily...]
Compiling architecture structural of entity c_reg_fd_v12_0_6.c_reg_fd_v12_0_6_viv [\c_reg_fd_v12_0_6_viv(c_width=19...]
Compiling architecture rtl of entity c_addsub_v12_0_14.c_addsub_v12_0_14_lut6_legacy [\c_addsub_v12_0_14_lut6_legacy(c...]
Compiling architecture synth of entity c_addsub_v12_0_14.c_addsub_v12_0_14_fabric_legacy [\c_addsub_v12_0_14_fabric_legacy...]
Compiling architecture synth of entity c_addsub_v12_0_14.c_addsub_v12_0_14_legacy [\c_addsub_v12_0_14_legacy(c_fami...]
Compiling architecture synth of entity c_addsub_v12_0_14.c_addsub_v12_0_14_viv [\c_addsub_v12_0_14_viv(c_xdevice...]
Compiling architecture synth of entity cordic_v6_0_16.addsub [\addsub(family="artix7",add_mode...]
Compiling architecture rtl of entity c_addsub_v12_0_14.c_addsub_v12_0_14_lut6_legacy [\c_addsub_v12_0_14_lut6_legacy(c...]
Compiling architecture synth of entity c_addsub_v12_0_14.c_addsub_v12_0_14_fabric_legacy [\c_addsub_v12_0_14_fabric_legacy...]
Compiling architecture synth of entity c_addsub_v12_0_14.c_addsub_v12_0_14_legacy [\c_addsub_v12_0_14_legacy(c_fami...]
Compiling architecture synth of entity c_addsub_v12_0_14.c_addsub_v12_0_14_viv [\c_addsub_v12_0_14_viv(c_xdevice...]
Compiling architecture synth of entity cordic_v6_0_16.addsub [\addsub(family="artix7",add_mode...]
Compiling architecture struct_all of entity cordic_v6_0_16.delay [\delay(delay_len=0,family="artix...]
Compiling architecture struct_all of entity cordic_v6_0_16.delay [\delay(delay_len=8,family="artix...]
Compiling architecture synth of entity cordic_v6_0_16.cordic_sqrt_mod [\cordic_sqrt_mod(p_xdevicefamily...]
Compiling architecture struct_all of entity cordic_v6_0_16.delay [\delay(delay_len=0,family="artix...]
Compiling architecture struct_all of entity cordic_v6_0_16.delay_bit [\delay_bit(delay_len=0,family="a...]
Compiling architecture struct_all of entity cordic_v6_0_16.delay_bit [\delay_bit(delay_len=8,family="a...]
Compiling architecture synth of entity cordic_v6_0_16.cordic_sqrt [\cordic_sqrt(p_xdevicefamily="ar...]
Compiling architecture synth of entity cordic_v6_0_16.cordic_v6_0_16_synth [\cordic_v6_0_16_synth(c_architec...]
Compiling architecture synth of entity cordic_v6_0_16.cordic_v6_0_16_viv [\cordic_v6_0_16_viv(c_architectu...]
Compiling architecture xilinx of entity cordic_v6_0_16.cordic_v6_0_16 [\cordic_v6_0_16(c_architecture=2...]
Compiling architecture cordic_0_arch of entity xil_defaultlib.cordic_0 [cordic_0_default]
Compiling module xil_defaultlib.data_modulus
Compiling module xil_defaultlib.ram_wr_ctrl
Compiling module blk_mem_gen_v8_4_4.blk_mem_gen_v8_4_4_output_stage(...
Compiling module blk_mem_gen_v8_4_4.blk_mem_gen_v8_4_4_softecc_outpu...
Compiling module blk_mem_gen_v8_4_4.blk_mem_gen_v8_4_4_mem_module(C_...
Compiling module blk_mem_gen_v8_4_4.blk_mem_gen_v8_4_4(C_FAMILY="art...
Compiling module xil_defaultlib.ram_4096x16
Compiling module xil_defaultlib.wave_freq
Compiling module xil_defaultlib.top
Compiling module xil_defaultlib.top_tb
Compiling module xil_defaultlib.glbl
Built simulation snapshot top_tb_behav
run_program: Time (s): cpu = 00:00:05 ; elapsed = 00:00:53 . Memory (MB): peak = 2697.137 ; gain = 0.000
INFO: [USF-XSim-69] 'elaborate' step finished in '52' seconds
INFO: [USF-XSim-4] XSim::Simulate design
INFO: [USF-XSim-61] Executing 'SIMULATE' step in 'C:/Users/sb/Desktop/git/jnu2023h/jnu2023h.sim/sim_1/behav/xsim'
INFO: [USF-XSim-98] *** Running xsim
   with args "top_tb_behav -key {Behavioral:sim_1:Functional:top_tb} -tclbatch {top_tb.tcl} -log {simulate.log}"
INFO: [USF-XSim-8] Loading simulator feature
Vivado Simulator 2020.2
Time resolution is 1 ps
source top_tb.tcl
# set curr_wave [current_wave_config]
# if { [string length $curr_wave] == 0 } {
#   if { [llength [get_objects]] > 0} {
#     add_wave /
#     set_property needs_save false [current_wave_config]
#   } else {
#      send_msg_id Add_Wave-1 WARNING "No top level signals found. Simulator will start without a wave window. If you want to open a wave window go to 'File->New Waveform Configuration' or type 'create_wave_config' in the TCL console."
#   }
# }
# run 1000ns
 Block Memory Generator module loading initial data...
 Block Memory Generator data initialization complete.
Block Memory Generator module top_tb.u_dds.u_rom_1000x8b1.inst.\native_mem_module.blk_mem_gen_v8_4_4_inst  is using a behavioral model for simulation which will not precisely model memory collision behavior.
 Block Memory Generator module loading initial data...
 Block Memory Generator data initialization complete.
Block Memory Generator module top_tb.u_dds.u_rom_1000x8b2.inst.\native_mem_module.blk_mem_gen_v8_4_4_inst  is using a behavioral model for simulation which will not precisely model memory collision behavior.
Block Memory Generator module top_tb.u_top.u_ram_4096x16.inst.\native_mem_module.blk_mem_gen_v8_4_4_inst  is using a behavioral model for simulation which will not precisely model memory collision behavior.
 Block Memory Generator module loading initial data...
 Block Memory Generator data initialization complete.
Block Memory Generator module top_tb.u_top.u_dds.u_rom_1000x8b1.inst.\native_mem_module.blk_mem_gen_v8_4_4_inst  is using a behavioral model for simulation which will not precisely model memory collision behavior.
 Block Memory Generator module loading initial data...
 Block Memory Generator data initialization complete.
Block Memory Generator module top_tb.u_top.u_dds.u_rom_1000x8b2.inst.\native_mem_module.blk_mem_gen_v8_4_4_inst  is using a behavioral model for simulation which will not precisely model memory collision behavior.
INFO: [USF-XSim-96] XSim completed. Design snapshot 'top_tb_behav' loaded.
INFO: [USF-XSim-97] XSim simulation ran for 1000ns
launch_simulation: Time (s): cpu = 00:00:11 ; elapsed = 00:01:00 . Memory (MB): peak = 2697.137 ; gain = 0.000
run 10 us
run 10 us
run 10 ms
blk_mem_gen_v8_4_4 collision detected at time: 1537290000, Instance: top_tb.u_top.u_ram_4096x16.inst.\native_mem_module.blk_mem_gen_v8_4_4_inst , A write address: 7f, B  read address: 7f
blk_mem_gen_v8_4_4 collision detected at time: 1537310000, Instance: top_tb.u_top.u_ram_4096x16.inst.\native_mem_module.blk_mem_gen_v8_4_4_inst , A write address: 7f, B  read address: 7f
blk_mem_gen_v8_4_4 collision detected at time: 1537330000, Instance: top_tb.u_top.u_ram_4096x16.inst.\native_mem_module.blk_mem_gen_v8_4_4_inst , A write address: 7f, B  read address: 7f
blk_mem_gen_v8_4_4 collision detected at time: 1537350000, Instance: top_tb.u_top.u_ram_4096x16.inst.\native_mem_module.blk_mem_gen_v8_4_4_inst , A write address: 7f, B  read address: 7f
blk_mem_gen_v8_4_4 collision detected at time: 1537370000, Instance: top_tb.u_top.u_ram_4096x16.inst.\native_mem_module.blk_mem_gen_v8_4_4_inst , A write address: 7f, B  read address: 7f
blk_mem_gen_v8_4_4 collision detected at time: 1537390000, Instance: top_tb.u_top.u_ram_4096x16.inst.\native_mem_module.blk_mem_gen_v8_4_4_inst , A write address: 7f, B  read address: 7f
blk_mem_gen_v8_4_4 collision detected at time: 1537410000, Instance: top_tb.u_top.u_ram_4096x16.inst.\native_mem_module.blk_mem_gen_v8_4_4_inst , A write address: 7f, B  read address: 7f
blk_mem_gen_v8_4_4 collision detected at time: 1537430000, Instance: top_tb.u_top.u_ram_4096x16.inst.\native_mem_module.blk_mem_gen_v8_4_4_inst , A write address: 7f, B  read address: 7f
blk_mem_gen_v8_4_4 collision detected at time: 1537450000, Instance: top_tb.u_top.u_ram_4096x16.inst.\native_mem_module.blk_mem_gen_v8_4_4_inst , A write address: 7f, B  read address: 7f
blk_mem_gen_v8_4_4 collision detected at time: 1537470000, Instance: top_tb.u_top.u_ram_4096x16.inst.\native_mem_module.blk_mem_gen_v8_4_4_inst , A write address: 7f, B  read address: 7f
blk_mem_gen_v8_4_4 collision detected at time: 1537490000, Instance: top_tb.u_top.u_ram_4096x16.inst.\native_mem_module.blk_mem_gen_v8_4_4_inst , A write address: 7f, B  read address: 7f
blk_mem_gen_v8_4_4 collision detected at time: 1537510000, Instance: top_tb.u_top.u_ram_4096x16.inst.\native_mem_module.blk_mem_gen_v8_4_4_inst , A write address: 7f, B  read address: 7f
blk_mem_gen_v8_4_4 collision detected at time: 1537530000, Instance: top_tb.u_top.u_ram_4096x16.inst.\native_mem_module.blk_mem_gen_v8_4_4_inst , A write address: 7f, B  read address: 7f
blk_mem_gen_v8_4_4 collision detected at time: 1537550000, Instance: top_tb.u_top.u_ram_4096x16.inst.\native_mem_module.blk_mem_gen_v8_4_4_inst , A write address: 7f, B  read address: 7f
blk_mem_gen_v8_4_4 collision detected at time: 1537570000, Instance: top_tb.u_top.u_ram_4096x16.inst.\native_mem_module.blk_mem_gen_v8_4_4_inst , A write address: 7f, B  read address: 7f
blk_mem_gen_v8_4_4 collision detected at time: 1537590000, Instance: top_tb.u_top.u_ram_4096x16.inst.\native_mem_module.blk_mem_gen_v8_4_4_inst , A write address: 7f, B  read address: 7f
blk_mem_gen_v8_4_4 collision detected at time: 1537610000, Instance: top_tb.u_top.u_ram_4096x16.inst.\native_mem_module.blk_mem_gen_v8_4_4_inst , A write address: 7f, B  read address: 7f
blk_mem_gen_v8_4_4 collision detected at time: 1537630000, Instance: top_tb.u_top.u_ram_4096x16.inst.\native_mem_module.blk_mem_gen_v8_4_4_inst , A write address: 7f, B  read address: 7f
blk_mem_gen_v8_4_4 collision detected at time: 1537650000, Instance: top_tb.u_top.u_ram_4096x16.inst.\native_mem_module.blk_mem_gen_v8_4_4_inst , A write address: 7f, B  read address: 7f
blk_mem_gen_v8_4_4 collision detected at time: 1537670000, Instance: top_tb.u_top.u_ram_4096x16.inst.\native_mem_module.blk_mem_gen_v8_4_4_inst , A write address: 7f, B  read address: 7f
blk_mem_gen_v8_4_4 collision detected at time: 1537690000, Instance: top_tb.u_top.u_ram_4096x16.inst.\native_mem_module.blk_mem_gen_v8_4_4_inst , A write address: 7f, B  read address: 7f
blk_mem_gen_v8_4_4 collision detected at time: 1537710000, Instance: top_tb.u_top.u_ram_4096x16.inst.\native_mem_module.blk_mem_gen_v8_4_4_inst , A write address: 7f, B  read address: 7f
blk_mem_gen_v8_4_4 collision detected at time: 1537730000, Instance: top_tb.u_top.u_ram_4096x16.inst.\native_mem_module.blk_mem_gen_v8_4_4_inst , A write address: 7f, B  read address: 7f
blk_mem_gen_v8_4_4 collision detected at time: 1537750000, Instance: top_tb.u_top.u_ram_4096x16.inst.\native_mem_module.blk_mem_gen_v8_4_4_inst , A write address: 7f, B  read address: 7f
blk_mem_gen_v8_4_4 collision detected at time: 1537770000, Instance: top_tb.u_top.u_ram_4096x16.inst.\native_mem_module.blk_mem_gen_v8_4_4_inst , A write address: 7f, B  read address: 7f
blk_mem_gen_v8_4_4 collision detected at time: 1537790000, Instance: top_tb.u_top.u_ram_4096x16.inst.\native_mem_module.blk_mem_gen_v8_4_4_inst , A write address: 7f, B  read address: 7f
blk_mem_gen_v8_4_4 collision detected at time: 1537810000, Instance: top_tb.u_top.u_ram_4096x16.inst.\native_mem_module.blk_mem_gen_v8_4_4_inst , A write address: 7f, B  read address: 7f
blk_mem_gen_v8_4_4 collision detected at time: 1537830000, Instance: top_tb.u_top.u_ram_4096x16.inst.\native_mem_module.blk_mem_gen_v8_4_4_inst , A write address: 7f, B  read address: 7f
blk_mem_gen_v8_4_4 collision detected at time: 1537850000, Instance: top_tb.u_top.u_ram_4096x16.inst.\native_mem_module.blk_mem_gen_v8_4_4_inst , A write address: 7f, B  read address: 7f
blk_mem_gen_v8_4_4 collision detected at time: 1537870000, Instance: top_tb.u_top.u_ram_4096x16.inst.\native_mem_module.blk_mem_gen_v8_4_4_inst , A write address: 7f, B  read address: 7f
blk_mem_gen_v8_4_4 collision detected at time: 1537890000, Instance: top_tb.u_top.u_ram_4096x16.inst.\native_mem_module.blk_mem_gen_v8_4_4_inst , A write address: 7f, B  read address: 7f
blk_mem_gen_v8_4_4 collision detected at time: 1537910000, Instance: top_tb.u_top.u_ram_4096x16.inst.\native_mem_module.blk_mem_gen_v8_4_4_inst , A write address: 7f, B  read address: 7f
blk_mem_gen_v8_4_4 collision detected at time: 1537930000, Instance: top_tb.u_top.u_ram_4096x16.inst.\native_mem_module.blk_mem_gen_v8_4_4_inst , A write address: 7f, B  read address: 7f
blk_mem_gen_v8_4_4 collision detected at time: 1537950000, Instance: top_tb.u_top.u_ram_4096x16.inst.\native_mem_module.blk_mem_gen_v8_4_4_inst , A write address: 7f, B  read address: 7f
blk_mem_gen_v8_4_4 collision detected at time: 1537970000, Instance: top_tb.u_top.u_ram_4096x16.inst.\native_mem_module.blk_mem_gen_v8_4_4_inst , A write address: 7f, B  read address: 7f
blk_mem_gen_v8_4_4 collision detected at time: 1537990000, Instance: top_tb.u_top.u_ram_4096x16.inst.\native_mem_module.blk_mem_gen_v8_4_4_inst , A write address: 7f, B  read address: 7f
blk_mem_gen_v8_4_4 collision detected at time: 1538010000, Instance: top_tb.u_top.u_ram_4096x16.inst.\native_mem_module.blk_mem_gen_v8_4_4_inst , A write address: 7f, B  read address: 7f
blk_mem_gen_v8_4_4 collision detected at time: 1538030000, Instance: top_tb.u_top.u_ram_4096x16.inst.\native_mem_module.blk_mem_gen_v8_4_4_inst , A write address: 7f, B  read address: 7f
blk_mem_gen_v8_4_4 collision detected at time: 1538050000, Instance: top_tb.u_top.u_ram_4096x16.inst.\native_mem_module.blk_mem_gen_v8_4_4_inst , A write address: 7f, B  read address: 7f
blk_mem_gen_v8_4_4 collision detected at time: 1538070000, Instance: top_tb.u_top.u_ram_4096x16.inst.\native_mem_module.blk_mem_gen_v8_4_4_inst , A write address: 7f, B  read address: 7f
blk_mem_gen_v8_4_4 collision detected at time: 1538090000, Instance: top_tb.u_top.u_ram_4096x16.inst.\native_mem_module.blk_mem_gen_v8_4_4_inst , A write address: 7f, B  read address: 7f
blk_mem_gen_v8_4_4 collision detected at time: 1538110000, Instance: top_tb.u_top.u_ram_4096x16.inst.\native_mem_module.blk_mem_gen_v8_4_4_inst , A write address: 7f, B  read address: 7f
blk_mem_gen_v8_4_4 collision detected at time: 1538130000, Instance: top_tb.u_top.u_ram_4096x16.inst.\native_mem_module.blk_mem_gen_v8_4_4_inst , A write address: 7f, B  read address: 7f
blk_mem_gen_v8_4_4 collision detected at time: 1538150000, Instance: top_tb.u_top.u_ram_4096x16.inst.\native_mem_module.blk_mem_gen_v8_4_4_inst , A write address: 7f, B  read address: 7f
blk_mem_gen_v8_4_4 collision detected at time: 1538170000, Instance: top_tb.u_top.u_ram_4096x16.inst.\native_mem_module.blk_mem_gen_v8_4_4_inst , A write address: 7f, B  read address: 7f
blk_mem_gen_v8_4_4 collision detected at time: 1538190000, Instance: top_tb.u_top.u_ram_4096x16.inst.\native_mem_module.blk_mem_gen_v8_4_4_inst , A write address: 7f, B  read address: 7f
blk_mem_gen_v8_4_4 collision detected at time: 1538210000, Instance: top_tb.u_top.u_ram_4096x16.inst.\native_mem_module.blk_mem_gen_v8_4_4_inst , A write address: 7f, B  read address: 7f
blk_mem_gen_v8_4_4 collision detected at time: 1538230000, Instance: top_tb.u_top.u_ram_4096x16.inst.\native_mem_module.blk_mem_gen_v8_4_4_inst , A write address: 7f, B  read address: 7f
blk_mem_gen_v8_4_4 collision detected at time: 1538250000, Instance: top_tb.u_top.u_ram_4096x16.inst.\native_mem_module.blk_mem_gen_v8_4_4_inst , A write address: 7f, B  read address: 7f
blk_mem_gen_v8_4_4 collision detected at time: 1538270000, Instance: top_tb.u_top.u_ram_4096x16.inst.\native_mem_module.blk_mem_gen_v8_4_4_inst , A write address: 7f, B  read address: 7f
blk_mem_gen_v8_4_4 collision detected at time: 1538290000, Instance: top_tb.u_top.u_ram_4096x16.inst.\native_mem_module.blk_mem_gen_v8_4_4_inst , A write address: 7f, B  read address: 7f
blk_mem_gen_v8_4_4 collision detected at time: 1538310000, Instance: top_tb.u_top.u_ram_4096x16.inst.\native_mem_module.blk_mem_gen_v8_4_4_inst , A write address: 7f, B  read address: 7f
blk_mem_gen_v8_4_4 collision detected at time: 1538330000, Instance: top_tb.u_top.u_ram_4096x16.inst.\native_mem_module.blk_mem_gen_v8_4_4_inst , A write address: 7f, B  read address: 7f
blk_mem_gen_v8_4_4 collision detected at time: 1538350000, Instance: top_tb.u_top.u_ram_4096x16.inst.\native_mem_module.blk_mem_gen_v8_4_4_inst , A write address: 7f, B  read address: 7f
blk_mem_gen_v8_4_4 collision detected at time: 1538370000, Instance: top_tb.u_top.u_ram_4096x16.inst.\native_mem_module.blk_mem_gen_v8_4_4_inst , A write address: 7f, B  read address: 7f
blk_mem_gen_v8_4_4 collision detected at time: 1538390000, Instance: top_tb.u_top.u_ram_4096x16.inst.\native_mem_module.blk_mem_gen_v8_4_4_inst , A write address: 7f, B  read address: 7f
blk_mem_gen_v8_4_4 collision detected at time: 1538410000, Instance: top_tb.u_top.u_ram_4096x16.inst.\native_mem_module.blk_mem_gen_v8_4_4_inst , A write address: 7f, B  read address: 7f
blk_mem_gen_v8_4_4 collision detected at time: 1538430000, Instance: top_tb.u_top.u_ram_4096x16.inst.\native_mem_module.blk_mem_gen_v8_4_4_inst , A write address: 7f, B  read address: 7f
blk_mem_gen_v8_4_4 collision detected at time: 1538450000, Instance: top_tb.u_top.u_ram_4096x16.inst.\native_mem_module.blk_mem_gen_v8_4_4_inst , A write address: 7f, B  read address: 7f
blk_mem_gen_v8_4_4 collision detected at time: 1538470000, Instance: top_tb.u_top.u_ram_4096x16.inst.\native_mem_module.blk_mem_gen_v8_4_4_inst , A write address: 7f, B  read address: 7f
blk_mem_gen_v8_4_4 collision detected at time: 1538490000, Instance: top_tb.u_top.u_ram_4096x16.inst.\native_mem_module.blk_mem_gen_v8_4_4_inst , A write address: 7f, B  read address: 7f
blk_mem_gen_v8_4_4 collision detected at time: 1538510000, Instance: top_tb.u_top.u_ram_4096x16.inst.\native_mem_module.blk_mem_gen_v8_4_4_inst , A write address: 7f, B  read address: 7f
blk_mem_gen_v8_4_4 collision detected at time: 1538530000, Instance: top_tb.u_top.u_ram_4096x16.inst.\native_mem_module.blk_mem_gen_v8_4_4_inst , A write address: 7f, B  read address: 7f
blk_mem_gen_v8_4_4 collision detected at time: 1538550000, Instance: top_tb.u_top.u_ram_4096x16.inst.\native_mem_module.blk_mem_gen_v8_4_4_inst , A write address: 7f, B  read address: 7f
blk_mem_gen_v8_4_4 collision detected at time: 1538570000, Instance: top_tb.u_top.u_ram_4096x16.inst.\native_mem_module.blk_mem_gen_v8_4_4_inst , A write address: 7f, B  read address: 7f
blk_mem_gen_v8_4_4 collision detected at time: 1538590000, Instance: top_tb.u_top.u_ram_4096x16.inst.\native_mem_module.blk_mem_gen_v8_4_4_inst , A write address: 7f, B  read address: 7f
blk_mem_gen_v8_4_4 collision detected at time: 1538610000, Instance: top_tb.u_top.u_ram_4096x16.inst.\native_mem_module.blk_mem_gen_v8_4_4_inst , A write address: 7f, B  read address: 7f
blk_mem_gen_v8_4_4 collision detected at time: 1538630000, Instance: top_tb.u_top.u_ram_4096x16.inst.\native_mem_module.blk_mem_gen_v8_4_4_inst , A write address: 7f, B  read address: 7f
blk_mem_gen_v8_4_4 collision detected at time: 1538650000, Instance: top_tb.u_top.u_ram_4096x16.inst.\native_mem_module.blk_mem_gen_v8_4_4_inst , A write address: 7f, B  read address: 7f
blk_mem_gen_v8_4_4 collision detected at time: 1538670000, Instance: top_tb.u_top.u_ram_4096x16.inst.\native_mem_module.blk_mem_gen_v8_4_4_inst , A write address: 7f, B  read address: 7f
blk_mem_gen_v8_4_4 collision detected at time: 1538690000, Instance: top_tb.u_top.u_ram_4096x16.inst.\native_mem_module.blk_mem_gen_v8_4_4_inst , A write address: 7f, B  read address: 7f
blk_mem_gen_v8_4_4 collision detected at time: 1538710000, Instance: top_tb.u_top.u_ram_4096x16.inst.\native_mem_module.blk_mem_gen_v8_4_4_inst , A write address: 7f, B  read address: 7f
blk_mem_gen_v8_4_4 collision detected at time: 1538730000, Instance: top_tb.u_top.u_ram_4096x16.inst.\native_mem_module.blk_mem_gen_v8_4_4_inst , A write address: 7f, B  read address: 7f
blk_mem_gen_v8_4_4 collision detected at time: 1538750000, Instance: top_tb.u_top.u_ram_4096x16.inst.\native_mem_module.blk_mem_gen_v8_4_4_inst , A write address: 7f, B  read address: 7f
blk_mem_gen_v8_4_4 collision detected at time: 1538770000, Instance: top_tb.u_top.u_ram_4096x16.inst.\native_mem_module.blk_mem_gen_v8_4_4_inst , A write address: 7f, B  read address: 7f
blk_mem_gen_v8_4_4 collision detected at time: 1538790000, Instance: top_tb.u_top.u_ram_4096x16.inst.\native_mem_module.blk_mem_gen_v8_4_4_inst , A write address: 7f, B  read address: 7f
blk_mem_gen_v8_4_4 collision detected at time: 1538810000, Instance: top_tb.u_top.u_ram_4096x16.inst.\native_mem_module.blk_mem_gen_v8_4_4_inst , A write address: 7f, B  read address: 7f
blk_mem_gen_v8_4_4 collision detected at time: 1538830000, Instance: top_tb.u_top.u_ram_4096x16.inst.\native_mem_module.blk_mem_gen_v8_4_4_inst , A write address: 7f, B  read address: 7f
blk_mem_gen_v8_4_4 collision detected at time: 1538850000, Instance: top_tb.u_top.u_ram_4096x16.inst.\native_mem_module.blk_mem_gen_v8_4_4_inst , A write address: 7f, B  read address: 7f
blk_mem_gen_v8_4_4 collision detected at time: 1538870000, Instance: top_tb.u_top.u_ram_4096x16.inst.\native_mem_module.blk_mem_gen_v8_4_4_inst , A write address: 7f, B  read address: 7f
blk_mem_gen_v8_4_4 collision detected at time: 1538890000, Instance: top_tb.u_top.u_ram_4096x16.inst.\native_mem_module.blk_mem_gen_v8_4_4_inst , A write address: 7f, B  read address: 7f
blk_mem_gen_v8_4_4 collision detected at time: 1538910000, Instance: top_tb.u_top.u_ram_4096x16.inst.\native_mem_module.blk_mem_gen_v8_4_4_inst , A write address: 7f, B  read address: 7f
blk_mem_gen_v8_4_4 collision detected at time: 1538930000, Instance: top_tb.u_top.u_ram_4096x16.inst.\native_mem_module.blk_mem_gen_v8_4_4_inst , A write address: 7f, B  read address: 7f
blk_mem_gen_v8_4_4 collision detected at time: 1538950000, Instance: top_tb.u_top.u_ram_4096x16.inst.\native_mem_module.blk_mem_gen_v8_4_4_inst , A write address: 7f, B  read address: 7f
blk_mem_gen_v8_4_4 collision detected at time: 1538970000, Instance: top_tb.u_top.u_ram_4096x16.inst.\native_mem_module.blk_mem_gen_v8_4_4_inst , A write address: 7f, B  read address: 7f
blk_mem_gen_v8_4_4 collision detected at time: 1538990000, Instance: top_tb.u_top.u_ram_4096x16.inst.\native_mem_module.blk_mem_gen_v8_4_4_inst , A write address: 7f, B  read address: 7f
blk_mem_gen_v8_4_4 collision detected at time: 1539010000, Instance: top_tb.u_top.u_ram_4096x16.inst.\native_mem_module.blk_mem_gen_v8_4_4_inst , A write address: 7f, B  read address: 7f
blk_mem_gen_v8_4_4 collision detected at time: 1539030000, Instance: top_tb.u_top.u_ram_4096x16.inst.\native_mem_module.blk_mem_gen_v8_4_4_inst , A write address: 7f, B  read address: 7f
blk_mem_gen_v8_4_4 collision detected at time: 1539050000, Instance: top_tb.u_top.u_ram_4096x16.inst.\native_mem_module.blk_mem_gen_v8_4_4_inst , A write address: 7f, B  read address: 7f
blk_mem_gen_v8_4_4 collision detected at time: 1539070000, Instance: top_tb.u_top.u_ram_4096x16.inst.\native_mem_module.blk_mem_gen_v8_4_4_inst , A write address: 7f, B  read address: 7f
blk_mem_gen_v8_4_4 collision detected at time: 1539090000, Instance: top_tb.u_top.u_ram_4096x16.inst.\native_mem_module.blk_mem_gen_v8_4_4_inst , A write address: 7f, B  read address: 7f
blk_mem_gen_v8_4_4 collision detected at time: 1539110000, Instance: top_tb.u_top.u_ram_4096x16.inst.\native_mem_module.blk_mem_gen_v8_4_4_inst , A write address: 7f, B  read address: 7f
blk_mem_gen_v8_4_4 collision detected at time: 1539130000, Instance: top_tb.u_top.u_ram_4096x16.inst.\native_mem_module.blk_mem_gen_v8_4_4_inst , A write address: 7f, B  read address: 7f
blk_mem_gen_v8_4_4 collision detected at time: 1539150000, Instance: top_tb.u_top.u_ram_4096x16.inst.\native_mem_module.blk_mem_gen_v8_4_4_inst , A write address: 7f, B  read address: 7f
blk_mem_gen_v8_4_4 collision detected at time: 1539170000, Instance: top_tb.u_top.u_ram_4096x16.inst.\native_mem_module.blk_mem_gen_v8_4_4_inst , A write address: 7f, B  read address: 7f
blk_mem_gen_v8_4_4 collision detected at time: 1539190000, Instance: top_tb.u_top.u_ram_4096x16.inst.\native_mem_module.blk_mem_gen_v8_4_4_inst , A write address: 7f, B  read address: 7f
blk_mem_gen_v8_4_4 collision detected at time: 1539210000, Instance: top_tb.u_top.u_ram_4096x16.inst.\native_mem_module.blk_mem_gen_v8_4_4_inst , A write address: 7f, B  read address: 7f
blk_mem_gen_v8_4_4 collision detected at time: 1539230000, Instance: top_tb.u_top.u_ram_4096x16.inst.\native_mem_module.blk_mem_gen_v8_4_4_inst , A write address: 7f, B  read address: 7f
blk_mem_gen_v8_4_4 collision detected at time: 1539250000, Instance: top_tb.u_top.u_ram_4096x16.inst.\native_mem_module.blk_mem_gen_v8_4_4_inst , A write address: 7f, B  read address: 7f
blk_mem_gen_v8_4_4 collision detected at time: 1539270000, Instance: top_tb.u_top.u_ram_4096x16.inst.\native_mem_module.blk_mem_gen_v8_4_4_inst , A write address: 7f, B  read address: 7f
blk_mem_gen_v8_4_4 collision detected at time: 1539290000, Instance: top_tb.u_top.u_ram_4096x16.inst.\native_mem_module.blk_mem_gen_v8_4_4_inst , A write address: 7f, B  read address: 7f
blk_mem_gen_v8_4_4 collision detected at time: 1539310000, Instance: top_tb.u_top.u_ram_4096x16.inst.\native_mem_module.blk_mem_gen_v8_4_4_inst , A write address: 7f, B  read address: 7f
blk_mem_gen_v8_4_4 collision detected at time: 1539330000, Instance: top_tb.u_top.u_ram_4096x16.inst.\native_mem_module.blk_mem_gen_v8_4_4_inst , A write address: 7f, B  read address: 7f
blk_mem_gen_v8_4_4 collision detected at time: 1539350000, Instance: top_tb.u_top.u_ram_4096x16.inst.\native_mem_module.blk_mem_gen_v8_4_4_inst , A write address: 7f, B  read address: 7f
blk_mem_gen_v8_4_4 collision detected at time: 1539370000, Instance: top_tb.u_top.u_ram_4096x16.inst.\native_mem_module.blk_mem_gen_v8_4_4_inst , A write address: 7f, B  read address: 7f
blk_mem_gen_v8_4_4 collision detected at time: 1539390000, Instance: top_tb.u_top.u_ram_4096x16.inst.\native_mem_module.blk_mem_gen_v8_4_4_inst , A write address: 7f, B  read address: 7f
blk_mem_gen_v8_4_4 collision detected at time: 1539410000, Instance: top_tb.u_top.u_ram_4096x16.inst.\native_mem_module.blk_mem_gen_v8_4_4_inst , A write address: 7f, B  read address: 7f
blk_mem_gen_v8_4_4 collision detected at time: 1539430000, Instance: top_tb.u_top.u_ram_4096x16.inst.\native_mem_module.blk_mem_gen_v8_4_4_inst , A write address: 7f, B  read address: 7f
blk_mem_gen_v8_4_4 collision detected at time: 1539450000, Instance: top_tb.u_top.u_ram_4096x16.inst.\native_mem_module.blk_mem_gen_v8_4_4_inst , A write address: 7f, B  read address: 7f
blk_mem_gen_v8_4_4 collision detected at time: 1539470000, Instance: top_tb.u_top.u_ram_4096x16.inst.\native_mem_module.blk_mem_gen_v8_4_4_inst , A write address: 7f, B  read address: 7f
blk_mem_gen_v8_4_4 collision detected at time: 1539490000, Instance: top_tb.u_top.u_ram_4096x16.inst.\native_mem_module.blk_mem_gen_v8_4_4_inst , A write address: 7f, B  read address: 7f
blk_mem_gen_v8_4_4 collision detected at time: 1539510000, Instance: top_tb.u_top.u_ram_4096x16.inst.\native_mem_module.blk_mem_gen_v8_4_4_inst , A write address: 7f, B  read address: 7f
blk_mem_gen_v8_4_4 collision detected at time: 1539530000, Instance: top_tb.u_top.u_ram_4096x16.inst.\native_mem_module.blk_mem_gen_v8_4_4_inst , A write address: 7f, B  read address: 7f
blk_mem_gen_v8_4_4 collision detected at time: 1539550000, Instance: top_tb.u_top.u_ram_4096x16.inst.\native_mem_module.blk_mem_gen_v8_4_4_inst , A write address: 7f, B  read address: 7f
blk_mem_gen_v8_4_4 collision detected at time: 1539570000, Instance: top_tb.u_top.u_ram_4096x16.inst.\native_mem_module.blk_mem_gen_v8_4_4_inst , A write address: 7f, B  read address: 7f
blk_mem_gen_v8_4_4 collision detected at time: 1539590000, Instance: top_tb.u_top.u_ram_4096x16.inst.\native_mem_module.blk_mem_gen_v8_4_4_inst , A write address: 7f, B  read address: 7f
blk_mem_gen_v8_4_4 collision detected at time: 1539610000, Instance: top_tb.u_top.u_ram_4096x16.inst.\native_mem_module.blk_mem_gen_v8_4_4_inst , A write address: 7f, B  read address: 7f
blk_mem_gen_v8_4_4 collision detected at time: 1539630000, Instance: top_tb.u_top.u_ram_4096x16.inst.\native_mem_module.blk_mem_gen_v8_4_4_inst , A write address: 7f, B  read address: 7f
blk_mem_gen_v8_4_4 collision detected at time: 1539650000, Instance: top_tb.u_top.u_ram_4096x16.inst.\native_mem_module.blk_mem_gen_v8_4_4_inst , A write address: 7f, B  read address: 7f
blk_mem_gen_v8_4_4 collision detected at time: 1539670000, Instance: top_tb.u_top.u_ram_4096x16.inst.\native_mem_module.blk_mem_gen_v8_4_4_inst , A write address: 7f, B  read address: 7f
blk_mem_gen_v8_4_4 collision detected at time: 1539690000, Instance: top_tb.u_top.u_ram_4096x16.inst.\native_mem_module.blk_mem_gen_v8_4_4_inst , A write address: 7f, B  read address: 7f
blk_mem_gen_v8_4_4 collision detected at time: 1539710000, Instance: top_tb.u_top.u_ram_4096x16.inst.\native_mem_module.blk_mem_gen_v8_4_4_inst , A write address: 7f, B  read address: 7f
blk_mem_gen_v8_4_4 collision detected at time: 1539730000, Instance: top_tb.u_top.u_ram_4096x16.inst.\native_mem_module.blk_mem_gen_v8_4_4_inst , A write address: 7f, B  read address: 7f
blk_mem_gen_v8_4_4 collision detected at time: 1539750000, Instance: top_tb.u_top.u_ram_4096x16.inst.\native_mem_module.blk_mem_gen_v8_4_4_inst , A write address: 7f, B  read address: 7f
blk_mem_gen_v8_4_4 collision detected at time: 1539770000, Instance: top_tb.u_top.u_ram_4096x16.inst.\native_mem_module.blk_mem_gen_v8_4_4_inst , A write address: 7f, B  read address: 7f
blk_mem_gen_v8_4_4 collision detected at time: 1539790000, Instance: top_tb.u_top.u_ram_4096x16.inst.\native_mem_module.blk_mem_gen_v8_4_4_inst , A write address: 7f, B  read address: 7f
blk_mem_gen_v8_4_4 collision detected at time: 1539810000, Instance: top_tb.u_top.u_ram_4096x16.inst.\native_mem_module.blk_mem_gen_v8_4_4_inst , A write address: 7f, B  read address: 7f
blk_mem_gen_v8_4_4 collision detected at time: 1539830000, Instance: top_tb.u_top.u_ram_4096x16.inst.\native_mem_module.blk_mem_gen_v8_4_4_inst , A write address: 7f, B  read address: 7f
blk_mem_gen_v8_4_4 collision detected at time: 1539850000, Instance: top_tb.u_top.u_ram_4096x16.inst.\native_mem_module.blk_mem_gen_v8_4_4_inst , A write address: 7f, B  read address: 7f
blk_mem_gen_v8_4_4 collision detected at time: 1539870000, Instance: top_tb.u_top.u_ram_4096x16.inst.\native_mem_module.blk_mem_gen_v8_4_4_inst , A write address: 7f, B  read address: 7f
blk_mem_gen_v8_4_4 collision detected at time: 1539890000, Instance: top_tb.u_top.u_ram_4096x16.inst.\native_mem_module.blk_mem_gen_v8_4_4_inst , A write address: 7f, B  read address: 7f
blk_mem_gen_v8_4_4 collision detected at time: 1539910000, Instance: top_tb.u_top.u_ram_4096x16.inst.\native_mem_module.blk_mem_gen_v8_4_4_inst , A write address: 7f, B  read address: 7f
blk_mem_gen_v8_4_4 collision detected at time: 1539930000, Instance: top_tb.u_top.u_ram_4096x16.inst.\native_mem_module.blk_mem_gen_v8_4_4_inst , A write address: 7f, B  read address: 7f
blk_mem_gen_v8_4_4 collision detected at time: 1539950000, Instance: top_tb.u_top.u_ram_4096x16.inst.\native_mem_module.blk_mem_gen_v8_4_4_inst , A write address: 7f, B  read address: 7f
blk_mem_gen_v8_4_4 collision detected at time: 1539970000, Instance: top_tb.u_top.u_ram_4096x16.inst.\native_mem_module.blk_mem_gen_v8_4_4_inst , A write address: 7f, B  read address: 7f
blk_mem_gen_v8_4_4 collision detected at time: 1539990000, Instance: top_tb.u_top.u_ram_4096x16.inst.\native_mem_module.blk_mem_gen_v8_4_4_inst , A write address: 7f, B  read address: 7f
blk_mem_gen_v8_4_4 collision detected at time: 1540010000, Instance: top_tb.u_top.u_ram_4096x16.inst.\native_mem_module.blk_mem_gen_v8_4_4_inst , A write address: 7f, B  read address: 7f
blk_mem_gen_v8_4_4 collision detected at time: 1540030000, Instance: top_tb.u_top.u_ram_4096x16.inst.\native_mem_module.blk_mem_gen_v8_4_4_inst , A write address: 7f, B  read address: 7f
blk_mem_gen_v8_4_4 collision detected at time: 1540050000, Instance: top_tb.u_top.u_ram_4096x16.inst.\native_mem_module.blk_mem_gen_v8_4_4_inst , A write address: 7f, B  read address: 7f
blk_mem_gen_v8_4_4 collision detected at time: 1540070000, Instance: top_tb.u_top.u_ram_4096x16.inst.\native_mem_module.blk_mem_gen_v8_4_4_inst , A write address: 7f, B  read address: 7f
blk_mem_gen_v8_4_4 collision detected at time: 1540090000, Instance: top_tb.u_top.u_ram_4096x16.inst.\native_mem_module.blk_mem_gen_v8_4_4_inst , A write address: 7f, B  read address: 7f
blk_mem_gen_v8_4_4 collision detected at time: 1540110000, Instance: top_tb.u_top.u_ram_4096x16.inst.\native_mem_module.blk_mem_gen_v8_4_4_inst , A write address: 7f, B  read address: 7f
blk_mem_gen_v8_4_4 collision detected at time: 1540130000, Instance: top_tb.u_top.u_ram_4096x16.inst.\native_mem_module.blk_mem_gen_v8_4_4_inst , A write address: 7f, B  read address: 7f
blk_mem_gen_v8_4_4 collision detected at time: 1540150000, Instance: top_tb.u_top.u_ram_4096x16.inst.\native_mem_module.blk_mem_gen_v8_4_4_inst , A write address: 7f, B  read address: 7f
blk_mem_gen_v8_4_4 collision detected at time: 1540170000, Instance: top_tb.u_top.u_ram_4096x16.inst.\native_mem_module.blk_mem_gen_v8_4_4_inst , A write address: 7f, B  read address: 7f
blk_mem_gen_v8_4_4 collision detected at time: 1540190000, Instance: top_tb.u_top.u_ram_4096x16.inst.\native_mem_module.blk_mem_gen_v8_4_4_inst , A write address: 7f, B  read address: 7f
blk_mem_gen_v8_4_4 collision detected at time: 1540210000, Instance: top_tb.u_top.u_ram_4096x16.inst.\native_mem_module.blk_mem_gen_v8_4_4_inst , A write address: 7f, B  read address: 7f
blk_mem_gen_v8_4_4 collision detected at time: 1540230000, Instance: top_tb.u_top.u_ram_4096x16.inst.\native_mem_module.blk_mem_gen_v8_4_4_inst , A write address: 7f, B  read address: 7f
blk_mem_gen_v8_4_4 collision detected at time: 1540250000, Instance: top_tb.u_top.u_ram_4096x16.inst.\native_mem_module.blk_mem_gen_v8_4_4_inst , A write address: 7f, B  read address: 7f
blk_mem_gen_v8_4_4 collision detected at time: 1540270000, Instance: top_tb.u_top.u_ram_4096x16.inst.\native_mem_module.blk_mem_gen_v8_4_4_inst , A write address: 7f, B  read address: 7f
blk_mem_gen_v8_4_4 collision detected at time: 1540290000, Instance: top_tb.u_top.u_ram_4096x16.inst.\native_mem_module.blk_mem_gen_v8_4_4_inst , A write address: 7f, B  read address: 7f
blk_mem_gen_v8_4_4 collision detected at time: 1540310000, Instance: top_tb.u_top.u_ram_4096x16.inst.\native_mem_module.blk_mem_gen_v8_4_4_inst , A write address: 7f, B  read address: 7f
blk_mem_gen_v8_4_4 collision detected at time: 1540330000, Instance: top_tb.u_top.u_ram_4096x16.inst.\native_mem_module.blk_mem_gen_v8_4_4_inst , A write address: 7f, B  read address: 7f
blk_mem_gen_v8_4_4 collision detected at time: 1540350000, Instance: top_tb.u_top.u_ram_4096x16.inst.\native_mem_module.blk_mem_gen_v8_4_4_inst , A write address: 7f, B  read address: 7f
blk_mem_gen_v8_4_4 collision detected at time: 1540370000, Instance: top_tb.u_top.u_ram_4096x16.inst.\native_mem_module.blk_mem_gen_v8_4_4_inst , A write address: 7f, B  read address: 7f
blk_mem_gen_v8_4_4 collision detected at time: 1540390000, Instance: top_tb.u_top.u_ram_4096x16.inst.\native_mem_module.blk_mem_gen_v8_4_4_inst , A write address: 7f, B  read address: 7f
WARNING: [Simulator 45-29] Cannot open source file /wrk/ci/prod/2020.2/sw/continuous/733/packages/customer/vivado/data/ip/xilinx/blk_mem_gen_v8_4/simulation/blk_mem_gen_v8_4.v: file does not exist.
run: Time (s): cpu = 00:00:13 ; elapsed = 00:00:26 . Memory (MB): peak = 2697.137 ; gain = 0.000
close_sim
INFO: [Simtcl 6-16] Simulation closed
launch_simulation
Command: launch_simulation 
INFO: [Vivado 12-5698] Checking validity of IPs in the design for the 'XSim' simulator...
INFO: [Vivado 12-5682] Launching behavioral simulation in 'C:/Users/sb/Desktop/git/jnu2023h/jnu2023h.sim/sim_1/behav/xsim'
INFO: [Vivado 12-4795] Using compiled simulation libraries for IPs
INFO: [SIM-utils-51] Simulation object is 'sim_1'
INFO: [USF-XSim-7] Finding pre-compiled libraries...
INFO: [USF-XSim-11] File 'E:/Xilinx/Vivado/2020.2/data/xsim/xsim.ini' copied to run dir:'C:/Users/sb/Desktop/git/jnu2023h/jnu2023h.sim/sim_1/behav/xsim'
INFO: [SIM-utils-54] Inspecting design source files for 'top_tb' in fileset 'sim_1'...
INFO: [SIM-utils-43] Exported 'C:/Users/sb/Desktop/git/jnu2023h/jnu2023h.sim/sim_1/behav/xsim/rom_1000x8b.mif'
INFO: [SIM-utils-43] Exported 'C:/Users/sb/Desktop/git/jnu2023h/jnu2023h.sim/sim_1/behav/xsim/rom_1000x8.coe'
INFO: [USF-XSim-97] Finding global include files...
INFO: [USF-XSim-98] Fetching design files from 'sim_1'...
INFO: [USF-XSim-2] XSim::Compile design
INFO: [USF-XSim-61] Executing 'COMPILE and ANALYZE' step in 'C:/Users/sb/Desktop/git/jnu2023h/jnu2023h.sim/sim_1/behav/xsim'
"xvlog --incr --relax -prj top_tb_vlog.prj"
INFO: [VRFC 10-2263] Analyzing Verilog file "C:/Users/sb/Desktop/git/jnu2023h/jnu2023h.gen/sources_1/ip/rom_1000x8b/sim/rom_1000x8b.v" into library xil_defaultlib
INFO: [VRFC 10-311] analyzing module rom_1000x8b
INFO: [VRFC 10-2263] Analyzing Verilog file "C:/Users/sb/Desktop/git/jnu2023h/jnu2023h.gen/sources_1/ip/ram_4096x16/sim/ram_4096x16.v" into library xil_defaultlib
INFO: [VRFC 10-311] analyzing module ram_4096x16
INFO: [VRFC 10-2263] Analyzing Verilog file "C:/Users/sb/Desktop/git/jnu2023h/jnu2023h.gen/sources_1/ip/clk_wiz_0/clk_wiz_0_clk_wiz.v" into library xil_defaultlib
INFO: [VRFC 10-311] analyzing module clk_wiz_0_clk_wiz
INFO: [VRFC 10-2263] Analyzing Verilog file "C:/Users/sb/Desktop/git/jnu2023h/jnu2023h.gen/sources_1/ip/clk_wiz_0/clk_wiz_0.v" into library xil_defaultlib
INFO: [VRFC 10-311] analyzing module clk_wiz_0
INFO: [VRFC 10-2263] Analyzing Verilog file "C:/Users/sb/Desktop/git/jnu2023h/code/da_wave_send.v" into library xil_defaultlib
INFO: [VRFC 10-311] analyzing module da_wave_send
INFO: [VRFC 10-2263] Analyzing Verilog file "C:/Users/sb/Desktop/git/jnu2023h/code/data_modulus.v" into library xil_defaultlib
INFO: [VRFC 10-311] analyzing module data_modulus
INFO: [VRFC 10-2263] Analyzing Verilog file "C:/Users/sb/Desktop/git/jnu2023h/code/dds.v" into library xil_defaultlib
INFO: [VRFC 10-311] analyzing module dds
WARNING: [VRFC 10-986] literal value truncated to fit in 20 bits [C:/Users/sb/Desktop/git/jnu2023h/code/dds.v:42]
INFO: [VRFC 10-2263] Analyzing Verilog file "C:/Users/sb/Desktop/git/jnu2023h/code/ftt_clk.v" into library xil_defaultlib
INFO: [VRFC 10-311] analyzing module fft_clk
INFO: [VRFC 10-2263] Analyzing Verilog file "C:/Users/sb/Desktop/git/jnu2023h/code/ram_wr_ctrl.v" into library xil_defaultlib
INFO: [VRFC 10-311] analyzing module ram_wr_ctrl
INFO: [VRFC 10-2263] Analyzing Verilog file "C:/Users/sb/Desktop/git/jnu2023h/code/top.v" into library xil_defaultlib
INFO: [VRFC 10-311] analyzing module top
INFO: [VRFC 10-2458] undeclared symbol data_valid, assumed default net type wire [C:/Users/sb/Desktop/git/jnu2023h/code/top.v:159]
INFO: [VRFC 10-2263] Analyzing Verilog file "C:/Users/sb/Desktop/git/jnu2023h/code/wave_freq.v" into library xil_defaultlib
INFO: [VRFC 10-311] analyzing module wave_freq
INFO: [VRFC 10-2263] Analyzing Verilog file "C:/Users/sb/Desktop/git/jnu2023h/code/sim/top_tb.v" into library xil_defaultlib
INFO: [VRFC 10-311] analyzing module top_tb
INFO: [VRFC 10-2458] undeclared symbol da_clk_1, assumed default net type wire [C:/Users/sb/Desktop/git/jnu2023h/code/sim/top_tb.v:71]
INFO: [VRFC 10-2458] undeclared symbol da_clk_2, assumed default net type wire [C:/Users/sb/Desktop/git/jnu2023h/code/sim/top_tb.v:72]
"xvhdl --incr --relax -prj top_tb_vhdl.prj"
INFO: [USF-XSim-69] 'compile' step finished in '3' seconds
INFO: [USF-XSim-3] XSim::Elaborate design
INFO: [USF-XSim-61] Executing 'ELABORATE' step in 'C:/Users/sb/Desktop/git/jnu2023h/jnu2023h.sim/sim_1/behav/xsim'
"xelab -wto 733bc6238e3a4b91923eb927ee1788cd --incr --debug typical --relax --mt 2 -L xil_defaultlib -L blk_mem_gen_v8_4_4 -L xbip_utils_v3_0_10 -L c_reg_fd_v12_0_6 -L xbip_dsp48_wrapper_v3_0_4 -L xbip_pipe_v3_0_6 -L xbip_dsp48_addsub_v3_0_6 -L xbip_addsub_v3_0_6 -L c_addsub_v12_0_14 -L xbip_bram18k_v3_0_6 -L mult_gen_v12_0_16 -L axi_utils_v2_0_6 -L cordic_v6_0_16 -L c_mux_bit_v12_0_6 -L c_shift_ram_v12_0_14 -L cmpy_v6_0_19 -L floating_point_v7_0_18 -L xfft_v9_1_5 -L unisims_ver -L unimacro_ver -L secureip -L xpm --snapshot top_tb_behav xil_defaultlib.top_tb xil_defaultlib.glbl -log elaborate.log"
Vivado Simulator 2020.2
Copyright 1986-1999, 2001-2020 Xilinx, Inc. All Rights Reserved.
Running: E:/Xilinx/Vivado/2020.2/bin/unwrapped/win64.o/xelab.exe -wto 733bc6238e3a4b91923eb927ee1788cd --incr --debug typical --relax --mt 2 -L xil_defaultlib -L blk_mem_gen_v8_4_4 -L xbip_utils_v3_0_10 -L c_reg_fd_v12_0_6 -L xbip_dsp48_wrapper_v3_0_4 -L xbip_pipe_v3_0_6 -L xbip_dsp48_addsub_v3_0_6 -L xbip_addsub_v3_0_6 -L c_addsub_v12_0_14 -L xbip_bram18k_v3_0_6 -L mult_gen_v12_0_16 -L axi_utils_v2_0_6 -L cordic_v6_0_16 -L c_mux_bit_v12_0_6 -L c_shift_ram_v12_0_14 -L cmpy_v6_0_19 -L floating_point_v7_0_18 -L xfft_v9_1_5 -L unisims_ver -L unimacro_ver -L secureip -L xpm --snapshot top_tb_behav xil_defaultlib.top_tb xil_defaultlib.glbl -log elaborate.log 
Using 2 slave threads.
Starting static elaboration
Pass Through NonSizing Optimizer
WARNING: [VRFC 10-8389] size mismatch in mixed language port association, VHDL port 'm_axis_data_tdata' [C:/Users/sb/Desktop/git/jnu2023h/code/top.v:108]
WARNING: [VRFC 10-8389] size mismatch in mixed language port association, VHDL port 's_axis_cartesian_tdata' [C:/Users/sb/Desktop/git/jnu2023h/code/data_modulus.v:95]
WARNING: [VRFC 10-3091] actual bit length 6 differs from formal bit length 8 for port 'freq_select1' [C:/Users/sb/Desktop/git/jnu2023h/code/sim/top_tb.v:65]
WARNING: [VRFC 10-3091] actual bit length 6 differs from formal bit length 8 for port 'freq_select2' [C:/Users/sb/Desktop/git/jnu2023h/code/sim/top_tb.v:66]
WARNING: [VRFC 10-3091] actual bit length 8 differs from formal bit length 6 for port 'freq_select' [C:/Users/sb/Desktop/git/jnu2023h/code/dds.v:89]
WARNING: [VRFC 10-3091] actual bit length 8 differs from formal bit length 6 for port 'freq_select' [C:/Users/sb/Desktop/git/jnu2023h/code/dds.v:102]
WARNING: [VRFC 10-3091] actual bit length 8 differs from formal bit length 10 for port 'ad_data_1' [C:/Users/sb/Desktop/git/jnu2023h/code/sim/top_tb.v:83]
WARNING: [VRFC 10-3091] actual bit length 8 differs from formal bit length 10 for port 'ad_data_2' [C:/Users/sb/Desktop/git/jnu2023h/code/sim/top_tb.v:88]
WARNING: [VRFC 10-3091] actual bit length 8 differs from formal bit length 12 for port 'waveA_freq' [C:/Users/sb/Desktop/git/jnu2023h/code/top.v:202]
WARNING: [VRFC 10-3091] actual bit length 8 differs from formal bit length 12 for port 'waveB_freq' [C:/Users/sb/Desktop/git/jnu2023h/code/top.v:204]
WARNING: [VRFC 10-5021] port 'reset' is not connected on this instance [C:/Users/sb/Desktop/git/jnu2023h/code/top.v:70]
Completed static elaboration
Starting simulation data flow analysis
Completed simulation data flow analysis
Time Resolution for simulation is 1ps
Compiling package std.standard
Compiling package std.textio
Compiling package ieee.std_logic_1164
Compiling package ieee.numeric_std
Compiling package xbip_utils_v3_0_10.xbip_utils_v3_0_10_pkg
Compiling package xfft_v9_1_5.xfft_v9_1_5_viv_comp
Compiling package ieee.std_logic_arith
Compiling package ieee.std_logic_unsigned
Compiling package ieee.math_real
Compiling package axi_utils_v2_0_6.axi_utils_v2_0_6_pkg
Compiling package mult_gen_v12_0_16.mult_gen_v12_0_16_pkg
Compiling package ieee.std_logic_signed
Compiling package cmpy_v6_0_19.cmpy_v6_0_19_pkg
Compiling package floating_point_v7_0_18.floating_point_v7_0_18_consts
Compiling package floating_point_v7_0_18.floating_point_v7_0_18_exp_table...
Compiling package floating_point_v7_0_18.floating_point_v7_0_18_pkg
Compiling package xfft_v9_1_5.pkg
Compiling package xfft_v9_1_5.xfft_v9_1_5_axi_pkg
Compiling package axi_utils_v2_0_6.global_util_pkg
Compiling package axi_utils_v2_0_6.axi_utils_comps
Compiling package unisim.vcomponents
Compiling package xbip_pipe_v3_0_6.xbip_pipe_v3_0_6_viv_comp
Compiling package xbip_addsub_v3_0_6.xbip_addsub_v3_0_6_viv_comp
Compiling package c_addsub_v12_0_14.c_addsub_v12_0_14_pkg
Compiling package c_addsub_v12_0_14.c_addsub_v12_0_14_pkg_legacy
Compiling package c_reg_fd_v12_0_6.c_reg_fd_v12_0_6_viv_comp
Compiling package ieee.vital_timing
Compiling package ieee.vital_primitives
Compiling package unisim.vpkg
Compiling package c_shift_ram_v12_0_14.c_shift_ram_v12_0_14_pkg
Compiling package c_mux_bit_v12_0_6.c_mux_bit_v12_0_6_viv_comp
Compiling package xfft_v9_1_5.quarter_sin_tw_table
Compiling package xfft_v9_1_5.quarter2_sin_tw_table
Compiling package mult_gen_v12_0_16.dsp_pkg
Compiling package xpm.vcomponents
Compiling package ieee.std_logic_textio
Compiling package cordic_v6_0_16.cordic_v6_0_16_viv_comp
Compiling package cordic_v6_0_16.cordic_pack
Compiling package cordic_v6_0_16.cordic_hdl_comps
Compiling package c_addsub_v12_0_14.c_addsub_v12_0_14_viv_comp
Compiling module blk_mem_gen_v8_4_4.blk_mem_gen_v8_4_4_output_stage(...
Compiling module blk_mem_gen_v8_4_4.blk_mem_gen_v8_4_4_softecc_outpu...
Compiling module blk_mem_gen_v8_4_4.blk_mem_gen_v8_4_4_mem_module(C_...
Compiling module blk_mem_gen_v8_4_4.blk_mem_gen_v8_4_4(C_FAMILY="art...
Compiling module xil_defaultlib.rom_1000x8b
Compiling module xil_defaultlib.da_wave_send
Compiling module xil_defaultlib.dds
Compiling module unisims_ver.IBUF
Compiling module unisims_ver.MMCME2_ADV(CLKFBOUT_MULT_F=16.0,...
Compiling module unisims_ver.BUFG
Compiling module xil_defaultlib.clk_wiz_0_clk_wiz
Compiling module xil_defaultlib.clk_wiz_0
Compiling module xil_defaultlib.fft_clk
Compiling architecture xilinx of entity axi_utils_v2_0_6.glb_srl_fifo [\glb_srl_fifo(width=5,has_uvprot...]
Compiling architecture xilinx of entity axi_utils_v2_0_6.glb_ifx_master [\glb_ifx_master(width=5,afull_th...]
Compiling architecture synth of entity xfft_v9_1_5.axi_wrapper_output_fifo [\axi_wrapper_output_fifo(c_fifo_...]
Compiling architecture xilinx of entity axi_utils_v2_0_6.glb_srl_fifo [\glb_srl_fifo(width=1,has_uvprot...]
Compiling architecture xilinx of entity axi_utils_v2_0_6.glb_ifx_slave [\glb_ifx_slave(width=1,has_uvpro...]
Compiling architecture synth of entity xfft_v9_1_5.axi_wrapper_input_fifo [\axi_wrapper_input_fifo(c_fifo_w...]
Compiling architecture xilinx of entity axi_utils_v2_0_6.glb_srl_fifo [\glb_srl_fifo(width=33,has_uvpro...]
Compiling architecture xilinx of entity axi_utils_v2_0_6.glb_ifx_slave [\glb_ifx_slave(width=33,has_uvpr...]
Compiling architecture synth of entity xfft_v9_1_5.axi_wrapper_input_fifo [\axi_wrapper_input_fifo(c_fifo_w...]
Compiling architecture xilinx of entity axi_utils_v2_0_6.glb_srl_fifo [\glb_srl_fifo(width=38,has_uvpro...]
Compiling architecture xilinx of entity axi_utils_v2_0_6.glb_ifx_master [\glb_ifx_master(width=38,afull_t...]
Compiling architecture synth of entity xfft_v9_1_5.axi_wrapper_output_fifo [\axi_wrapper_output_fifo(c_fifo_...]
Compiling architecture synth of entity xfft_v9_1_5.axi_wrapper [\axi_wrapper(c_nfft_max=7,c_arch...]
Compiling architecture xilinx of entity xfft_v9_1_5.equ_rtl [\equ_rtl(c_xdevicefamily="artix7...]
Compiling architecture xilinx of entity xfft_v9_1_5.r22_cnt_ctrl [\r22_cnt_ctrl(c_xdevicefamily="a...]
Compiling architecture xilinx of entity xfft_v9_1_5.r22_cnt_ctrl [\r22_cnt_ctrl(c_xdevicefamily="a...]
Compiling architecture struct of entity c_shift_ram_v12_0_14.c_shift_ram_v12_0_14_legacy [\c_shift_ram_v12_0_14_legacy(c_x...]
Compiling architecture synth of entity c_shift_ram_v12_0_14.c_shift_ram_v12_0_14_viv [\c_shift_ram_v12_0_14_viv(c_xdev...]
Compiling architecture xilinx of entity xfft_v9_1_5.shift_ram [\shift_ram(c_xdevicefamily="arti...]
Compiling architecture struct of entity c_shift_ram_v12_0_14.c_shift_ram_v12_0_14_legacy [\c_shift_ram_v12_0_14_legacy(c_x...]
Compiling architecture synth of entity c_shift_ram_v12_0_14.c_shift_ram_v12_0_14_viv [\c_shift_ram_v12_0_14_viv(c_xdev...]
Compiling architecture xilinx of entity xfft_v9_1_5.shift_ram [\shift_ram(c_xdevicefamily="arti...]
Compiling architecture fd_v of entity unisim.FD [fd_default]
Compiling architecture struct of entity c_shift_ram_v12_0_14.c_shift_ram_v12_0_14_legacy [\c_shift_ram_v12_0_14_legacy(c_x...]
Compiling architecture synth of entity c_shift_ram_v12_0_14.c_shift_ram_v12_0_14_viv [\c_shift_ram_v12_0_14_viv(c_xdev...]
Compiling architecture xilinx of entity xfft_v9_1_5.shift_ram [\shift_ram(c_xdevicefamily="arti...]
Compiling architecture struct of entity c_shift_ram_v12_0_14.c_shift_ram_v12_0_14_legacy [\c_shift_ram_v12_0_14_legacy(c_x...]
Compiling architecture synth of entity c_shift_ram_v12_0_14.c_shift_ram_v12_0_14_viv [\c_shift_ram_v12_0_14_viv(c_xdev...]
Compiling architecture xilinx of entity xfft_v9_1_5.shift_ram [\shift_ram(c_xdevicefamily="arti...]
Compiling architecture xilinx of entity xfft_v9_1_5.shift_ram [\shift_ram(c_xdevicefamily="arti...]
Compiling architecture xilinx of entity xfft_v9_1_5.shift_ram [\shift_ram(c_xdevicefamily="arti...]
Compiling architecture xilinx of entity xfft_v9_1_5.shift_ram [\shift_ram(c_xdevicefamily="arti...]
Compiling architecture lut3_v of entity unisim.LUT3 [\LUT3(init="11001010")(0,7)\]
Compiling architecture xilinx of entity xfft_v9_1_5.mux_bus2 [\mux_bus2(c_xdevicefamily="artix...]
Compiling architecture xilinx of entity xfft_v9_1_5.r22_delay_mux [\r22_delay_mux(c_xdevicefamily="...]
Compiling architecture xilinx of entity xfft_v9_1_5.r22_delay_mux [\r22_delay_mux(c_xdevicefamily="...]
Compiling architecture xilinx of entity xfft_v9_1_5.shift_ram [\shift_ram(c_xdevicefamily="arti...]
Compiling architecture xilinx of entity xfft_v9_1_5.shift_ram [\shift_ram(c_xdevicefamily="arti...]
Compiling architecture struct of entity c_shift_ram_v12_0_14.c_shift_ram_v12_0_14_legacy [\c_shift_ram_v12_0_14_legacy(c_x...]
Compiling architecture synth of entity c_shift_ram_v12_0_14.c_shift_ram_v12_0_14_viv [\c_shift_ram_v12_0_14_viv(c_xdev...]
Compiling architecture synth of entity xfft_v9_1_5.r22_srl_memory [\r22_srl_memory(c_xdevicefamily=...]
Compiling architecture xilinx of entity xfft_v9_1_5.r22_memory [\r22_memory(c_xdevicefamily="art...]
Compiling architecture structural of entity c_reg_fd_v12_0_6.c_reg_fd_v12_0_6_viv [\c_reg_fd_v12_0_6_viv(c_width=18...]
Compiling architecture rtl of entity c_addsub_v12_0_14.c_addsub_v12_0_14_lut6_legacy [\c_addsub_v12_0_14_lut6_legacy(c...]
Compiling architecture synth of entity c_addsub_v12_0_14.c_addsub_v12_0_14_fabric_legacy [\c_addsub_v12_0_14_fabric_legacy...]
Compiling architecture synth of entity c_addsub_v12_0_14.c_addsub_v12_0_14_legacy [\c_addsub_v12_0_14_legacy(c_fami...]
Compiling architecture synth of entity c_addsub_v12_0_14.c_addsub_v12_0_14_viv [\c_addsub_v12_0_14_viv(c_xdevice...]
Compiling architecture xilinx of entity xfft_v9_1_5.adder_bypass [\adder_bypass(c_xdevicefamily="a...]
Compiling architecture structural of entity c_reg_fd_v12_0_6.c_reg_fd_v12_0_6_viv [\c_reg_fd_v12_0_6_viv(c_width=18...]
Compiling architecture rtl of entity c_addsub_v12_0_14.c_addsub_v12_0_14_lut6_legacy [\c_addsub_v12_0_14_lut6_legacy(c...]
Compiling architecture synth of entity c_addsub_v12_0_14.c_addsub_v12_0_14_fabric_legacy [\c_addsub_v12_0_14_fabric_legacy...]
Compiling architecture synth of entity c_addsub_v12_0_14.c_addsub_v12_0_14_legacy [\c_addsub_v12_0_14_legacy(c_fami...]
Compiling architecture synth of entity c_addsub_v12_0_14.c_addsub_v12_0_14_viv [\c_addsub_v12_0_14_viv(c_xdevice...]
Compiling architecture xilinx of entity xfft_v9_1_5.sub_byp [\sub_byp(c_xdevicefamily="artix7...]
Compiling architecture xilinx of entity xfft_v9_1_5.r22_bfly_byp [\r22_bfly_byp(c_xdevicefamily="a...]
Compiling architecture xilinx of entity xfft_v9_1_5.r22_bf [\r22_bf(c_xdevicefamily="artix7"...]
Compiling architecture xilinx of entity xfft_v9_1_5.shift_ram [\shift_ram(c_xdevicefamily="arti...]
Compiling architecture fde_v of entity unisim.FDE [fde_default]
Compiling architecture synth of entity xfft_v9_1_5.r22_twos_comp_mux [\r22_twos_comp_mux(c_xdevicefami...]
Compiling architecture synth of entity xfft_v9_1_5.r22_twos_comp_mux [\r22_twos_comp_mux(c_xdevicefami...]
Compiling architecture xilinx of entity xfft_v9_1_5.shift_ram [\shift_ram(c_xdevicefamily="arti...]
Compiling architecture xilinx of entity xfft_v9_1_5.shift_ram [\shift_ram(c_xdevicefamily="arti...]
Compiling architecture xilinx of entity xfft_v9_1_5.shift_ram [\shift_ram(c_xdevicefamily="arti...]
Compiling architecture xilinx of entity xfft_v9_1_5.mux_bus2 [\mux_bus2(c_xdevicefamily="artix...]
Compiling architecture xilinx of entity xfft_v9_1_5.r22_delay_mux [\r22_delay_mux(c_xdevicefamily="...]
Compiling architecture xilinx of entity xfft_v9_1_5.r22_delay_mux [\r22_delay_mux(c_xdevicefamily="...]
Compiling architecture xilinx of entity xfft_v9_1_5.shift_ram [\shift_ram(c_xdevicefamily="arti...]
Compiling architecture xilinx of entity xfft_v9_1_5.shift_ram [\shift_ram(c_xdevicefamily="arti...]
Compiling architecture struct of entity c_shift_ram_v12_0_14.c_shift_ram_v12_0_14_legacy [\c_shift_ram_v12_0_14_legacy(c_x...]
Compiling architecture synth of entity c_shift_ram_v12_0_14.c_shift_ram_v12_0_14_viv [\c_shift_ram_v12_0_14_viv(c_xdev...]
Compiling architecture synth of entity xfft_v9_1_5.r22_srl_memory [\r22_srl_memory(c_xdevicefamily=...]
Compiling architecture xilinx of entity xfft_v9_1_5.r22_memory [\r22_memory(c_xdevicefamily="art...]
Compiling architecture structural of entity c_reg_fd_v12_0_6.c_reg_fd_v12_0_6_viv [\c_reg_fd_v12_0_6_viv(c_width=19...]
Compiling architecture rtl of entity c_addsub_v12_0_14.c_addsub_v12_0_14_lut6_legacy [\c_addsub_v12_0_14_lut6_legacy(c...]
Compiling architecture synth of entity c_addsub_v12_0_14.c_addsub_v12_0_14_fabric_legacy [\c_addsub_v12_0_14_fabric_legacy...]
Compiling architecture synth of entity c_addsub_v12_0_14.c_addsub_v12_0_14_legacy [\c_addsub_v12_0_14_legacy(c_fami...]
Compiling architecture synth of entity c_addsub_v12_0_14.c_addsub_v12_0_14_viv [\c_addsub_v12_0_14_viv(c_xdevice...]
Compiling architecture xilinx of entity xfft_v9_1_5.adder_bypass [\adder_bypass(c_xdevicefamily="a...]
Compiling architecture structural of entity c_reg_fd_v12_0_6.c_reg_fd_v12_0_6_viv [\c_reg_fd_v12_0_6_viv(c_width=19...]
Compiling architecture rtl of entity c_addsub_v12_0_14.c_addsub_v12_0_14_lut6_legacy [\c_addsub_v12_0_14_lut6_legacy(c...]
Compiling architecture synth of entity c_addsub_v12_0_14.c_addsub_v12_0_14_fabric_legacy [\c_addsub_v12_0_14_fabric_legacy...]
Compiling architecture synth of entity c_addsub_v12_0_14.c_addsub_v12_0_14_legacy [\c_addsub_v12_0_14_legacy(c_fami...]
Compiling architecture synth of entity c_addsub_v12_0_14.c_addsub_v12_0_14_viv [\c_addsub_v12_0_14_viv(c_xdevice...]
Compiling architecture xilinx of entity xfft_v9_1_5.sub_byp [\sub_byp(c_xdevicefamily="artix7...]
Compiling architecture xilinx of entity xfft_v9_1_5.r22_bfly_byp [\r22_bfly_byp(c_xdevicefamily="a...]
Compiling architecture xilinx of entity xfft_v9_1_5.r22_bf [\r22_bf(c_xdevicefamily="artix7"...]
Compiling architecture structural of entity c_reg_fd_v12_0_6.c_reg_fd_v12_0_6_viv [\c_reg_fd_v12_0_6_viv(c_width=7,...]
Compiling architecture rtl of entity c_addsub_v12_0_14.c_addsub_v12_0_14_lut6_legacy [\c_addsub_v12_0_14_lut6_legacy(c...]
Compiling architecture synth of entity c_addsub_v12_0_14.c_addsub_v12_0_14_fabric_legacy [\c_addsub_v12_0_14_fabric_legacy...]
Compiling architecture synth of entity c_addsub_v12_0_14.c_addsub_v12_0_14_legacy [\c_addsub_v12_0_14_legacy(c_fami...]
Compiling architecture synth of entity c_addsub_v12_0_14.c_addsub_v12_0_14_viv [\c_addsub_v12_0_14_viv(c_xdevice...]
Compiling architecture xilinx of entity xfft_v9_1_5.adder [\adder(c_xdevicefamily="artix7",...]
Compiling architecture lut6_v of entity unisim.LUT6 [\LUT6(init="11111111000000001111...]
Compiling architecture xilinx of entity xfft_v9_1_5.mux_bus4 [\mux_bus4(c_xdevicefamily="artix...]
Compiling architecture struct of entity c_shift_ram_v12_0_14.c_shift_ram_v12_0_14_legacy [\c_shift_ram_v12_0_14_legacy(c_x...]
Compiling architecture synth of entity c_shift_ram_v12_0_14.c_shift_ram_v12_0_14_viv [\c_shift_ram_v12_0_14_viv(c_xdev...]
Compiling architecture xilinx of entity xfft_v9_1_5.shift_ram [\shift_ram(c_xdevicefamily="arti...]
Compiling architecture xilinx of entity xfft_v9_1_5.twgen_distmem [\twgen_distmem(theta_width=6,pip...]
Compiling architecture xilinx of entity xfft_v9_1_5.twiddle_gen [\twiddle_gen(c_xdevicefamily="ar...]
Compiling architecture xilinx of entity xfft_v9_1_5.r22_tw_gen [\r22_tw_gen(c_xdevicefamily="art...]
Compiling architecture xilinx of entity cmpy_v6_0_19.delay_line [\delay_line(c_xdevicefamily="art...]
Compiling architecture xilinx of entity cmpy_v6_0_19.delay_line [\delay_line(c_xdevicefamily="art...]
Compiling architecture xilinx of entity mult_gen_v12_0_16.delay_line [\delay_line(c_xdevicefamily="art...]
Compiling architecture xilinx of entity mult_gen_v12_0_16.delay_line [\delay_line(c_xdevicefamily="art...]
Compiling architecture dsp48e1_v of entity unisim.DSP48E1 [\DSP48E1(acascreg=2,alumodereg=0...]
Compiling architecture xilinx of entity mult_gen_v12_0_16.delay_line [\delay_line(c_xdevicefamily="art...]
Compiling architecture xilinx of entity mult_gen_v12_0_16.op_resize [\op_resize(ai_width=18,bi_width=...]
Compiling architecture xilinx of entity mult_gen_v12_0_16.dsp [\dsp(c_xdevicefamily="artix7",c_...]
Compiling architecture xilinx of entity cmpy_v6_0_19.cmpy_3_dsp48_mult [\cmpy_3_dsp48_mult(c_xdevicefami...]
Compiling architecture xilinx of entity mult_gen_v12_0_16.delay_line [\delay_line(c_xdevicefamily="art...]
Compiling architecture xilinx of entity mult_gen_v12_0_16.delay_line [\delay_line(c_xdevicefamily="art...]
Compiling architecture dsp48e1_v of entity unisim.DSP48E1 [\DSP48E1(alumodereg=0,bcascreg=2...]
Compiling architecture xilinx of entity mult_gen_v12_0_16.op_resize [\op_resize(ai_width=19,bi_width=...]
Compiling architecture xilinx of entity mult_gen_v12_0_16.dsp [\dsp(c_xdevicefamily="artix7",c_...]
Compiling architecture xilinx of entity cmpy_v6_0_19.cmpy_3_dsp48_mult [\cmpy_3_dsp48_mult(c_xdevicefami...]
Compiling architecture xilinx of entity mult_gen_v12_0_16.dsp [\dsp(c_xdevicefamily="artix7",c_...]
Compiling architecture xilinx of entity cmpy_v6_0_19.cmpy_3_dsp48_mult [\cmpy_3_dsp48_mult(c_xdevicefami...]
Compiling architecture xilinx of entity cmpy_v6_0_19.input_negation [\input_negation(c_xdevicefamily=...]
Compiling architecture xilinx of entity cmpy_v6_0_19.delay_line [\delay_line(c_xdevicefamily="art...]
Compiling architecture xilinx of entity cmpy_v6_0_19.delay_line [\delay_line(c_xdevicefamily="art...]
Compiling architecture xilinx of entity cmpy_v6_0_19.cmpy_3_dsp48 [\cmpy_3_dsp48(c_xdevicefamily="a...]
Compiling architecture xilinx of entity cmpy_v6_0_19.cmpy_v6_0_19_synth [\cmpy_v6_0_19_synth(c_xdevicefam...]
Compiling architecture xilinx of entity xfft_v9_1_5.cmpy [\cmpy(c_xdevicefamily="artix7",a...]
Compiling architecture xilinx of entity xfft_v9_1_5.logic_gate [\logic_gate(c_xdevicefamily="art...]
Compiling architecture xilinx of entity xfft_v9_1_5.shift_ram [\shift_ram(c_xdevicefamily="arti...]
Compiling architecture lut6_v of entity unisim.LUT6 [\LUT6(init="10000000000000000000...]
Compiling architecture xilinx of entity xfft_v9_1_5.logic_gate [\logic_gate(c_xdevicefamily="art...]
Compiling architecture rtl of entity c_addsub_v12_0_14.c_addsub_v12_0_14_lut6_legacy [\c_addsub_v12_0_14_lut6_legacy(c...]
Compiling architecture synth of entity c_addsub_v12_0_14.c_addsub_v12_0_14_fabric_legacy [\c_addsub_v12_0_14_fabric_legacy...]
Compiling architecture synth of entity c_addsub_v12_0_14.c_addsub_v12_0_14_legacy [\c_addsub_v12_0_14_legacy(c_fami...]
Compiling architecture synth of entity c_addsub_v12_0_14.c_addsub_v12_0_14_viv [\c_addsub_v12_0_14_viv(c_xdevice...]
Compiling architecture xilinx of entity xfft_v9_1_5.unbiased_round [\unbiased_round(c_xdevicefamily=...]
Compiling architecture xilinx of entity xfft_v9_1_5.shift_ram [\shift_ram(c_xdevicefamily="arti...]
Compiling architecture xilinx of entity xfft_v9_1_5.shift_ram [\shift_ram(c_xdevicefamily="arti...]
Compiling architecture xilinx of entity xfft_v9_1_5.r22_pe [\r22_pe(c_xdevicefamily="artix7"...]
Compiling architecture synth of entity xfft_v9_1_5.srl_fifo [\srl_fifo(c_width=1)\]
Compiling architecture xilinx of entity xfft_v9_1_5.r22_cnt_ctrl [\r22_cnt_ctrl(c_xdevicefamily="a...]
Compiling architecture xilinx of entity xfft_v9_1_5.r22_cnt_ctrl [\r22_cnt_ctrl(c_xdevicefamily="a...]
Compiling architecture struct of entity c_shift_ram_v12_0_14.c_shift_ram_v12_0_14_legacy [\c_shift_ram_v12_0_14_legacy(c_x...]
Compiling architecture synth of entity c_shift_ram_v12_0_14.c_shift_ram_v12_0_14_viv [\c_shift_ram_v12_0_14_viv(c_xdev...]
Compiling architecture xilinx of entity xfft_v9_1_5.shift_ram [\shift_ram(c_xdevicefamily="arti...]
Compiling architecture struct of entity c_shift_ram_v12_0_14.c_shift_ram_v12_0_14_legacy [\c_shift_ram_v12_0_14_legacy(c_x...]
Compiling architecture synth of entity c_shift_ram_v12_0_14.c_shift_ram_v12_0_14_viv [\c_shift_ram_v12_0_14_viv(c_xdev...]
Compiling architecture xilinx of entity xfft_v9_1_5.shift_ram [\shift_ram(c_xdevicefamily="arti...]
Compiling architecture struct of entity c_shift_ram_v12_0_14.c_shift_ram_v12_0_14_legacy [\c_shift_ram_v12_0_14_legacy(c_x...]
Compiling architecture synth of entity c_shift_ram_v12_0_14.c_shift_ram_v12_0_14_viv [\c_shift_ram_v12_0_14_viv(c_xdev...]
Compiling architecture xilinx of entity xfft_v9_1_5.shift_ram [\shift_ram(c_xdevicefamily="arti...]
Compiling architecture structural of entity c_reg_fd_v12_0_6.c_reg_fd_v12_0_6_viv [\c_reg_fd_v12_0_6_viv(c_width=20...]
Compiling architecture rtl of entity c_addsub_v12_0_14.c_addsub_v12_0_14_lut6_legacy [\c_addsub_v12_0_14_lut6_legacy(c...]
Compiling architecture synth of entity c_addsub_v12_0_14.c_addsub_v12_0_14_fabric_legacy [\c_addsub_v12_0_14_fabric_legacy...]
Compiling architecture synth of entity c_addsub_v12_0_14.c_addsub_v12_0_14_legacy [\c_addsub_v12_0_14_legacy(c_fami...]
Compiling architecture synth of entity c_addsub_v12_0_14.c_addsub_v12_0_14_viv [\c_addsub_v12_0_14_viv(c_xdevice...]
Compiling architecture xilinx of entity xfft_v9_1_5.adder [\adder(c_xdevicefamily="artix7",...]
Compiling architecture struct of entity c_shift_ram_v12_0_14.c_shift_ram_v12_0_14_legacy [\c_shift_ram_v12_0_14_legacy(c_x...]
Compiling architecture synth of entity c_shift_ram_v12_0_14.c_shift_ram_v12_0_14_viv [\c_shift_ram_v12_0_14_viv(c_xdev...]
Compiling architecture xilinx of entity xfft_v9_1_5.shift_ram [\shift_ram(c_xdevicefamily="arti...]
Compiling architecture xilinx of entity xfft_v9_1_5.shift_ram [\shift_ram(c_xdevicefamily="arti...]
Compiling architecture xilinx of entity xfft_v9_1_5.mux_bus2 [\mux_bus2(c_xdevicefamily="artix...]
Compiling architecture xilinx of entity xfft_v9_1_5.shift_ram [\shift_ram(c_xdevicefamily="arti...]
Compiling architecture xilinx of entity xfft_v9_1_5.mux_bus2 [\mux_bus2(c_xdevicefamily="artix...]
Compiling architecture xilinx of entity xfft_v9_1_5.r22_bf_sp [\r22_bf_sp(c_xdevicefamily="arti...]
Compiling architecture synth of entity xfft_v9_1_5.r22_twos_comp_mux [\r22_twos_comp_mux(c_xdevicefami...]
Compiling architecture synth of entity xfft_v9_1_5.r22_twos_comp_mux [\r22_twos_comp_mux(c_xdevicefami...]
Compiling architecture structural of entity c_reg_fd_v12_0_6.c_reg_fd_v12_0_6_viv [\c_reg_fd_v12_0_6_viv(c_width=21...]
Compiling architecture rtl of entity c_addsub_v12_0_14.c_addsub_v12_0_14_lut6_legacy [\c_addsub_v12_0_14_lut6_legacy(c...]
Compiling architecture synth of entity c_addsub_v12_0_14.c_addsub_v12_0_14_fabric_legacy [\c_addsub_v12_0_14_fabric_legacy...]
Compiling architecture synth of entity c_addsub_v12_0_14.c_addsub_v12_0_14_legacy [\c_addsub_v12_0_14_legacy(c_fami...]
Compiling architecture synth of entity c_addsub_v12_0_14.c_addsub_v12_0_14_viv [\c_addsub_v12_0_14_viv(c_xdevice...]
Compiling architecture xilinx of entity xfft_v9_1_5.adder [\adder(c_xdevicefamily="artix7",...]
Compiling architecture xilinx of entity xfft_v9_1_5.shift_ram [\shift_ram(c_xdevicefamily="arti...]
Compiling architecture struct of entity c_shift_ram_v12_0_14.c_shift_ram_v12_0_14_legacy [\c_shift_ram_v12_0_14_legacy(c_x...]
Compiling architecture synth of entity c_shift_ram_v12_0_14.c_shift_ram_v12_0_14_viv [\c_shift_ram_v12_0_14_viv(c_xdev...]
Compiling architecture xilinx of entity xfft_v9_1_5.shift_ram [\shift_ram(c_xdevicefamily="arti...]
Compiling architecture xilinx of entity xfft_v9_1_5.shift_ram [\shift_ram(c_xdevicefamily="arti...]
Compiling architecture xilinx of entity xfft_v9_1_5.mux_bus2 [\mux_bus2(c_xdevicefamily="artix...]
Compiling architecture xilinx of entity xfft_v9_1_5.r22_bf_sp [\r22_bf_sp(c_xdevicefamily="arti...]
Compiling architecture struct of entity c_shift_ram_v12_0_14.c_shift_ram_v12_0_14_legacy [\c_shift_ram_v12_0_14_legacy(c_x...]
Compiling architecture synth of entity c_shift_ram_v12_0_14.c_shift_ram_v12_0_14_viv [\c_shift_ram_v12_0_14_viv(c_xdev...]
Compiling architecture xilinx of entity xfft_v9_1_5.shift_ram [\shift_ram(c_xdevicefamily="arti...]
Compiling architecture struct of entity c_shift_ram_v12_0_14.c_shift_ram_v12_0_14_legacy [\c_shift_ram_v12_0_14_legacy(c_x...]
Compiling architecture synth of entity c_shift_ram_v12_0_14.c_shift_ram_v12_0_14_viv [\c_shift_ram_v12_0_14_viv(c_xdev...]
Compiling architecture xilinx of entity xfft_v9_1_5.shift_ram [\shift_ram(c_xdevicefamily="arti...]
Compiling architecture structural of entity c_reg_fd_v12_0_6.c_reg_fd_v12_0_6_viv [\c_reg_fd_v12_0_6_viv(c_width=5,...]
Compiling architecture rtl of entity c_addsub_v12_0_14.c_addsub_v12_0_14_lut6_legacy [\c_addsub_v12_0_14_lut6_legacy(c...]
Compiling architecture synth of entity c_addsub_v12_0_14.c_addsub_v12_0_14_fabric_legacy [\c_addsub_v12_0_14_fabric_legacy...]
Compiling architecture synth of entity c_addsub_v12_0_14.c_addsub_v12_0_14_legacy [\c_addsub_v12_0_14_legacy(c_fami...]
Compiling architecture synth of entity c_addsub_v12_0_14.c_addsub_v12_0_14_viv [\c_addsub_v12_0_14_viv(c_xdevice...]
Compiling architecture xilinx of entity xfft_v9_1_5.adder [\adder(c_xdevicefamily="artix7",...]
Compiling architecture xilinx of entity xfft_v9_1_5.mux_bus4 [\mux_bus4(c_xdevicefamily="artix...]
Compiling architecture xilinx of entity xfft_v9_1_5.twgen_distmem [\twgen_distmem(theta_width=4,pip...]
Compiling architecture xilinx of entity xfft_v9_1_5.twiddle_gen [\twiddle_gen(c_xdevicefamily="ar...]
Compiling architecture xilinx of entity xfft_v9_1_5.r22_tw_gen [\r22_tw_gen(c_xdevicefamily="art...]
Compiling architecture xilinx of entity cmpy_v6_0_19.delay_line [\delay_line(c_xdevicefamily="art...]
Compiling architecture xilinx of entity cmpy_v6_0_19.delay_line [\delay_line(c_xdevicefamily="art...]
Compiling architecture xilinx of entity mult_gen_v12_0_16.op_resize [\op_resize(ai_width=22,bi_width=...]
Compiling architecture xilinx of entity mult_gen_v12_0_16.dsp [\dsp(c_xdevicefamily="artix7",c_...]
Compiling architecture xilinx of entity cmpy_v6_0_19.cmpy_3_dsp48_mult [\cmpy_3_dsp48_mult(c_xdevicefami...]
Compiling architecture xilinx of entity cmpy_v6_0_19.delay_line [\delay_line(c_xdevicefamily="art...]
Compiling architecture dsp48e1_v of entity unisim.DSP48E1 [\DSP48E1(acascreg=2,alumodereg=0...]
Compiling architecture xilinx of entity mult_gen_v12_0_16.op_resize [\op_resize(ai_width=21,bi_width=...]
Compiling architecture xilinx of entity mult_gen_v12_0_16.dsp [\dsp(c_xdevicefamily="artix7",c_...]
Compiling architecture xilinx of entity cmpy_v6_0_19.cmpy_3_dsp48_mult [\cmpy_3_dsp48_mult(c_xdevicefami...]
Compiling architecture xilinx of entity mult_gen_v12_0_16.dsp [\dsp(c_xdevicefamily="artix7",c_...]
Compiling architecture xilinx of entity cmpy_v6_0_19.cmpy_3_dsp48_mult [\cmpy_3_dsp48_mult(c_xdevicefami...]
Compiling architecture xilinx of entity cmpy_v6_0_19.input_negation [\input_negation(c_xdevicefamily=...]
Compiling architecture xilinx of entity cmpy_v6_0_19.delay_line [\delay_line(c_xdevicefamily="art...]
Compiling architecture xilinx of entity cmpy_v6_0_19.cmpy_3_dsp48 [\cmpy_3_dsp48(c_xdevicefamily="a...]
Compiling architecture xilinx of entity cmpy_v6_0_19.cmpy_v6_0_19_synth [\cmpy_v6_0_19_synth(c_xdevicefam...]
Compiling architecture xilinx of entity xfft_v9_1_5.cmpy [\cmpy(c_xdevicefamily="artix7",a...]
Compiling architecture xilinx of entity xfft_v9_1_5.shift_ram [\shift_ram(c_xdevicefamily="arti...]
Compiling architecture xilinx of entity xfft_v9_1_5.logic_gate [\logic_gate(c_xdevicefamily="art...]
Compiling architecture rtl of entity c_addsub_v12_0_14.c_addsub_v12_0_14_lut6_legacy [\c_addsub_v12_0_14_lut6_legacy(c...]
Compiling architecture synth of entity c_addsub_v12_0_14.c_addsub_v12_0_14_fabric_legacy [\c_addsub_v12_0_14_fabric_legacy...]
Compiling architecture synth of entity c_addsub_v12_0_14.c_addsub_v12_0_14_legacy [\c_addsub_v12_0_14_legacy(c_fami...]
Compiling architecture synth of entity c_addsub_v12_0_14.c_addsub_v12_0_14_viv [\c_addsub_v12_0_14_viv(c_xdevice...]
Compiling architecture xilinx of entity xfft_v9_1_5.unbiased_round [\unbiased_round(c_xdevicefamily=...]
Compiling architecture struct of entity c_shift_ram_v12_0_14.c_shift_ram_v12_0_14_legacy [\c_shift_ram_v12_0_14_legacy(c_x...]
Compiling architecture synth of entity c_shift_ram_v12_0_14.c_shift_ram_v12_0_14_viv [\c_shift_ram_v12_0_14_viv(c_xdev...]
Compiling architecture xilinx of entity xfft_v9_1_5.shift_ram [\shift_ram(c_xdevicefamily="arti...]
Compiling architecture xilinx of entity xfft_v9_1_5.shift_ram [\shift_ram(c_xdevicefamily="arti...]
Compiling architecture xilinx of entity xfft_v9_1_5.r22_pe [\r22_pe(c_xdevicefamily="artix7"...]
Compiling architecture xilinx of entity xfft_v9_1_5.r22_cnt_ctrl [\r22_cnt_ctrl(c_xdevicefamily="a...]
Compiling architecture xilinx of entity xfft_v9_1_5.r22_cnt_ctrl [\r22_cnt_ctrl(c_xdevicefamily="a...]
Compiling architecture struct of entity c_shift_ram_v12_0_14.c_shift_ram_v12_0_14_legacy [\c_shift_ram_v12_0_14_legacy(c_x...]
Compiling architecture synth of entity c_shift_ram_v12_0_14.c_shift_ram_v12_0_14_viv [\c_shift_ram_v12_0_14_viv(c_xdev...]
Compiling architecture xilinx of entity xfft_v9_1_5.shift_ram [\shift_ram(c_xdevicefamily="arti...]
Compiling architecture struct of entity c_shift_ram_v12_0_14.c_shift_ram_v12_0_14_legacy [\c_shift_ram_v12_0_14_legacy(c_x...]
Compiling architecture synth of entity c_shift_ram_v12_0_14.c_shift_ram_v12_0_14_viv [\c_shift_ram_v12_0_14_viv(c_xdev...]
Compiling architecture xilinx of entity xfft_v9_1_5.shift_ram [\shift_ram(c_xdevicefamily="arti...]
Compiling architecture struct of entity c_shift_ram_v12_0_14.c_shift_ram_v12_0_14_legacy [\c_shift_ram_v12_0_14_legacy(c_x...]
Compiling architecture synth of entity c_shift_ram_v12_0_14.c_shift_ram_v12_0_14_viv [\c_shift_ram_v12_0_14_viv(c_xdev...]
Compiling architecture xilinx of entity xfft_v9_1_5.shift_ram [\shift_ram(c_xdevicefamily="arti...]
Compiling architecture struct of entity c_shift_ram_v12_0_14.c_shift_ram_v12_0_14_legacy [\c_shift_ram_v12_0_14_legacy(c_x...]
Compiling architecture synth of entity c_shift_ram_v12_0_14.c_shift_ram_v12_0_14_viv [\c_shift_ram_v12_0_14_viv(c_xdev...]
Compiling architecture xilinx of entity xfft_v9_1_5.shift_ram [\shift_ram(c_xdevicefamily="arti...]
Compiling architecture structural of entity c_reg_fd_v12_0_6.c_reg_fd_v12_0_6_viv [\c_reg_fd_v12_0_6_viv(c_width=22...]
Compiling architecture rtl of entity c_addsub_v12_0_14.c_addsub_v12_0_14_lut6_legacy [\c_addsub_v12_0_14_lut6_legacy(c...]
Compiling architecture synth of entity c_addsub_v12_0_14.c_addsub_v12_0_14_fabric_legacy [\c_addsub_v12_0_14_fabric_legacy...]
Compiling architecture synth of entity c_addsub_v12_0_14.c_addsub_v12_0_14_legacy [\c_addsub_v12_0_14_legacy(c_fami...]
Compiling architecture synth of entity c_addsub_v12_0_14.c_addsub_v12_0_14_viv [\c_addsub_v12_0_14_viv(c_xdevice...]
Compiling architecture xilinx of entity xfft_v9_1_5.adder [\adder(c_xdevicefamily="artix7",...]
Compiling architecture xilinx of entity xfft_v9_1_5.shift_ram [\shift_ram(c_xdevicefamily="arti...]
Compiling architecture xilinx of entity xfft_v9_1_5.shift_ram [\shift_ram(c_xdevicefamily="arti...]
Compiling architecture xilinx of entity xfft_v9_1_5.mux_bus2 [\mux_bus2(c_xdevicefamily="artix...]
Compiling architecture xilinx of entity xfft_v9_1_5.r22_bf_sp [\r22_bf_sp(c_xdevicefamily="arti...]
Compiling architecture synth of entity xfft_v9_1_5.r22_twos_comp_mux [\r22_twos_comp_mux(c_xdevicefami...]
Compiling architecture synth of entity xfft_v9_1_5.r22_twos_comp_mux [\r22_twos_comp_mux(c_xdevicefami...]
Compiling architecture structural of entity c_reg_fd_v12_0_6.c_reg_fd_v12_0_6_viv [\c_reg_fd_v12_0_6_viv(c_width=23...]
Compiling architecture rtl of entity c_addsub_v12_0_14.c_addsub_v12_0_14_lut6_legacy [\c_addsub_v12_0_14_lut6_legacy(c...]
Compiling architecture synth of entity c_addsub_v12_0_14.c_addsub_v12_0_14_fabric_legacy [\c_addsub_v12_0_14_fabric_legacy...]
Compiling architecture synth of entity c_addsub_v12_0_14.c_addsub_v12_0_14_legacy [\c_addsub_v12_0_14_legacy(c_fami...]
Compiling architecture synth of entity c_addsub_v12_0_14.c_addsub_v12_0_14_viv [\c_addsub_v12_0_14_viv(c_xdevice...]
Compiling architecture xilinx of entity xfft_v9_1_5.adder [\adder(c_xdevicefamily="artix7",...]
Compiling architecture xilinx of entity xfft_v9_1_5.shift_ram [\shift_ram(c_xdevicefamily="arti...]
Compiling architecture xilinx of entity xfft_v9_1_5.mux_bus2 [\mux_bus2(c_xdevicefamily="artix...]
Compiling architecture xilinx of entity xfft_v9_1_5.r22_bf_sp [\r22_bf_sp(c_xdevicefamily="arti...]
Compiling architecture xilinx of entity xfft_v9_1_5.shift_ram [\shift_ram(c_xdevicefamily="arti...]
Compiling architecture struct of entity c_shift_ram_v12_0_14.c_shift_ram_v12_0_14_legacy [\c_shift_ram_v12_0_14_legacy(c_x...]
Compiling architecture synth of entity c_shift_ram_v12_0_14.c_shift_ram_v12_0_14_viv [\c_shift_ram_v12_0_14_viv(c_xdev...]
Compiling architecture xilinx of entity xfft_v9_1_5.shift_ram [\shift_ram(c_xdevicefamily="arti...]
Compiling architecture structural of entity c_reg_fd_v12_0_6.c_reg_fd_v12_0_6_viv [\c_reg_fd_v12_0_6_viv(c_width=3,...]
Compiling architecture rtl of entity c_addsub_v12_0_14.c_addsub_v12_0_14_lut6_legacy [\c_addsub_v12_0_14_lut6_legacy(c...]
Compiling architecture synth of entity c_addsub_v12_0_14.c_addsub_v12_0_14_fabric_legacy [\c_addsub_v12_0_14_fabric_legacy...]
Compiling architecture synth of entity c_addsub_v12_0_14.c_addsub_v12_0_14_legacy [\c_addsub_v12_0_14_legacy(c_fami...]
Compiling architecture synth of entity c_addsub_v12_0_14.c_addsub_v12_0_14_viv [\c_addsub_v12_0_14_viv(c_xdevice...]
Compiling architecture xilinx of entity xfft_v9_1_5.adder [\adder(c_xdevicefamily="artix7",...]
Compiling architecture xilinx of entity xfft_v9_1_5.mux_bus4 [\mux_bus4(c_xdevicefamily="artix...]
Compiling architecture xilinx of entity xfft_v9_1_5.twgen_distmem [\twgen_distmem(theta_width=2,pip...]
Compiling architecture xilinx of entity xfft_v9_1_5.twiddle_gen [\twiddle_gen(c_xdevicefamily="ar...]
Compiling architecture xilinx of entity xfft_v9_1_5.r22_tw_gen [\r22_tw_gen(c_xdevicefamily="art...]
Compiling architecture xilinx of entity cmpy_v6_0_19.delay_line [\delay_line(c_xdevicefamily="art...]
Compiling architecture xilinx of entity mult_gen_v12_0_16.op_resize [\op_resize(ai_width=24,bi_width=...]
Compiling architecture xilinx of entity mult_gen_v12_0_16.dsp [\dsp(c_xdevicefamily="artix7",c_...]
Compiling architecture xilinx of entity cmpy_v6_0_19.cmpy_3_dsp48_mult [\cmpy_3_dsp48_mult(c_xdevicefami...]
Compiling architecture xilinx of entity cmpy_v6_0_19.delay_line [\delay_line(c_xdevicefamily="art...]
Compiling architecture xilinx of entity mult_gen_v12_0_16.op_resize [\op_resize(ai_width=23,bi_width=...]
Compiling architecture xilinx of entity mult_gen_v12_0_16.dsp [\dsp(c_xdevicefamily="artix7",c_...]
Compiling architecture xilinx of entity cmpy_v6_0_19.cmpy_3_dsp48_mult [\cmpy_3_dsp48_mult(c_xdevicefami...]
Compiling architecture xilinx of entity mult_gen_v12_0_16.dsp [\dsp(c_xdevicefamily="artix7",c_...]
Compiling architecture xilinx of entity cmpy_v6_0_19.cmpy_3_dsp48_mult [\cmpy_3_dsp48_mult(c_xdevicefami...]
Compiling architecture xilinx of entity cmpy_v6_0_19.input_negation [\input_negation(c_xdevicefamily=...]
Compiling architecture xilinx of entity cmpy_v6_0_19.delay_line [\delay_line(c_xdevicefamily="art...]
Compiling architecture xilinx of entity cmpy_v6_0_19.cmpy_3_dsp48 [\cmpy_3_dsp48(c_xdevicefamily="a...]
Compiling architecture xilinx of entity cmpy_v6_0_19.cmpy_v6_0_19_synth [\cmpy_v6_0_19_synth(c_xdevicefam...]
Compiling architecture xilinx of entity xfft_v9_1_5.cmpy [\cmpy(c_xdevicefamily="artix7",a...]
Compiling architecture xilinx of entity xfft_v9_1_5.shift_ram [\shift_ram(c_xdevicefamily="arti...]
Compiling architecture xilinx of entity xfft_v9_1_5.logic_gate [\logic_gate(c_xdevicefamily="art...]
Compiling architecture rtl of entity c_addsub_v12_0_14.c_addsub_v12_0_14_lut6_legacy [\c_addsub_v12_0_14_lut6_legacy(c...]
Compiling architecture synth of entity c_addsub_v12_0_14.c_addsub_v12_0_14_fabric_legacy [\c_addsub_v12_0_14_fabric_legacy...]
Compiling architecture synth of entity c_addsub_v12_0_14.c_addsub_v12_0_14_legacy [\c_addsub_v12_0_14_legacy(c_fami...]
Compiling architecture synth of entity c_addsub_v12_0_14.c_addsub_v12_0_14_viv [\c_addsub_v12_0_14_viv(c_xdevice...]
Compiling architecture xilinx of entity xfft_v9_1_5.unbiased_round [\unbiased_round(c_xdevicefamily=...]
Compiling architecture xilinx of entity xfft_v9_1_5.shift_ram [\shift_ram(c_xdevicefamily="arti...]
Compiling architecture xilinx of entity xfft_v9_1_5.shift_ram [\shift_ram(c_xdevicefamily="arti...]
Compiling architecture xilinx of entity xfft_v9_1_5.r22_pe [\r22_pe(c_xdevicefamily="artix7"...]
Compiling architecture structural of entity c_reg_fd_v12_0_6.c_reg_fd_v12_0_6_viv [\c_reg_fd_v12_0_6_viv(c_width=24...]
Compiling architecture rtl of entity c_addsub_v12_0_14.c_addsub_v12_0_14_lut6_legacy [\c_addsub_v12_0_14_lut6_legacy(c...]
Compiling architecture synth of entity c_addsub_v12_0_14.c_addsub_v12_0_14_fabric_legacy [\c_addsub_v12_0_14_fabric_legacy...]
Compiling architecture synth of entity c_addsub_v12_0_14.c_addsub_v12_0_14_legacy [\c_addsub_v12_0_14_legacy(c_fami...]
Compiling architecture synth of entity c_addsub_v12_0_14.c_addsub_v12_0_14_viv [\c_addsub_v12_0_14_viv(c_xdevice...]
Compiling architecture xilinx of entity xfft_v9_1_5.adder [\adder(c_xdevicefamily="artix7",...]
Compiling architecture xilinx of entity xfft_v9_1_5.shift_ram [\shift_ram(c_xdevicefamily="arti...]
Compiling architecture xilinx of entity xfft_v9_1_5.shift_ram [\shift_ram(c_xdevicefamily="arti...]
Compiling architecture xilinx of entity xfft_v9_1_5.mux_bus2 [\mux_bus2(c_xdevicefamily="artix...]
Compiling architecture xilinx of entity xfft_v9_1_5.r22_bf_sp [\r22_bf_sp(c_xdevicefamily="arti...]
Compiling architecture xilinx of entity xfft_v9_1_5.shift_ram [\shift_ram(c_xdevicefamily="arti...]
Compiling architecture xilinx of entity xfft_v9_1_5.shift_ram [\shift_ram(c_xdevicefamily="arti...]
Compiling architecture xilinx of entity xfft_v9_1_5.shift_ram [\shift_ram(c_xdevicefamily="arti...]
Compiling architecture xilinx of entity xfft_v9_1_5.r22_pe [\r22_pe(c_xdevicefamily="artix7"...]
Compiling architecture xilinx of entity xfft_v9_1_5.shift_ram [\shift_ram(c_xdevicefamily="arti...]
Compiling architecture xilinx of entity xfft_v9_1_5.shift_ram [\shift_ram(c_xdevicefamily="arti...]
Compiling architecture xilinx of entity xfft_v9_1_5.shift_ram [\shift_ram(c_xdevicefamily="arti...]
Compiling architecture xilinx of entity xfft_v9_1_5.shift_ram [\shift_ram(c_xdevicefamily="arti...]
Compiling architecture xilinx of entity xfft_v9_1_5.shift_ram [\shift_ram(c_xdevicefamily="arti...]
Compiling architecture synth of entity xfft_v9_1_5.r22_shift_decode [\r22_shift_decode(c_nfft_max=7,c...]
Compiling architecture muxf7_v of entity unisim.MUXF7 [muxf7_default]
Compiling architecture muxf8_v of entity unisim.MUXF8 [muxf8_default]
Compiling architecture xilinx of entity xfft_v9_1_5.mux_bus16 [\mux_bus16(c_xdevicefamily="arti...]
Compiling architecture xilinx of entity xfft_v9_1_5.r22_right_shift [\r22_right_shift(c_xdevicefamily...]
Compiling architecture xilinx of entity xfft_v9_1_5.shift_ram [\shift_ram(c_xdevicefamily="arti...]
Compiling architecture xilinx of entity xfft_v9_1_5.r22_var_unbiased_round [\r22_var_unbiased_round(c_xdevic...]
Compiling architecture xilinx of entity xfft_v9_1_5.shift_ram [\shift_ram(c_xdevicefamily="arti...]
Compiling architecture xilinx of entity xfft_v9_1_5.shift_ram [\shift_ram(c_xdevicefamily="arti...]
Compiling architecture xilinx of entity xfft_v9_1_5.shift_ram [\shift_ram(c_xdevicefamily="arti...]
Compiling architecture rb18_internal_vhdl_v of entity unisim.RB18_INTERNAL_VHDL [\RB18_INTERNAL_VHDL(bram_size=18...]
Compiling architecture ramb18e1_v of entity unisim.RAMB18E1 [\RAMB18E1(doa_reg=1,dob_reg=1,ra...]
Compiling architecture xilinx of entity xfft_v9_1_5.dpm [\dpm(c_xdevicefamily="artix7",wm...]
Compiling architecture xilinx of entity xfft_v9_1_5.r22_memory [\r22_memory(c_xdevicefamily="art...]
Compiling architecture xilinx of entity xfft_v9_1_5.shift_ram [\shift_ram(c_xdevicefamily="arti...]
Compiling architecture xilinx of entity xfft_v9_1_5.shift_ram [\shift_ram(c_xdevicefamily="arti...]
Compiling architecture xilinx of entity xfft_v9_1_5.shift_ram [\shift_ram(c_xdevicefamily="arti...]
Compiling architecture xilinx of entity xfft_v9_1_5.shift_ram [\shift_ram(c_xdevicefamily="arti...]
Compiling architecture xilinx of entity xfft_v9_1_5.r22_busy [\r22_busy(c_xdevicefamily="artix...]
Compiling architecture fdre_v of entity unisim.FDRE [fdre_default]
Compiling architecture muxcy_v of entity unisim.MUXCY [muxcy_default]
Compiling architecture xorcy_v of entity unisim.XORCY [xorcy_default]
Compiling architecture rtl of entity c_addsub_v12_0_14.c_addsub_v12_0_14_lut6_legacy [\c_addsub_v12_0_14_lut6_legacy(c...]
Compiling architecture synth of entity c_addsub_v12_0_14.c_addsub_v12_0_14_fabric_legacy [\c_addsub_v12_0_14_fabric_legacy...]
Compiling architecture synth of entity c_addsub_v12_0_14.c_addsub_v12_0_14_legacy [\c_addsub_v12_0_14_legacy(c_fami...]
Compiling architecture synth of entity c_addsub_v12_0_14.c_addsub_v12_0_14_viv [\c_addsub_v12_0_14_viv(c_xdevice...]
Compiling architecture xilinx of entity xfft_v9_1_5.logic_gate [\logic_gate(c_xdevicefamily="art...]
Compiling architecture fdse_v of entity unisim.FDSE [fdse_default]
Compiling architecture xilinx of entity xfft_v9_1_5.cnt_sat [\cnt_sat(c_xdevicefamily="artix7...]
Compiling architecture rtl of entity c_addsub_v12_0_14.c_addsub_v12_0_14_lut6_legacy [\c_addsub_v12_0_14_lut6_legacy(c...]
Compiling architecture synth of entity c_addsub_v12_0_14.c_addsub_v12_0_14_fabric_legacy [\c_addsub_v12_0_14_fabric_legacy...]
Compiling architecture synth of entity c_addsub_v12_0_14.c_addsub_v12_0_14_legacy [\c_addsub_v12_0_14_legacy(c_fami...]
Compiling architecture synth of entity c_addsub_v12_0_14.c_addsub_v12_0_14_viv [\c_addsub_v12_0_14_viv(c_xdevice...]
Compiling architecture xilinx of entity xfft_v9_1_5.logic_gate [\logic_gate(c_xdevicefamily="art...]
Compiling architecture xilinx of entity xfft_v9_1_5.cnt_sat [\cnt_sat(c_xdevicefamily="artix7...]
Compiling architecture rtl of entity c_addsub_v12_0_14.c_addsub_v12_0_14_lut6_legacy [\c_addsub_v12_0_14_lut6_legacy(c...]
Compiling architecture synth of entity c_addsub_v12_0_14.c_addsub_v12_0_14_fabric_legacy [\c_addsub_v12_0_14_fabric_legacy...]
Compiling architecture synth of entity c_addsub_v12_0_14.c_addsub_v12_0_14_legacy [\c_addsub_v12_0_14_legacy(c_fami...]
Compiling architecture synth of entity c_addsub_v12_0_14.c_addsub_v12_0_14_viv [\c_addsub_v12_0_14_viv(c_xdevice...]
Compiling architecture xilinx of entity xfft_v9_1_5.logic_gate [\logic_gate(c_xdevicefamily="art...]
Compiling architecture xilinx of entity xfft_v9_1_5.cnt_sat [\cnt_sat(c_xdevicefamily="artix7...]
Compiling architecture xilinx of entity xfft_v9_1_5.logic_gate [\logic_gate(c_xdevicefamily="art...]
Compiling architecture xilinx of entity xfft_v9_1_5.cnt_sat [\cnt_sat(c_xdevicefamily="artix7...]
Compiling architecture rtl of entity c_addsub_v12_0_14.c_addsub_v12_0_14_lut6_legacy [\c_addsub_v12_0_14_lut6_legacy(c...]
Compiling architecture synth of entity c_addsub_v12_0_14.c_addsub_v12_0_14_fabric_legacy [\c_addsub_v12_0_14_fabric_legacy...]
Compiling architecture synth of entity c_addsub_v12_0_14.c_addsub_v12_0_14_legacy [\c_addsub_v12_0_14_legacy(c_fami...]
Compiling architecture synth of entity c_addsub_v12_0_14.c_addsub_v12_0_14_viv [\c_addsub_v12_0_14_viv(c_xdevice...]
Compiling architecture xilinx of entity xfft_v9_1_5.logic_gate [\logic_gate(c_xdevicefamily="art...]
Compiling architecture xilinx of entity xfft_v9_1_5.cnt_sat [\cnt_sat(c_xdevicefamily="artix7...]
Compiling architecture structural of entity c_reg_fd_v12_0_6.c_reg_fd_v12_0_6_viv [\c_reg_fd_v12_0_6_viv(c_width=7,...]
Compiling architecture rtl of entity c_addsub_v12_0_14.c_addsub_v12_0_14_lut6_legacy [\c_addsub_v12_0_14_lut6_legacy(c...]
Compiling architecture synth of entity c_addsub_v12_0_14.c_addsub_v12_0_14_fabric_legacy [\c_addsub_v12_0_14_fabric_legacy...]
Compiling architecture synth of entity c_addsub_v12_0_14.c_addsub_v12_0_14_legacy [\c_addsub_v12_0_14_legacy(c_fami...]
Compiling architecture synth of entity c_addsub_v12_0_14.c_addsub_v12_0_14_viv [\c_addsub_v12_0_14_viv(c_xdevice...]
Compiling architecture lut6_v of entity unisim.LUT6 [\LUT6(init="10010000000010010000...]
Compiling architecture xilinx of entity xfft_v9_1_5.equ_rtl [\equ_rtl(c_xdevicefamily="artix7...]
Compiling architecture xilinx of entity xfft_v9_1_5.cnt_tc_rtl_a [\cnt_tc_rtl_a(c_xdevicefamily="a...]
Compiling architecture struct of entity c_shift_ram_v12_0_14.c_shift_ram_v12_0_14_legacy [\c_shift_ram_v12_0_14_legacy(c_x...]
Compiling architecture synth of entity c_shift_ram_v12_0_14.c_shift_ram_v12_0_14_viv [\c_shift_ram_v12_0_14_viv(c_xdev...]
Compiling architecture xilinx of entity xfft_v9_1_5.shift_ram [\shift_ram(c_xdevicefamily="arti...]
Compiling architecture xilinx of entity xfft_v9_1_5.r22_flow_ctrl [\r22_flow_ctrl(c_xdevicefamily="...]
Compiling architecture lut3_v of entity unisim.LUT3 [\LUT3(init="10101110")(0,7)\]
Compiling architecture xilinx of entity xfft_v9_1_5.r22_cnt_ctrl [\r22_cnt_ctrl(c_xdevicefamily="a...]
Compiling architecture srl16e_v of entity unisim.SRL16E [\SRL16E(0,15)\]
Compiling architecture xilinx of entity xfft_v9_1_5.shift_ram [\shift_ram(c_xdevicefamily="arti...]
Compiling architecture fdr_v of entity unisim.FDR [fdr_default]
Compiling architecture xilinx of entity xfft_v9_1_5.shift_ram [\shift_ram(c_xdevicefamily="arti...]
Compiling architecture xilinx of entity xfft_v9_1_5.shift_ram [\shift_ram(c_xdevicefamily="arti...]
Compiling architecture xilinx of entity xfft_v9_1_5.xfft_v9_1_5_d [\xfft_v9_1_5_d(c_xdevicefamily="...]
Compiling architecture synth of entity xfft_v9_1_5.xfft_v9_1_5_core [\xfft_v9_1_5_core(c_xdevicefamil...]
Compiling architecture synth of entity xfft_v9_1_5.xfft_v9_1_5_viv [\xfft_v9_1_5_viv(c_xdevicefamily...]
Compiling architecture xilinx of entity xfft_v9_1_5.xfft_v9_1_5 [\xfft_v9_1_5(c_xdevicefamily="ar...]
Compiling architecture xfft_0_arch of entity xil_defaultlib.xfft_0 [xfft_0_default]
Compiling architecture synth of entity xbip_pipe_v3_0_6.xbip_pipe_v3_0_6_viv [\xbip_pipe_v3_0_6_viv(c_latency=...]
Compiling architecture struct_all of entity cordic_v6_0_16.delay [\delay(delay_len=0,family="artix...]
Compiling architecture rtl of entity c_addsub_v12_0_14.c_addsub_v12_0_14_lut6_legacy [\c_addsub_v12_0_14_lut6_legacy(c...]
Compiling architecture synth of entity c_addsub_v12_0_14.c_addsub_v12_0_14_fabric_legacy [\c_addsub_v12_0_14_fabric_legacy...]
Compiling architecture synth of entity c_addsub_v12_0_14.c_addsub_v12_0_14_legacy [\c_addsub_v12_0_14_legacy(c_fami...]
Compiling architecture synth of entity c_addsub_v12_0_14.c_addsub_v12_0_14_viv [\c_addsub_v12_0_14_viv(c_xdevice...]
Compiling architecture synth of entity cordic_v6_0_16.addsub [\addsub(family="artix7",add_mode...]
Compiling architecture struct_all of entity cordic_v6_0_16.delay [\delay(delay_len=0,family="artix...]
Compiling architecture struct_all of entity cordic_v6_0_16.delay [\delay(delay_len=4,family="artix...]
Compiling architecture synth of entity cordic_v6_0_16.cordic_sqrt_mod [\cordic_sqrt_mod(p_xdevicefamily...]
Compiling architecture struct_all of entity cordic_v6_0_16.delay [\delay(delay_len=1,family="artix...]
Compiling architecture rtl of entity c_addsub_v12_0_14.c_addsub_v12_0_14_lut6_legacy [\c_addsub_v12_0_14_lut6_legacy(c...]
Compiling architecture synth of entity c_addsub_v12_0_14.c_addsub_v12_0_14_fabric_legacy [\c_addsub_v12_0_14_fabric_legacy...]
Compiling architecture synth of entity c_addsub_v12_0_14.c_addsub_v12_0_14_legacy [\c_addsub_v12_0_14_legacy(c_fami...]
Compiling architecture synth of entity c_addsub_v12_0_14.c_addsub_v12_0_14_viv [\c_addsub_v12_0_14_viv(c_xdevice...]
Compiling architecture synth of entity cordic_v6_0_16.addsub [\addsub(family="artix7",add_mode...]
Compiling architecture struct_all of entity cordic_v6_0_16.delay [\delay(delay_len=1,family="artix...]
Compiling architecture synth of entity cordic_v6_0_16.cordic_sqrt_mod [\cordic_sqrt_mod(p_xdevicefamily...]
Compiling architecture struct_all of entity cordic_v6_0_16.delay [\delay(delay_len=1,family="artix...]
Compiling architecture rtl of entity c_addsub_v12_0_14.c_addsub_v12_0_14_lut6_legacy [\c_addsub_v12_0_14_lut6_legacy(c...]
Compiling architecture synth of entity c_addsub_v12_0_14.c_addsub_v12_0_14_fabric_legacy [\c_addsub_v12_0_14_fabric_legacy...]
Compiling architecture synth of entity c_addsub_v12_0_14.c_addsub_v12_0_14_legacy [\c_addsub_v12_0_14_legacy(c_fami...]
Compiling architecture synth of entity c_addsub_v12_0_14.c_addsub_v12_0_14_viv [\c_addsub_v12_0_14_viv(c_xdevice...]
Compiling architecture synth of entity cordic_v6_0_16.addsub [\addsub(family="artix7",add_mode...]
Compiling architecture struct_all of entity cordic_v6_0_16.delay [\delay(delay_len=1,family="artix...]
Compiling architecture struct_all of entity cordic_v6_0_16.delay [\delay(delay_len=3,family="artix...]
Compiling architecture synth of entity cordic_v6_0_16.cordic_sqrt_mod [\cordic_sqrt_mod(p_xdevicefamily...]
Compiling architecture struct_all of entity cordic_v6_0_16.delay [\delay(delay_len=0,family="artix...]
Compiling architecture rtl of entity c_addsub_v12_0_14.c_addsub_v12_0_14_lut6_legacy [\c_addsub_v12_0_14_lut6_legacy(c...]
Compiling architecture synth of entity c_addsub_v12_0_14.c_addsub_v12_0_14_fabric_legacy [\c_addsub_v12_0_14_fabric_legacy...]
Compiling architecture synth of entity c_addsub_v12_0_14.c_addsub_v12_0_14_legacy [\c_addsub_v12_0_14_legacy(c_fami...]
Compiling architecture synth of entity c_addsub_v12_0_14.c_addsub_v12_0_14_viv [\c_addsub_v12_0_14_viv(c_xdevice...]
Compiling architecture synth of entity cordic_v6_0_16.addsub [\addsub(family="artix7",add_mode...]
Compiling architecture struct_all of entity cordic_v6_0_16.delay [\delay(delay_len=0,family="artix...]
Compiling architecture struct_all of entity cordic_v6_0_16.delay [\delay(delay_len=5,family="artix...]
Compiling architecture synth of entity cordic_v6_0_16.cordic_sqrt_mod [\cordic_sqrt_mod(p_xdevicefamily...]
Compiling architecture struct_all of entity cordic_v6_0_16.delay [\delay(delay_len=0,family="artix...]
Compiling architecture rtl of entity c_addsub_v12_0_14.c_addsub_v12_0_14_lut6_legacy [\c_addsub_v12_0_14_lut6_legacy(c...]
Compiling architecture synth of entity c_addsub_v12_0_14.c_addsub_v12_0_14_fabric_legacy [\c_addsub_v12_0_14_fabric_legacy...]
Compiling architecture synth of entity c_addsub_v12_0_14.c_addsub_v12_0_14_legacy [\c_addsub_v12_0_14_legacy(c_fami...]
Compiling architecture synth of entity c_addsub_v12_0_14.c_addsub_v12_0_14_viv [\c_addsub_v12_0_14_viv(c_xdevice...]
Compiling architecture synth of entity cordic_v6_0_16.addsub [\addsub(family="artix7",add_mode...]
Compiling architecture struct_all of entity cordic_v6_0_16.delay [\delay(delay_len=0,family="artix...]
Compiling architecture synth of entity cordic_v6_0_16.cordic_sqrt_mod [\cordic_sqrt_mod(p_xdevicefamily...]
Compiling architecture struct_all of entity cordic_v6_0_16.delay [\delay(delay_len=1,family="artix...]
Compiling architecture rtl of entity c_addsub_v12_0_14.c_addsub_v12_0_14_lut6_legacy [\c_addsub_v12_0_14_lut6_legacy(c...]
Compiling architecture synth of entity c_addsub_v12_0_14.c_addsub_v12_0_14_fabric_legacy [\c_addsub_v12_0_14_fabric_legacy...]
Compiling architecture synth of entity c_addsub_v12_0_14.c_addsub_v12_0_14_legacy [\c_addsub_v12_0_14_legacy(c_fami...]
Compiling architecture synth of entity c_addsub_v12_0_14.c_addsub_v12_0_14_viv [\c_addsub_v12_0_14_viv(c_xdevice...]
Compiling architecture synth of entity cordic_v6_0_16.addsub [\addsub(family="artix7",add_mode...]
Compiling architecture struct_all of entity cordic_v6_0_16.delay [\delay(delay_len=1,family="artix...]
Compiling architecture synth of entity cordic_v6_0_16.cordic_sqrt_mod [\cordic_sqrt_mod(p_xdevicefamily...]
Compiling architecture struct_all of entity cordic_v6_0_16.delay [\delay(delay_len=1,family="artix...]
Compiling architecture rtl of entity c_addsub_v12_0_14.c_addsub_v12_0_14_lut6_legacy [\c_addsub_v12_0_14_lut6_legacy(c...]
Compiling architecture synth of entity c_addsub_v12_0_14.c_addsub_v12_0_14_fabric_legacy [\c_addsub_v12_0_14_fabric_legacy...]
Compiling architecture synth of entity c_addsub_v12_0_14.c_addsub_v12_0_14_legacy [\c_addsub_v12_0_14_legacy(c_fami...]
Compiling architecture synth of entity c_addsub_v12_0_14.c_addsub_v12_0_14_viv [\c_addsub_v12_0_14_viv(c_xdevice...]
Compiling architecture synth of entity cordic_v6_0_16.addsub [\addsub(family="artix7",add_mode...]
Compiling architecture struct_all of entity cordic_v6_0_16.delay [\delay(delay_len=1,family="artix...]
Compiling architecture struct_all of entity cordic_v6_0_16.delay [\delay(delay_len=2,family="artix...]
Compiling architecture synth of entity cordic_v6_0_16.cordic_sqrt_mod [\cordic_sqrt_mod(p_xdevicefamily...]
Compiling architecture struct_all of entity cordic_v6_0_16.delay [\delay(delay_len=0,family="artix...]
Compiling architecture rtl of entity c_addsub_v12_0_14.c_addsub_v12_0_14_lut6_legacy [\c_addsub_v12_0_14_lut6_legacy(c...]
Compiling architecture synth of entity c_addsub_v12_0_14.c_addsub_v12_0_14_fabric_legacy [\c_addsub_v12_0_14_fabric_legacy...]
Compiling architecture synth of entity c_addsub_v12_0_14.c_addsub_v12_0_14_legacy [\c_addsub_v12_0_14_legacy(c_fami...]
Compiling architecture synth of entity c_addsub_v12_0_14.c_addsub_v12_0_14_viv [\c_addsub_v12_0_14_viv(c_xdevice...]
Compiling architecture synth of entity cordic_v6_0_16.addsub [\addsub(family="artix7",add_mode...]
Compiling architecture struct_all of entity cordic_v6_0_16.delay [\delay(delay_len=0,family="artix...]
Compiling architecture struct_all of entity cordic_v6_0_16.delay [\delay(delay_len=6,family="artix...]
Compiling architecture synth of entity cordic_v6_0_16.cordic_sqrt_mod [\cordic_sqrt_mod(p_xdevicefamily...]
Compiling architecture struct_all of entity cordic_v6_0_16.delay [\delay(delay_len=0,family="artix...]
Compiling architecture rtl of entity c_addsub_v12_0_14.c_addsub_v12_0_14_lut6_legacy [\c_addsub_v12_0_14_lut6_legacy(c...]
Compiling architecture synth of entity c_addsub_v12_0_14.c_addsub_v12_0_14_fabric_legacy [\c_addsub_v12_0_14_fabric_legacy...]
Compiling architecture synth of entity c_addsub_v12_0_14.c_addsub_v12_0_14_legacy [\c_addsub_v12_0_14_legacy(c_fami...]
Compiling architecture synth of entity c_addsub_v12_0_14.c_addsub_v12_0_14_viv [\c_addsub_v12_0_14_viv(c_xdevice...]
Compiling architecture synth of entity cordic_v6_0_16.addsub [\addsub(family="artix7",add_mode...]
Compiling architecture struct_all of entity cordic_v6_0_16.delay [\delay(delay_len=0,family="artix...]
Compiling architecture synth of entity cordic_v6_0_16.cordic_sqrt_mod [\cordic_sqrt_mod(p_xdevicefamily...]
Compiling architecture struct_all of entity cordic_v6_0_16.delay [\delay(delay_len=1,family="artix...]
Compiling architecture rtl of entity c_addsub_v12_0_14.c_addsub_v12_0_14_lut6_legacy [\c_addsub_v12_0_14_lut6_legacy(c...]
Compiling architecture synth of entity c_addsub_v12_0_14.c_addsub_v12_0_14_fabric_legacy [\c_addsub_v12_0_14_fabric_legacy...]
Compiling architecture synth of entity c_addsub_v12_0_14.c_addsub_v12_0_14_legacy [\c_addsub_v12_0_14_legacy(c_fami...]
Compiling architecture synth of entity c_addsub_v12_0_14.c_addsub_v12_0_14_viv [\c_addsub_v12_0_14_viv(c_xdevice...]
Compiling architecture synth of entity cordic_v6_0_16.addsub [\addsub(family="artix7",add_mode...]
Compiling architecture struct_all of entity cordic_v6_0_16.delay [\delay(delay_len=1,family="artix...]
Compiling architecture synth of entity cordic_v6_0_16.cordic_sqrt_mod [\cordic_sqrt_mod(p_xdevicefamily...]
Compiling architecture struct_all of entity cordic_v6_0_16.delay [\delay(delay_len=1,family="artix...]
Compiling architecture rtl of entity c_addsub_v12_0_14.c_addsub_v12_0_14_lut6_legacy [\c_addsub_v12_0_14_lut6_legacy(c...]
Compiling architecture synth of entity c_addsub_v12_0_14.c_addsub_v12_0_14_fabric_legacy [\c_addsub_v12_0_14_fabric_legacy...]
Compiling architecture synth of entity c_addsub_v12_0_14.c_addsub_v12_0_14_legacy [\c_addsub_v12_0_14_legacy(c_fami...]
Compiling architecture synth of entity c_addsub_v12_0_14.c_addsub_v12_0_14_viv [\c_addsub_v12_0_14_viv(c_xdevice...]
Compiling architecture synth of entity cordic_v6_0_16.addsub [\addsub(family="artix7",add_mode...]
Compiling architecture struct_all of entity cordic_v6_0_16.delay [\delay(delay_len=1,family="artix...]
Compiling architecture struct_all of entity cordic_v6_0_16.delay [\delay(delay_len=1,family="artix...]
Compiling architecture synth of entity cordic_v6_0_16.cordic_sqrt_mod [\cordic_sqrt_mod(p_xdevicefamily...]
Compiling architecture struct_all of entity cordic_v6_0_16.delay [\delay(delay_len=0,family="artix...]
Compiling architecture rtl of entity c_addsub_v12_0_14.c_addsub_v12_0_14_lut6_legacy [\c_addsub_v12_0_14_lut6_legacy(c...]
Compiling architecture synth of entity c_addsub_v12_0_14.c_addsub_v12_0_14_fabric_legacy [\c_addsub_v12_0_14_fabric_legacy...]
Compiling architecture synth of entity c_addsub_v12_0_14.c_addsub_v12_0_14_legacy [\c_addsub_v12_0_14_legacy(c_fami...]
Compiling architecture synth of entity c_addsub_v12_0_14.c_addsub_v12_0_14_viv [\c_addsub_v12_0_14_viv(c_xdevice...]
Compiling architecture synth of entity cordic_v6_0_16.addsub [\addsub(family="artix7",add_mode...]
Compiling architecture struct_all of entity cordic_v6_0_16.delay [\delay(delay_len=0,family="artix...]
Compiling architecture struct_all of entity cordic_v6_0_16.delay [\delay(delay_len=7,family="artix...]
Compiling architecture synth of entity cordic_v6_0_16.cordic_sqrt_mod [\cordic_sqrt_mod(p_xdevicefamily...]
Compiling architecture struct_all of entity cordic_v6_0_16.delay [\delay(delay_len=0,family="artix...]
Compiling architecture rtl of entity c_addsub_v12_0_14.c_addsub_v12_0_14_lut6_legacy [\c_addsub_v12_0_14_lut6_legacy(c...]
Compiling architecture synth of entity c_addsub_v12_0_14.c_addsub_v12_0_14_fabric_legacy [\c_addsub_v12_0_14_fabric_legacy...]
Compiling architecture synth of entity c_addsub_v12_0_14.c_addsub_v12_0_14_legacy [\c_addsub_v12_0_14_legacy(c_fami...]
Compiling architecture synth of entity c_addsub_v12_0_14.c_addsub_v12_0_14_viv [\c_addsub_v12_0_14_viv(c_xdevice...]
Compiling architecture synth of entity cordic_v6_0_16.addsub [\addsub(family="artix7",add_mode...]
Compiling architecture struct_all of entity cordic_v6_0_16.delay [\delay(delay_len=0,family="artix...]
Compiling architecture synth of entity cordic_v6_0_16.cordic_sqrt_mod [\cordic_sqrt_mod(p_xdevicefamily...]
Compiling architecture struct_all of entity cordic_v6_0_16.delay [\delay(delay_len=1,family="artix...]
Compiling architecture rtl of entity c_addsub_v12_0_14.c_addsub_v12_0_14_lut6_legacy [\c_addsub_v12_0_14_lut6_legacy(c...]
Compiling architecture synth of entity c_addsub_v12_0_14.c_addsub_v12_0_14_fabric_legacy [\c_addsub_v12_0_14_fabric_legacy...]
Compiling architecture synth of entity c_addsub_v12_0_14.c_addsub_v12_0_14_legacy [\c_addsub_v12_0_14_legacy(c_fami...]
Compiling architecture synth of entity c_addsub_v12_0_14.c_addsub_v12_0_14_viv [\c_addsub_v12_0_14_viv(c_xdevice...]
Compiling architecture synth of entity cordic_v6_0_16.addsub [\addsub(family="artix7",add_mode...]
Compiling architecture struct_all of entity cordic_v6_0_16.delay [\delay(delay_len=1,family="artix...]
Compiling architecture synth of entity cordic_v6_0_16.cordic_sqrt_mod [\cordic_sqrt_mod(p_xdevicefamily...]
Compiling architecture struct_all of entity cordic_v6_0_16.delay [\delay(delay_len=1,family="artix...]
Compiling architecture rtl of entity c_addsub_v12_0_14.c_addsub_v12_0_14_lut6_legacy [\c_addsub_v12_0_14_lut6_legacy(c...]
Compiling architecture synth of entity c_addsub_v12_0_14.c_addsub_v12_0_14_fabric_legacy [\c_addsub_v12_0_14_fabric_legacy...]
Compiling architecture synth of entity c_addsub_v12_0_14.c_addsub_v12_0_14_legacy [\c_addsub_v12_0_14_legacy(c_fami...]
Compiling architecture synth of entity c_addsub_v12_0_14.c_addsub_v12_0_14_viv [\c_addsub_v12_0_14_viv(c_xdevice...]
Compiling architecture synth of entity cordic_v6_0_16.addsub [\addsub(family="artix7",add_mode...]
Compiling architecture struct_all of entity cordic_v6_0_16.delay [\delay(delay_len=1,family="artix...]
Compiling architecture struct_all of entity cordic_v6_0_16.delay [\delay(delay_len=0,family="artix...]
Compiling architecture synth of entity cordic_v6_0_16.cordic_sqrt_mod [\cordic_sqrt_mod(p_xdevicefamily...]
Compiling architecture structural of entity c_reg_fd_v12_0_6.c_reg_fd_v12_0_6_viv [\c_reg_fd_v12_0_6_viv(c_width=19...]
Compiling architecture rtl of entity c_addsub_v12_0_14.c_addsub_v12_0_14_lut6_legacy [\c_addsub_v12_0_14_lut6_legacy(c...]
Compiling architecture synth of entity c_addsub_v12_0_14.c_addsub_v12_0_14_fabric_legacy [\c_addsub_v12_0_14_fabric_legacy...]
Compiling architecture synth of entity c_addsub_v12_0_14.c_addsub_v12_0_14_legacy [\c_addsub_v12_0_14_legacy(c_fami...]
Compiling architecture synth of entity c_addsub_v12_0_14.c_addsub_v12_0_14_viv [\c_addsub_v12_0_14_viv(c_xdevice...]
Compiling architecture synth of entity cordic_v6_0_16.addsub [\addsub(family="artix7",add_mode...]
Compiling architecture rtl of entity c_addsub_v12_0_14.c_addsub_v12_0_14_lut6_legacy [\c_addsub_v12_0_14_lut6_legacy(c...]
Compiling architecture synth of entity c_addsub_v12_0_14.c_addsub_v12_0_14_fabric_legacy [\c_addsub_v12_0_14_fabric_legacy...]
Compiling architecture synth of entity c_addsub_v12_0_14.c_addsub_v12_0_14_legacy [\c_addsub_v12_0_14_legacy(c_fami...]
Compiling architecture synth of entity c_addsub_v12_0_14.c_addsub_v12_0_14_viv [\c_addsub_v12_0_14_viv(c_xdevice...]
Compiling architecture synth of entity cordic_v6_0_16.addsub [\addsub(family="artix7",add_mode...]
Compiling architecture struct_all of entity cordic_v6_0_16.delay [\delay(delay_len=0,family="artix...]
Compiling architecture struct_all of entity cordic_v6_0_16.delay [\delay(delay_len=8,family="artix...]
Compiling architecture synth of entity cordic_v6_0_16.cordic_sqrt_mod [\cordic_sqrt_mod(p_xdevicefamily...]
Compiling architecture struct_all of entity cordic_v6_0_16.delay [\delay(delay_len=0,family="artix...]
Compiling architecture struct_all of entity cordic_v6_0_16.delay_bit [\delay_bit(delay_len=0,family="a...]
Compiling architecture struct_all of entity cordic_v6_0_16.delay_bit [\delay_bit(delay_len=8,family="a...]
Compiling architecture synth of entity cordic_v6_0_16.cordic_sqrt [\cordic_sqrt(p_xdevicefamily="ar...]
Compiling architecture synth of entity cordic_v6_0_16.cordic_v6_0_16_synth [\cordic_v6_0_16_synth(c_architec...]
Compiling architecture synth of entity cordic_v6_0_16.cordic_v6_0_16_viv [\cordic_v6_0_16_viv(c_architectu...]
Compiling architecture xilinx of entity cordic_v6_0_16.cordic_v6_0_16 [\cordic_v6_0_16(c_architecture=2...]
Compiling architecture cordic_0_arch of entity xil_defaultlib.cordic_0 [cordic_0_default]
Compiling module xil_defaultlib.data_modulus
Compiling module xil_defaultlib.ram_wr_ctrl
Compiling module blk_mem_gen_v8_4_4.blk_mem_gen_v8_4_4_output_stage(...
Compiling module blk_mem_gen_v8_4_4.blk_mem_gen_v8_4_4_softecc_outpu...
Compiling module blk_mem_gen_v8_4_4.blk_mem_gen_v8_4_4_mem_module(C_...
Compiling module blk_mem_gen_v8_4_4.blk_mem_gen_v8_4_4(C_FAMILY="art...
Compiling module xil_defaultlib.ram_4096x16
Compiling module xil_defaultlib.wave_freq
Compiling module xil_defaultlib.top
Compiling module xil_defaultlib.top_tb
Compiling module xil_defaultlib.glbl
Built simulation snapshot top_tb_behav
run_program: Time (s): cpu = 00:00:03 ; elapsed = 00:00:54 . Memory (MB): peak = 2697.137 ; gain = 0.000
INFO: [USF-XSim-69] 'elaborate' step finished in '55' seconds
INFO: [USF-XSim-4] XSim::Simulate design
INFO: [USF-XSim-61] Executing 'SIMULATE' step in 'C:/Users/sb/Desktop/git/jnu2023h/jnu2023h.sim/sim_1/behav/xsim'
INFO: [USF-XSim-98] *** Running xsim
   with args "top_tb_behav -key {Behavioral:sim_1:Functional:top_tb} -tclbatch {top_tb.tcl} -log {simulate.log}"
INFO: [USF-XSim-8] Loading simulator feature
Vivado Simulator 2020.2
Time resolution is 1 ps
source top_tb.tcl
# set curr_wave [current_wave_config]
# if { [string length $curr_wave] == 0 } {
#   if { [llength [get_objects]] > 0} {
#     add_wave /
#     set_property needs_save false [current_wave_config]
#   } else {
#      send_msg_id Add_Wave-1 WARNING "No top level signals found. Simulator will start without a wave window. If you want to open a wave window go to 'File->New Waveform Configuration' or type 'create_wave_config' in the TCL console."
#   }
# }
# run 1000ns
 Block Memory Generator module loading initial data...
 Block Memory Generator data initialization complete.
Block Memory Generator module top_tb.u_dds.u_rom_1000x8b1.inst.\native_mem_module.blk_mem_gen_v8_4_4_inst  is using a behavioral model for simulation which will not precisely model memory collision behavior.
 Block Memory Generator module loading initial data...
 Block Memory Generator data initialization complete.
Block Memory Generator module top_tb.u_dds.u_rom_1000x8b2.inst.\native_mem_module.blk_mem_gen_v8_4_4_inst  is using a behavioral model for simulation which will not precisely model memory collision behavior.
Block Memory Generator module top_tb.u_top.u_ram_4096x16.inst.\native_mem_module.blk_mem_gen_v8_4_4_inst  is using a behavioral model for simulation which will not precisely model memory collision behavior.
 Block Memory Generator module loading initial data...
 Block Memory Generator data initialization complete.
Block Memory Generator module top_tb.u_top.u_dds.u_rom_1000x8b1.inst.\native_mem_module.blk_mem_gen_v8_4_4_inst  is using a behavioral model for simulation which will not precisely model memory collision behavior.
 Block Memory Generator module loading initial data...
 Block Memory Generator data initialization complete.
Block Memory Generator module top_tb.u_top.u_dds.u_rom_1000x8b2.inst.\native_mem_module.blk_mem_gen_v8_4_4_inst  is using a behavioral model for simulation which will not precisely model memory collision behavior.
INFO: [USF-XSim-96] XSim completed. Design snapshot 'top_tb_behav' loaded.
INFO: [USF-XSim-97] XSim simulation ran for 1000ns
launch_simulation: Time (s): cpu = 00:00:07 ; elapsed = 00:01:01 . Memory (MB): peak = 2697.137 ; gain = 0.000
run 10 ms
run: Time (s): cpu = 00:00:02 ; elapsed = 00:00:06 . Memory (MB): peak = 2697.137 ; gain = 0.000
close_sim
INFO: [Simtcl 6-16] Simulation closed
exit
INFO: [Common 17-206] Exiting Vivado at Wed May 21 00:15:55 2025...
